,g0,g1,g2,g3,g4,g5,g6,g7,g8,g9,g10,g11,g12
ttr-50,-0.561781549621287,2.03679728566289,-0.62318082294678,-0.628753524133985,-0.616308299309912,-0.629274543156004,-0.628467743821013,1.70417239964523,0.965266146715418,-0.623261982126241,-0.615349903445075,-0.580614705238502,0.800757241775267
atp-6,0.448194097116102,-0.129713436688184,-0.81250295475307,0.587940672591702,-0.15284293457365,0.409190395897222,-0.575145812618748,-0.765805490750915,0.406600000449791,-1.0759399688138,-0.0375901736252272,2.70663986216978,-1.00902425640101
ZK675.4,-0.180159907148787,-0.28758812638245,-0.286969925896788,-0.287425147736849,-0.288005996301873,-0.288249428403381,-0.288209953791275,-0.288290845192559,-0.281259036078115,-0.277146197755402,3.32675716701315,-0.285161757133108,-0.288290845192559
ctc-2,0.256136614282796,-0.0953177027841259,-0.561308661145969,0.45924810585575,-0.256625529807535,0.401564188263362,-0.695364306104748,-0.731223036736901,0.390717834671018,-0.999388594963621,0.217213173353775,2.76323173773414,-1.14888382261794
nduo-6,0.122273791019644,0.0378867118428015,-0.604226824791683,0.3368253305423,-0.234460571993232,0.456727386710734,-0.767369484659477,-0.730638675252439,0.525467253748153,-0.83131866928901,0.150182121634393,2.76247987832086,-1.22382824783305
ctc-3,0.0985469811263871,0.25860244493301,-0.691944766298943,0.24344381724519,-0.258894353679976,0.334348428188298,-0.945737230800857,-0.64968952453178,0.94780103273748,-1.0063136864287,0.204375436008322,2.58522609933659,-1.11976467783502
C29G2.3,-0.287450636054419,-0.288778317230734,-0.289000454871542,-0.288810188271559,-0.288240742578397,-0.288362610580182,-0.21912227132989,-0.289000454871542,-0.266909113158021,-0.267755087720942,3.32754208223321,-0.265111750694436,-0.289000454871542
clec-266,-0.593955357688141,1.42307256167418,-0.508805312065135,-0.616330825784354,-0.614357217055671,-0.617356662695273,-0.616227531965417,1.68132485399237,0.300766219394966,-0.61776757856237,-0.597518059343476,-0.584367664675394,1.96152257477372
acdh-1,-0.605246103731658,0.741932821447221,-1.29068543883824,-0.349611296329282,-0.599208481891908,-0.0146854334324353,-0.241437984174225,1.90477770177718,-0.283368912915717,0.504767309082104,-1.06808785252666,-0.559401508772125,1.86025518030574
C39B10.7,-0.532625152912314,0.0962280782468063,1.2656555679118,-0.623485484342884,-0.585676209487193,-0.671695868528119,-0.578854453440803,1.23577486304502,-0.127507122330033,-0.684016003455682,-0.682398065999417,-0.526553688118514,2.41515353941134
hil-7,-0.398574065351614,-0.401566891464432,2.62296432849925,-0.434953558719775,-0.391882395564627,-0.402963477311496,-0.43354388614127,-0.392349532985667,-0.38414992866946,-0.420501237598992,1.82222436886713,-0.400487282643022,-0.384216440916018
hsp-16.41,-0.189729772150283,2.02458857682643,-0.178665309040818,-0.822224976717599,-0.554110425187035,-0.861664403669513,-0.69279439319402,1.84907439676253,0.78174643650097,-0.846710293185673,-0.590801015356122,-0.473226291780756,0.554517470191883
asp-1,0.144515259941003,-0.947939127672754,-0.930788455141174,1.50443618070214,-0.172351349429272,1.16790456162994,1.36591182667075,-0.95188254227964,-0.865256711677888,1.33511443672916,-0.57700564940317,-0.120458727339757,-0.952199702729336
cpz-1,-0.547552767948282,1.95493626166417,-0.601158353974713,-0.62100727263443,-0.598314781064646,-0.623381089705309,-0.620863182458509,1.90906938657992,0.400472370150888,-0.601303222722395,-0.607180525929209,-0.531002972385323,1.08728615042784
lec-9,-0.0853632707065954,-0.98226112829487,-0.959464228614794,0.151752011350524,0.0321868263536488,1.23486684176213,1.48525789650127,-0.991828038152794,-0.910683562962583,1.84251904006922,0.357815307197418,-0.183479082063751,-0.991318612438815
ctc-1,0.0687645718165432,-0.470068664618958,-0.74815549942264,0.543954161883813,-0.232869808467492,0.502313396108639,-0.714600346814985,-0.859410913216509,0.635731751610718,-0.797577304011035,0.411303407733091,2.67077221512605,-1.01015696772723
hsp-16.2,-0.227223477896061,2.07239804684845,0.205230374610568,-0.877857083307698,-0.536613251683558,-0.923694595022212,-0.631789567065052,1.72394165990139,0.539409351318092,-0.938709517333534,-0.450322297621791,-0.667505752812376,0.71273611006378
nlp-31,-0.394049595281602,-0.120926316689555,-0.377200853497425,-0.396969336181872,-0.395820507844287,-0.397049836177785,-0.395428043795445,0.809181732793476,-0.280996645558065,-0.397049836177785,-0.395735238247032,-0.397049836177785,3.13909431283516
F44E5.4,-0.500030003725913,0.671628728262056,2.82243409861983,-0.685399338355218,-0.4175517416888,-0.653400013885166,-0.465048646325102,0.287660166945012,-0.219151797787392,-0.806532045257051,0.773009000619358,-0.816417123476972,0.00879871605535927
Y119D3B.21,-0.476305496400787,-0.700767078331677,-0.681378269356969,-0.142435414735973,0.634767207850395,1.64799760947579,-0.305775416864318,-0.708244274872806,-0.519013973947586,2.45563051407912,-0.526797924454201,0.0332661701356987,-0.710943652576693
clec-196,-0.47579589562472,0.462346018431236,-0.459599949744384,-0.478879879907727,-0.476045659976999,-0.47793509900841,-0.478313934381328,1.30930131479531,-0.304146739592819,-0.479723101100011,-0.479089407047814,-0.479723101100011,2.81760543425768
D2092.8,-0.297304992447325,-0.297570720011281,-0.133299757792436,-0.297233030221646,-0.296112476331482,-0.296542299672217,-0.296284512692977,-0.297570720011281,-0.282061384304445,-0.254037306515617,3.32481331729448,-0.297570720011281,-0.279225397282497
cpl-1,-0.257836938324704,2.4359561115507,-0.595965324024412,-0.687518774626326,-0.541329108886885,-0.691615814389075,-0.691414134973575,1.1485112294993,1.19868415142545,-0.695021454323379,-0.621629252356438,-0.385740225233837,0.384919534663179
npa-1,0.994315879434612,-1.03182284136718,-1.19704516321096,1.5973997339945,0.592333649435193,1.34950137820647,0.151300753661635,-1.14037710946872,-0.516924938582534,0.479752743413405,-0.660958763965183,0.510356677547333,-1.12783199909857
ftn-2,-0.552030535537275,0.497223117632996,-0.669132682507338,-0.458354597629661,-0.580687344076681,-0.375709047260707,-0.464887558135537,1.35959870758049,0.134428159442772,-0.512295550832527,-0.558247772017792,-0.534553051832709,2.71464815517397
F46E10.2,-0.4188192393874,1.15853635525707,-0.59385712548903,-0.59666917808219,-0.562488048994898,-0.598493290385548,-0.58829090668704,1.31093368215363,0.0288744864643896,-0.598671130629671,-0.575977493378376,-0.444222802323221,2.47914469148228
pie-1,-0.233636190705807,0.302948222697634,-0.557827010803532,-0.43692551210809,-0.326340315423428,-0.536802033264023,-0.363211509334078,0.0196333856673193,3.19376002070731,-0.604243767087425,-0.502167167454219,0.0781267459109818,-0.0333148688026468
C15H9.11,-0.301850126146707,-0.301384057029015,-0.301850126146707,-0.300353960926744,-0.258161361178473,-0.210225435809302,-0.301850126146707,-0.301415575013767,-0.292959278787068,-0.268180703207239,3.32574653531055,-0.185665658772119,-0.301850126146707
sdz-27,-0.262561687909638,-0.254456115200308,3.32806753828452,-0.28233770918934,-0.281084746393245,-0.282454262002314,-0.282674156047848,-0.281412376002357,-0.282674156047848,-0.282674156047848,-0.282674156047848,-0.273015173352224,-0.280048844043703
hsp-16.11,-0.180578689861778,2.08640324070667,1.20539386925073,-1.19862755716868,-0.143828945488269,-0.985927612542077,-0.29891908333488,1.02326906043075,0.217111861706615,-1.1245066937635,-0.165113202942695,-0.979595064267326,0.544918817274438
rps-25,0.904882894377778,-0.344061566886511,-0.97267904073707,0.812969967620779,1.22495630691604,0.691929876099866,1.14297998597242,-0.503667776051061,-0.982358760566904,1.14103459447715,-1.51611199723851,-0.611481589152007,-0.988392894831967
rpl-41.2,0.469001960620029,-0.0659749660362355,-0.562458421121684,0.21523754055552,0.989753155606799,0.180971931272893,0.322331204625345,-0.20579338355988,-1.09605883190068,2.48046105513398,-1.34767741331489,-0.432792471531496,-0.947001360349702
rbm-3.2,-0.091925497116998,1.5199256504861,-0.253337994099524,-0.609949957571862,0.00389479510392491,-0.806081853464748,-0.463638204998839,1.67211781187252,-0.240814142465037,-0.694495383311255,-0.960598195610992,-0.896527581402611,1.82143055257933
dao-2,-0.580305862103799,1.06559351473081,-0.566551284053684,-0.588437381079003,-0.587899211966226,-0.586335597357115,-0.587254889519501,2.06752408554331,0.274123091610996,-0.588571259638249,-0.587590036418688,-0.588571259638249,1.85427608988941
asp-3,-0.071674690341762,-0.88642320942442,-0.865261918134376,1.39111685280104,0.835799666408665,1.5457181129725,-0.291852689487253,-0.887362711024439,-0.730531812491406,1.64733318014479,-0.723923873222326,-0.0754122063079077,-0.887524701893103
C08E3.1,-0.316015971019884,-0.366997990452719,-0.366997990452719,-0.310395642080341,-0.346224341521292,-0.351654811507476,3.2564165404661,-0.366348576452252,-0.357230161431222,-0.337640998628032,0.388751717693688,-0.159104914205672,-0.36655686040818
rps-9,0.799146520184874,-0.35916014845708,-1.20796330078258,0.734748747593589,1.10363488454707,0.529952386905855,0.857035758657755,-0.699660907536336,-0.575439482234283,1.64042460403042,-1.45507347017412,-0.216996766411669,-1.1506488263235
rpl-37,0.985106117917419,-0.283616773898025,-1.42832474410986,0.833204571817957,1.19648597873132,0.694542592742716,1.20903289066991,-0.571675147264502,-0.571441859057669,0.923048003477681,-1.47997398205613,-0.687024962253511,-0.819362686717309
F13B6.3,-0.291980623916349,-0.295150088383988,-0.295503630275024,-0.295503630275024,-0.294732748172301,-0.295503630275024,-0.192849979843602,-0.295503630275024,-0.295503630275024,-0.237764482061157,3.32641948219649,-0.240919778168953,-0.295503630275024
K10D3.4,-0.345092029027436,-0.340815674372188,0.415459051009429,-0.345740611264298,-0.276923242320191,-0.343815551253851,-0.339773327033009,-0.344432905978184,-0.308376040102351,-0.345740611264298,3.2554030218363,-0.334918265981501,-0.345233814248426
nduo-4,0.487385065975341,0.0842770853368403,-0.69880411973137,0.320486832450214,-0.0563457097575057,-0.00535441197955882,-0.862176983282899,-0.722552079573124,0.541519925052656,-0.860812915972571,-0.0551646385138044,2.80961371155545,-0.982071761559664
rpl-39,0.98046119435471,-0.383797629144219,-1.16741843467315,0.927810232500603,1.20190745029288,0.678372224028672,1.08762455115705,-0.578667080063053,-0.967737853323077,1.13636827880488,-1.32073547664349,-0.763657159873212,-0.830530297418588
lec-8,-0.315840153371274,-0.324451383775455,-0.320628352386614,-0.321409976077931,-0.233467794113357,-0.152733704925505,-0.312251334168506,-0.325702258675931,-0.31463920332243,-0.286117303700541,3.31860967502198,-0.0856659518284987,-0.325702258675931
dct-18,2.35116687630784,0.0556553034705245,-1.2970391076491,0.895314942345366,0.434910117241435,-0.972006825542886,0.864827031311974,-0.212126292625569,-0.231824407442127,-0.866616963874676,-1.00975395012701,0.335580889263869,-0.348087612679637
rpl-38,0.883170459825989,-0.453534638367155,-1.03208221747593,0.772811912310622,1.18056950221571,0.524445638847244,0.99518093309292,-0.548240089822373,-0.836048927403054,1.40828143030769,-1.6026994866996,-0.254251139060573,-1.03760337777148
ant-1.1,-0.212758832308782,-1.0850711594058,-0.495122616337501,0.852620996310841,-0.307356336973325,1.11239178387044,1.88301057051391,-0.922130898343911,-1.16185365472224,1.45684721968568,-0.47579308694388,-0.0302039566978432,-0.614580028647595
rla-0,0.57822966227389,-0.554136156932435,-1.17670961333632,0.608053171014337,0.971966873455085,0.658350724213094,0.899407055280342,-0.673584535434748,-0.592863743866893,1.80344628634367,-1.48106891385245,0.0380281613739359,-1.07911897053152
lbp-1,-0.588094652540255,0.129428332904786,0.497247135626574,-0.608811495168292,-0.604572234071461,-0.609635538110907,-0.607637736887671,1.10998829336055,0.352867233055206,-0.610791611321908,-0.605132183127369,-0.588216308172125,2.73336076445288
nep-17,-0.274067562181623,-0.831240427089148,-0.835287790711574,1.28814346948572,1.30071610759801,1.93986890647518,-0.322091272493024,-0.835871184682394,-0.766987008167592,0.970672725695625,-0.590084525447793,-0.20873553626588,-0.835035902215512
rps-27,0.927919860976377,-0.388581540035147,-0.985785873287376,0.847509391719684,1.2181010908646,0.888262186781785,1.45316474080972,-0.443388428307015,-0.741957138800709,0.504820740031697,-1.55534770380331,-0.811928836232703,-0.912788490717604
ctb-1,0.454798337005258,-0.22326162109047,-0.699475696426542,0.465999363178714,-0.290742404429306,0.329555628172751,-0.66076168315034,-0.758090102896869,0.508222022224777,-0.686041595463069,-0.0889698842195115,2.79115410324814,-1.14238646615352
rps-14,0.933594847293722,-0.443828254293179,-0.842685096433228,0.742256853071191,1.32774253309621,0.585566605618087,1.04897225428845,-0.642366247424904,-0.877896580556823,1.31894886103553,-1.34095929779208,-0.674216753747629,-1.13512972415535
enpl-1,-0.319815910462327,0.139725219550984,1.07771534694399,-0.115882734302303,-0.320467451550042,-0.461493647109646,-0.635697260764408,-0.110615719023094,-0.194308393059097,-0.854863640170734,2.90959836961367,-0.798382859469015,-0.315511320197978
Y37E3.8,1.0738858350597,-0.35771113858415,-1.23202392797643,0.849948475132641,1.50109711686526,0.650252163525814,1.18350885334775,-0.56259302081623,-0.606608490323321,0.334114482372212,-1.52527056416518,-0.194452797000561,-1.1141469874375
C26F1.1,-0.199894702472025,0.279937250114576,-0.66066635875893,-0.437280951044197,-0.192600047457675,-0.560222102851682,-0.551115087292196,1.40934745318718,-0.280016861578086,-0.645646617375192,-0.635171945728988,-0.289057456172759,2.76238742742997
ctsa-1.2,-0.645971307837081,-0.655469119175881,-0.631924184940343,0.207332820588717,1.27043676850223,2.16821430351718,-0.65995291923859,-0.661291316797742,-0.590255688012225,1.57469967560975,-0.385605040853815,-0.32818582902314,-0.662028162339061
rps-11,0.861081626163266,-0.418076628148854,-1.00934284210376,0.645293213720707,1.19947451377938,0.56634466113966,1.14410870121491,-0.618459432552849,-0.652850156716167,1.40648063334788,-1.48576598836475,-0.470062543868133,-1.16822575761129
rps-8,0.964410505771932,-0.498100279462367,-1.0825968560868,0.74314976432353,1.39190938912655,0.63902673456821,1.10421718425083,-0.641655018853562,-1.10870503402364,1.01087183564145,-1.31449709965405,-0.150101281843926,-1.05792984375817
rpl-29,0.771048471933372,-0.406913761893713,-1.46813614077845,0.898877735662109,1.19965571759761,0.551081518271253,0.904863570884297,-0.699964883953375,-0.45052028728078,1.36751513810405,-1.46550871448774,-0.225682699896514,-0.976315664162118
rpl-13,0.873276142663899,-0.383638977794006,-1.20877614883651,0.772065609987291,1.13081184258636,0.551278068800346,0.928569997556538,-0.661444263282866,-0.714324308805334,1.44921616546881,-1.53982197157066,-0.123004221639729,-1.07420793513414
eef-1A.1,0.424153220084567,0.42445800045294,-2.05097782244055,0.144388572993009,1.00156518609269,-0.198370107081882,0.201667391546075,0.591151643714344,-0.516210676277297,0.942961923745041,-2.04549174258602,0.37255812277748,0.708146286979605
rpl-32,0.824047944134037,-0.326350887162088,-1.18123844891755,0.750707760785027,1.29379344654631,0.657114060526211,0.998261780118373,-0.71844025887062,-0.396425747563524,1.3008967205541,-1.29190442910055,-0.571997887450555,-1.33846405359917
rps-7,1.00348316373019,-0.393108366616294,-1.24292681045827,0.807719888983172,1.36611395680488,0.656900113961391,1.10005109502916,-0.602635811300097,-0.742105457382542,0.652651620729018,-1.59461507986783,0.102131712597406,-1.11366002621019
rpl-17,0.818226830977405,-0.379513274032286,-1.06061661064872,0.623624571390564,1.13346212632046,0.514191411795591,0.973119153449458,-0.46174625520795,-0.448379866359915,1.50273037905116,-1.71371112010544,-0.281530186811844,-1.21985715981848
rps-28,0.807278912296449,-0.190836355702698,-1.05617337429361,0.915327765457682,1.19418830402247,0.557361770461107,1.07482866807783,-0.48013354714131,-0.889954807718307,1.26662978982863,-1.59360874997827,-0.724327649169553,-0.88058072614041
act-5,0.123280667347044,-1.02450369896528,-1.22178416130027,0.312221422500141,0.29376421253998,1.07936051874032,0.737356160018402,-1.0813365115688,-0.428383702873007,1.91647518524408,-0.556017395953041,0.974496927111073,-1.12492962284065
rpl-11.2,0.757875820945454,-0.3065771323252,-0.971333055601083,0.645176856192677,1.03049697540718,0.396687710600953,0.837134509249547,-0.636274461335222,-0.86935836916475,1.90276812129183,-1.40859409241429,-0.278468068048541,-1.09953481479854
R11A5.3,-0.519543652540697,2.20421031045868,-0.171739966654925,-0.576631595960869,-0.571004692902786,-0.53557720615094,-0.555329058963501,2.06139012606594,-0.156511437694393,-0.59134675017897,-0.580473383490698,-0.563971251517233,0.556528559530394
rpl-35,0.660757290910858,-0.31520227133619,-0.785191017533039,0.601975569049236,1.10053059065609,0.478965784240846,0.947659733748222,-0.445511287638519,-0.989967528854826,1.86578701809413,-1.3885767304644,-0.692240042767698,-1.03898710810472
rps-23,0.924669957959348,-0.384123394158752,-0.860536548045047,0.927462383828038,1.39108790560621,0.573054240502306,0.964710280994722,-0.558929716913981,-0.808910984584018,1.098389332884,-1.55015996076712,-0.581955448794468,-1.13475804851123
rpl-12,0.64039209184155,0.544909373749894,-0.661003297221708,-0.00601696409006214,1.05441139904343,-0.0616501394981126,0.654772425491988,0.656840813054611,-1.07967659924424,1.32727857640383,-2.319894592968,-0.755612862735614,0.00524977617243202
rpl-36,0.876585687831018,-0.486902573578901,-1.05530129028271,1.00745489175089,1.26111254044567,0.652638192104472,0.971632309843936,-0.743377339932871,-0.967537290530603,0.97254604529247,-1.39228681475116,0.134071501148178,-1.23063585934039
rpl-10,0.879342594878396,-0.40912248354312,-1.20256818064932,0.892056971490268,1.31979090244794,0.517201288748782,0.916233812350643,-0.772370644523194,-0.4980714717019,1.17676479064607,-1.46980422365866,-0.0966409085962865,-1.25281244788961
hic-1,-0.296227363888642,-0.295984757363007,-0.296227363888642,-0.295720732442005,-0.254022106561329,-0.263460139543229,-0.294005953108772,-0.296227363888642,-0.296227363888642,-0.296227363888642,3.32522651452098,-0.144668642170783,-0.296227363888642
rpl-43,0.928412545886756,-0.516497272915833,-1.11791045861463,0.847616785230438,1.25786712326016,0.513824023886665,1.2986197214753,-0.507644136976689,-0.720849131890029,0.99782636606833,-1.55159970585504,-0.424981833914177,-1.00468402564125
ifp-1,0.258786782581878,-0.830839227945429,-0.854456909566632,0.385955607907475,-0.170116001370461,0.383857788221218,0.151235052478186,-0.871740806894724,-0.582000291293944,0.804927241314627,-0.524504980472727,2.71799763353205,-0.869101888491521
rps-29,0.9178769352704,-0.118000111508943,-1.57760345944241,0.461016655504604,1.32577579532947,0.278490340970507,1.15156978477388,-0.296333345676733,-0.494901426642654,1.26772886310375,-1.53266763725411,-0.558000578328633,-0.824951816099138
rps-18,0.827473749573212,-0.316454006776962,-0.969456111545421,0.599850450810237,1.1402355537332,0.522906759520971,1.13270706553423,-0.524914441437552,-1.05655494680932,1.42801583128395,-1.64089881835005,-0.195862745504584,-0.947048340031917
Y37D8A.16,0.511785573241468,-0.854826521145747,-0.727841187569802,0.246919178703327,0.515644962951974,0.244956398779898,-0.00221059548506371,-0.958924750988916,-0.623690175816599,-0.375488140420443,2.77553214915848,0.196341795581495,-0.948198686990074
crt-1,0.858471114594856,-0.443977084193615,-2.07682591805682,1.43821540063977,0.715638166673494,0.411510417745511,-0.583007371290171,0.352006628359672,-0.943094760494302,-0.728903575528121,-0.560306747013695,0.238353542184511,1.32192018637892
rps-26,0.988377152586602,-0.323561489372367,-1.0657790303471,0.693428077270829,1.2683300443333,0.584436963181796,1.30095685790796,-0.415780960423209,-0.883926624190851,0.872688976708046,-1.64072247618899,-0.30117761817367,-1.07726987329233
rps-19,0.774983910193393,-0.344456041665955,-0.830048099982832,0.72452686191547,1.12566746608441,0.545518681796359,1.02321470966696,-0.565518634403092,-1.29393683423554,1.48706790529234,-1.42903725875931,-0.126393390575749,-1.09158927532644
dod-6,-0.282791927172034,-0.120689110049536,3.31994148890686,-0.330792229938103,-0.305201076204931,-0.347233909583464,-0.333051606344355,-0.275848433466859,-0.215701569705477,-0.348780009531955,-0.34462228456084,-0.199065414358615,-0.216163917990695
rpl-7A,0.571331672947697,0.0850824295810751,-0.895603590767804,0.303548252033961,1.22710798350979,-0.00920979272291316,0.439457082962353,0.00168133938999847,-0.280908187741621,1.73849763989099,-2.04619478209856,0.187925710669071,-1.32271575765403
cpr-6,0.117263435406588,1.93524622958671,-1.02013058389966,-0.745979040118992,0.206650847617132,-0.600791006739635,-0.875322261767459,0.900195815053574,1.87738775611184,-0.686035265996321,-0.770140019715557,-0.264410572024738,-0.0739353335134918
rps-5,0.725274279775067,-0.404247682527793,-1.06692194082553,0.688909505857337,1.14981552346259,0.550930609103215,0.893687860150211,-0.639198302971143,-0.958937564412798,1.65460299699926,-1.32128737801305,-0.0653822588263882,-1.20724564777097
F01G10.6,-0.295383356124444,-0.29707838571524,-0.29707838571524,-0.29707838571524,-0.24223306842505,-0.246218489512021,-0.292866325012156,-0.29707838571524,-0.29707838571524,-0.252755873575644,3.32686920136735,-0.214941774426599,-0.29707838571524
rpl-36.A,0.888167793958684,-0.407839309588305,-1.2569795829231,0.843214697739228,1.36738909197016,0.683908559019736,1.02988928798254,-0.735642045504424,-0.713316875199836,1.12994499518915,-1.21098590127482,-0.452610589917641,-1.16514012145137
rpl-24.1,0.676245889826993,-0.338077005741377,-1.17199170425481,0.729359463282031,1.17221070128161,0.419056119568615,0.833422631791825,-0.725178270461566,-0.559211219598928,1.56786371291196,-1.61560748990986,0.170572948736924,-1.15866577743342
rmd-2,-0.454085152399075,0.0155946431218019,-0.284767214794678,-0.42095494847776,-0.439127995248944,-0.281369828409361,-0.40491696727974,0.381458975244371,-0.256553188220875,-0.308529503431425,-0.332640416192401,-0.451172058484533,3.23706365457262
rpl-6,0.72941410300327,-0.470065854317337,-1.14543683113731,0.779623633177672,1.03585762673469,0.624282992645399,1.00917609848432,-0.789049284805257,-1.02651730717536,1.35646876505266,-1.33944410264197,0.40634004065961,-1.17064987968039
rpl-16,0.762704506651551,-0.601894331788617,-0.987981343713748,0.71293288527367,1.20475090347014,0.606313120607559,0.842116925813848,-0.768810695512156,-0.732985968418346,1.63382570814396,-1.34968033182221,-0.13569038352429,-1.18560099518137
rps-24,0.708366979472124,-0.487086047967664,-1.02082139065055,0.623641727166061,1.21192511262725,0.457118402971474,0.818279137773865,-0.628289367203818,-0.733351839364382,1.68195443497973,-1.46231453082625,0.0857348255532912,-1.25515744453113
rpl-15,0.544628391124623,-0.454634541557613,-1.00902792136282,0.605728045083796,0.931209689380554,0.288791575661947,0.606525172193181,-0.661150625683675,-0.641278487147777,1.87154746362174,-1.54290833541461,0.709088090591214,-1.24851851649056
nspg-10,1.34268060072813,-0.784687377418787,-0.773794703766483,0.967466977466357,-0.235232705101329,-0.526278802188874,2.39800657471011,-0.78175004534063,-0.744897669374382,-0.195156371500928,-0.200730017770725,0.319996127339887,-0.785622587782346
rpl-2,0.80431935654834,-0.443343473252879,-1.11759541935337,0.890942782127394,1.06877737917102,0.484584017838148,0.789065687225586,-0.71635187288863,-0.745392289292359,1.53914562752908,-1.42345046064454,0.14556214635578,-1.27626348136358
spp-5,0.543511833016003,-1.04885620195955,-0.99020699049995,0.847224820841602,0.039231671062136,0.689270603735947,1.25351451694558,-1.04964650410807,-0.951637681267443,1.75773972378921,-0.592221536612074,0.553082887997125,-1.05100714294052
ubq-2,1.06783529346485,-0.389632726432341,-1.23886783234847,0.786450730542848,1.38616897659145,0.644336196177854,1.27418654993779,-0.442494224696525,-1.09914110717439,0.443247616910711,-1.37564793468833,-0.0068722421832888,-1.04956929610217
rpl-19,0.919068064472502,-0.461731094318941,-0.97918880290693,0.670503114987853,1.1422196242066,0.736547354064674,1.11910477192778,-0.66051162526985,-1.11656754471353,1.20382119163883,-1.42077941403756,-0.0197987005820014,-1.13268693946942
gst-5,0.25461556584134,-0.593801052815861,-0.187853825236143,-0.0987288678609038,0.869251196356042,0.0810949337793619,2.98237948940587,-0.624927590537001,-0.652758844387641,-0.634282404829911,-0.373598108114962,-0.492866352802781,-0.528524138797408
rpl-18,0.721363224030592,-0.485711440056001,-0.895110550031148,0.593326431736338,1.08810865312554,0.360873997605969,0.657399309363414,-0.737140651362654,-0.568570754436419,1.87027881078159,-1.47877139749218,0.198137451197324,-1.32418308446237
rpl-5,0.636944704716197,-0.491634012045329,-1.14231894752018,0.530383234251403,0.837602338765528,0.428057586454539,0.590291739018079,-0.814643444800891,-0.28931024258298,2.00123105506686,-1.39280843772825,0.402078795222102,-1.29587436881709
rps-1,0.874991215699783,-0.292530887266755,-0.847663907200402,0.759572868335546,1.34618699062053,0.545547562111201,0.899343239141742,-0.471846211753339,-0.752984874786121,1.11407180822537,-1.73143740281733,-0.064157029605312,-1.3790933707049
asp-6,-0.254125635020399,-0.689306201119137,-0.687440483305318,2.65019681466527,-0.627916793691439,0.386882455415579,0.689821964651839,-0.68575776121595,-0.567953715256547,1.17827773981988,-0.497416755995238,-0.207835080592646,-0.687426548355892
asp-5,0.103158697719112,-0.836241971069486,-0.837067949047524,2.1073850807134,-0.590524126812066,0.451701488616544,1.47078225127445,-0.83432288252043,-0.803798636119821,1.09356417962512,-0.443874317086318,-0.0470712474239192,-0.833690567869061
ifb-2,0.372426919085915,-0.965833966553694,-1.16292267420524,0.373263948748185,0.219493761929552,1.0043302349242,1.24389775270269,-1.17856870694394,-0.404954663735553,1.77371335455539,-0.640116562789199,0.555088167194399,-1.1898175649127
rps-4,0.626715910191533,-0.537985020436637,-1.14432863628937,0.522170776610398,0.97853467693306,0.456780296674704,0.729766395511762,-0.622448178459008,-0.401601387255586,1.97073330121301,-1.4820547669066,0.0870714675505411,-1.18335483533781
rps-20,0.942913244103742,-0.364202884455106,-0.891220501497271,0.809768114734012,1.15875793181008,0.457550157934924,1.05366594449621,-0.541630941558661,-0.991617327388208,1.40334933428192,-1.47655047876348,-0.447444113817524,-1.11333847988063
ifd-1,0.0699733502041626,-0.766382694532267,-0.768676317346031,0.296679432525095,-0.220971390901049,0.510349817122808,-0.0251896412513206,-0.769283769273957,-0.65403012988181,0.639389420348003,-0.413993422165764,2.86899378523992,-0.766858440087791
rps-12,0.764273038474863,-0.463437082346837,-1.0968295394934,0.579773014832981,1.19267133400632,0.341025205557693,0.693906922421515,-0.630036057572665,-0.723812897964989,1.90728339827346,-1.39419736427585,-0.108797273190423,-1.06182269872268
rps-15,0.893874449077351,-0.297551549044995,-1.22241428693663,0.650711811140981,1.16560448819508,0.561074528478251,1.09202216678802,-0.571596007022741,-0.713452060420451,1.33476926949582,-1.5253420401901,-0.209792236940899,-1.1579085326197
rpl-33,0.931971181305498,-0.345473849668919,-0.934650893931385,0.814881052501967,1.2581581795956,0.690214268601024,1.10910179061164,-0.751345948506095,-1.06260909262179,1.19333067414448,-1.21311578576026,-0.556411992213319,-1.13404958405845
rpl-26,0.750240746563795,-0.372492770251583,-1.02599434409586,0.560239666849521,0.922582192512702,0.347936605857328,1.06210250612958,-0.737389066801567,-0.820112327886083,1.74509173029648,-1.35744847224304,0.220805933796821,-1.29556240072809
anc-1,-0.312287571932963,-0.503791390280788,0.906681706660322,-0.436284885932319,-0.406657217721294,-0.433405453669702,-0.769155529846955,-0.816877306307837,2.50837212397959,0.00380764247254597,-0.219732240401897,1.37303375582396,-0.893703632842661
rps-10,0.726114935146926,-0.358050719397138,-0.833483021776352,0.58621791610856,1.05324421180871,0.518494092044117,1.19960354363613,-0.627994453509905,-0.882127894320813,1.64816097741637,-1.49930530305336,-0.465155987333509,-1.06571829676974
C17F4.7,0.322207756115507,-0.457927513820614,-0.689036811615272,1.1941573928649,-0.622098750554858,-0.207773246569274,2.82808378187514,-0.705154955777201,-0.172350250302435,-0.445568420507257,0.0268849545937816,-0.366464031178519,-0.7049599051239
rpl-9,0.835399006206888,-0.470873225243485,-0.914466274688851,0.773581304438584,1.17186590647856,0.496907390337714,0.922522541133703,-0.851052080070635,-0.468176250269636,1.64757583618946,-1.32423024167503,-0.676689324534555,-1.14236458830272
rpl-14,1.06192678758531,-0.490409151514857,-0.918800657718309,0.834254656826978,1.27655136938209,0.739798196518863,0.811079508130492,-0.654824521934209,-0.536385051799136,1.1250232534897,-1.56389540303821,-0.389122690889418,-1.2951962950393
rps-3,0.780349218768299,-0.48999377505378,-1.18359283820782,0.708391713825746,1.24961446830357,0.528619152286936,1.0977464235328,-0.754229848709565,-0.264068301697416,1.24035112947378,-1.62728565762876,-0.118387789896546,-1.16751389499724
rpl-34,0.823692052198663,-0.21709441015982,-0.891423802844481,0.678229731092433,1.32645503194152,0.761542870835895,0.96923528595642,-0.421839625011146,-0.758365351707928,1.20745119713947,-1.67337726845423,-0.676858825033195,-1.12764688595361
rpl-22,0.903583914421377,-0.12201841071437,-1.03208305734283,0.606945986810546,1.32960403051642,0.363220962997266,0.982334806770256,-0.466280336755812,-0.782185898691209,1.47788013562386,-1.50057102630664,-0.713367335629334,-1.04706377169953
rpl-3,0.747768155268075,-0.42085825171284,-1.02317265876901,0.598793714494835,1.03158545239605,0.426330950721194,0.765501594398421,-0.715255323503169,-0.630425160797486,1.77390972618214,-1.54664356536984,0.227982122986566,-1.23551675629494
lec-10,0.174227555402244,-0.98731169988769,-1.19935320937827,-0.00256334959003864,0.00247382812808944,0.870958510442498,1.76062244458235,-1.14156764136027,-0.633473043071083,0.538809353177997,1.52778253422914,0.23554418611681,-1.14614946879179
rps-21,0.830582292002129,-0.405666049717418,-0.979592583155882,0.804050085738868,1.11339941232447,0.607367233985911,1.03503315244083,-0.6856339817964,-0.850538408882903,1.51745578437853,-1.31679515480725,-0.49160589595555,-1.17805588655533
rpl-7,0.929338545765222,-0.36541795923831,-1.16832131831441,0.7007830497695,1.35928745442719,0.461225298351637,1.0183643117194,-0.775184629239516,-0.450144732862463,0.92191987500712,-1.59752651747443,0.291785101883022,-1.32610847979397
rpl-21,0.895861436507818,-0.433419994026826,-0.87270165646239,1.00604747618063,1.27094395026059,0.613597616152698,1.01864534286698,-0.678235545798167,-0.351055725121244,0.978100787175621,-1.64435178162759,-0.491594040256664,-1.31183786585144
K08F8.7,-0.279418670845226,-0.29160223531152,-0.262405235571672,-0.29374821876326,-0.213498002964066,-0.266046848188338,-0.290276570370128,-0.29374821876326,-0.29374821876326,-0.29374821876326,3.32728112723096,-0.255292470163711,-0.29374821876326
rpl-23,0.866204465439358,-0.266829632905046,-0.91695411534161,0.960990914292265,1.37430639378591,0.616881859286392,0.719056074232292,-0.525748090171263,-1.02099414264207,1.37321209196831,-1.22046953176795,-0.897194455197291,-1.06246183097929
ugt-22,-0.381261238244595,-0.621253816671751,-0.914477230030777,1.41968806808215,0.431484247967981,2.33494737164916,-0.175298984159765,-0.663847339315065,-0.603341842368139,0.992264605785422,-0.684689365902987,-0.414318747181146,-0.719895729610477
irg-7,1.53128024228969,-0.680566490868346,-0.711735394358431,0.510847632790978,-0.546738030294522,-0.546884384032899,2.47695176583085,-0.713395418242645,-0.358406399953282,-0.664883530915636,0.147558708163312,0.273651790619861,-0.71768049102893
rps-17,0.713736294499007,-0.241949470437474,-1.29567841617346,0.426403218577606,0.982249338676208,0.419380846944749,1.13171556693523,-0.61435767714664,-0.583965552748422,1.82481609271223,-1.41866030889644,-0.366712842883679,-0.976977090058914
rpl-20,0.81376402382157,-0.168770590518159,-1.16749094454159,0.90668152513473,1.24855215125146,0.477696029806431,1.12055486383421,-0.45499246729512,-0.513409688791512,0.869221584143317,-1.86750053335837,-0.0989869129009639,-1.16531904058601
mig-6,-0.598398525766681,0.96584030283394,2.70542461812479,-0.635089005734293,-0.630944419938461,-0.631074440182792,-0.629657937309881,0.585657705836562,0.421806832031816,-0.635492600675434,-0.615548289631266,-0.622520766397019,0.319996526808722
rpl-1,0.940250652675113,-0.251677268604711,-1.3826365965411,0.621460646037009,1.28745410086791,0.373813406552961,0.955690829972589,-0.508447542151694,-0.139380158793188,1.13393600471851,-1.69965506223044,-0.0712832039643112,-1.25952580853865
rpl-31,1.10013504199614,-0.385741195257541,-1.09212466633859,0.683487209176564,1.30689066270404,0.47728532722185,1.1335106408552,-0.673579105092922,-0.998552584007817,0.961713179867113,-1.35941696620103,0.0832252878534966,-1.2368328327765
gln-3,-0.458252448714766,0.820122383943066,-0.451893856214757,-1.00897699116379,0.204835841433105,-0.809025008164713,-1.03401515946759,1.43488826218044,0.57052646216014,-1.03332783129472,-0.0143648973419995,-0.354010157618512,2.13349340026409
eef-1A.2,-0.192615571331251,1.09298050419177,-0.14846277792345,-0.93418364506552,-0.175904720634778,-0.927602096816522,-0.881826490639769,1.41972575947178,1.68052800737351,-1.10618266916772,-0.71145763047719,-0.34595515078205,1.23095648180119
icl-1,0.261360449656805,0.18464676285424,-1.9893814659716,1.16215639913412,-0.567902495165605,0.145734446676232,0.758155532386769,0.186214060452935,1.22449025292513,-0.598075074039049,-1.60845735484139,-0.226860898349067,1.06791938428048
ifd-2,0.357965266469104,-0.643759134761986,-0.701592155564932,0.0278196050805145,0.165866099770378,0.0357845698798394,0.0849435030572195,-0.683394409872538,-0.548162262946749,-0.182543509964029,-0.310323289939994,3.09046112213745,-0.693065403344283
C37A2.7,1.06497424281975,-0.283841531799151,-1.00909244007635,0.994656413163646,1.42557409138197,0.607813010728665,0.769300553172371,-0.675388458831818,-0.64807392007436,0.91918037750186,-1.4479056561027,-0.362474126027589,-1.3547225558563
C16B8.3,-0.397779514128545,-0.724113362222582,-0.725636824188474,-0.0563890715549068,-0.389064670934219,0.69085887396391,0.436704962161365,-0.749321823692651,-0.679562262018845,0.853635863907346,2.75424503164648,-0.265110174813369,-0.74846702812551
aqp-2,-0.357031460261635,-0.289696397666064,3.28802209350323,-0.378421624800737,-0.374616575544495,-0.374351969505263,-0.376049850507628,-0.147660477013787,-0.161899500251184,-0.379851288680761,0.157381474880321,-0.379851288680761,-0.225973135471236
hsp-90,0.342984338542193,1.66719459133626,1.36541009056206,-1.38226884432969,-0.363343317389912,-1.49821190395045,-0.323984641998704,1.05557686163809,0.698138587350139,-0.890566734658615,-0.657852369289422,0.0898577159193791,-0.102934373731327
nspg-14,1.25084140616117,-0.768496821292138,-0.904312460336558,0.9672676997051,-0.207050248256052,-0.473896839326757,2.3247315688215,-0.87975462878898,-0.68850190513112,-0.335337257052244,0.104235338995546,0.502393630849838,-0.892119484349307
rps-30,0.908327956770894,-0.511582986114245,-1.05409016819867,0.816973155899285,1.39701070872217,0.594792234988743,1.13614913701667,-0.594032215842329,-0.763214323205448,0.745032481119282,-1.58896105594776,0.139820788785453,-1.22622571399405
T19B10.2,-0.560528553283771,0.883042347474196,-0.546232948558738,-0.563414980926633,-0.570843852024424,-0.58401291456232,-0.569637339214596,1.37680675172155,0.324087898211309,-0.585369117546669,-0.569419346331568,-0.550153341445236,2.5156753964869
nlt-1,-0.439426369960909,-0.518028015450698,-0.816253968783937,0.138676769614068,0.226750704012588,1.34947402575189,-0.490694990082741,-0.661479520502621,-0.126871407663522,2.69997124723707,-0.672666365045825,0.0465051183243321,-0.735957227449693
gst-4,-0.0397851762486098,-0.63494798614525,-0.552019145683844,0.149737213335982,-0.048271462992287,0.371535178212324,0.0819049917209431,-0.635134175992157,-0.627113270829639,3.09869777193184,-0.572863543515101,0.0351808036092833,-0.626921197403483
rps-13,0.505228431571176,-0.435799809551596,-1.16382877594322,0.40482288521461,0.99821224416337,0.466559512156683,1.03245838825857,-0.375522499798886,-0.192805299837508,1.74997896725832,-1.7627975209141,-0.0404809062023331,-1.18602561637509
ubl-1,0.660664552325913,-0.430659696363825,-1.08429723489189,0.49203624383159,1.00309927998794,0.52187529944422,0.931187164715293,-0.716709286251884,-0.0978670146190181,1.67003850239107,-1.57862969049125,0.0463313353892458,-1.41706945546741
ppt-1,-0.545609721506659,1.24605262007697,-0.631367222358194,-0.639166320748775,-0.631198376682336,-0.641654901238118,-0.640182924658469,1.56947445997935,0.938961163793891,-0.641654901238118,-0.628559565581716,-0.641654901238118,1.88656059140028
ctsa-2,-0.222515201397688,-0.757712151806733,-0.737907192672651,0.887173899197004,0.402407094778246,2.73116246410602,-0.435512221966949,-0.757890633350134,-0.399973960755471,0.798638177883243,-0.42987327988543,-0.320030645572426,-0.757966348557031
ent-2,-0.539994947800918,0.542872892975206,2.88246556050168,-0.601016527006238,-0.565550929225165,-0.614090251950879,-0.614090251950879,0.543666581852387,0.12910866356143,-0.614090251950879,-0.562579314724958,-0.569489148316667,0.582787924035878
W02A2.9,-0.47120825310261,0.380268557175567,-0.95014867063921,-0.606386491690327,-0.410200633785805,-0.370157264748712,0.240561721620973,1.30855623130435,-0.405509850506387,-0.999738680692568,0.308109895318029,-0.605270605665373,2.58112404541207
F30H5.3,-0.32620898313211,-0.326609789691572,0.103037150760665,-0.326609789691572,-0.237709868027824,-0.325460101323092,-0.31323400266548,-0.326609789691572,-0.267810300972397,-0.326609789691572,3.30521446022239,-0.304779406404299,-0.326609789691572
ttr-46,-0.0584322545800239,-0.873872286344185,-0.858190005340083,1.62874534210944,-0.508001947717919,0.979972086435713,1.59336861598859,-0.873872286344185,-0.851958041776763,1.26665186447463,-0.467058221032694,-0.103480579528331,-0.873872286344185
T04C12.1,1.52537016535171,-1.05825200792858,-1.10750464835215,0.503836963828561,1.16022455465729,0.209331297521203,0.312164972871452,-1.10870406526315,-0.391543809214466,0.405459853822995,-0.798988743319909,1.46648458653361,-1.11787912050857
F48D6.4,1.5023873008825,-0.139483658579639,-1.62567597290225,0.0409603186459495,0.612036741840955,-0.619202137122702,0.41092463878558,-0.615835952455442,1.23876357082367,0.724401552004966,-1.27480090822122,0.886659268255971,-1.14113476195835
cpi-2,-0.483035122665072,0.499783714973339,2.43226034227602,-0.895667542239195,-0.551914203568611,-0.783109404195044,-0.749849118460953,0.610218106879006,0.487400877589821,-1.07012654532227,0.699585558216935,-0.824066483192044,0.628519819708073
rps-22,0.727815857668427,-0.16138472610693,-1.00160672928145,0.563141985535223,1.0993634860262,0.64814874116349,1.22757035759966,-0.358796617337175,-0.782502527293839,1.42484085412825,-1.63069668482512,-0.787675066699746,-0.968218930576985
C25F9.11,-0.0959259817251159,-0.336780510880482,-0.34084657591506,-0.241322696072414,-0.327291201714811,-0.318351631318141,3.31604313281458,-0.34084657591506,-0.34084657591506,-0.291146279318023,-0.111006246896011,-0.233374994384716,-0.338303862759687
cht-1,-0.433108319501784,0.326347362021629,-0.440385236971489,-0.419155105979217,-0.434661246311787,-0.42845472785883,-0.433097862312691,0.808616518108853,-0.30034707473862,-0.450564610283785,-0.418825192464717,-0.450564610283785,3.07420010657622
C33G3.4,-0.554496701835261,1.2586042268221,-0.600489786742504,-0.598001069143272,-0.57884681943715,-0.600489786742504,-0.600489786742504,1.43090565556142,0.374385431198235,-0.600489786742504,-0.584717141753837,-0.600489786742504,2.25461535230029
T02E9.5,-0.459463456048232,0.00292200316429263,3.1470845397414,-0.466688440610122,-0.433418951612048,-0.462647411981333,-0.45964770454629,0.177737176087212,-0.355351439211389,-0.466688440610122,-0.342700463193459,-0.466688440610122,0.585551029430208
C14C6.5,-0.42562946593294,-0.426487842184594,-0.42755633456527,-0.235666621797341,-0.421056363625888,2.09283312423375,-0.425307077691344,-0.42755633456527,-0.42755633456527,2.39859931417999,-0.419503394355288,-0.42755633456527,-0.42755633456527
F22F4.9,-0.260494331787,-0.298846481435929,-0.282406337352507,-0.292272275454482,-0.293214091790198,-0.288081035572983,-0.248505238811848,-0.298846481435929,-0.273800849232073,-0.298846481435929,3.32670539161683,-0.192545305872019,-0.298846481435929
vha-6,-0.136061001900442,-0.940419435345127,-0.888614299442955,1.45249913990018,-0.143589325067807,1.46165254876213,0.51652869954534,-0.948363765138156,-0.640293776758533,1.79117132323099,-0.608099023495166,0.0247581619479199,-0.94116924623837
rps-0,0.563468997374398,-0.588662585845804,-1.09408894649809,0.555474941540329,1.16180931484798,0.526361573643382,0.640046195830993,-0.776195828474376,-0.524734241609689,1.78872354193191,-1.43493636810977,0.404852065375903,-1.22211866000717
clec-17,-0.404779662747703,-0.70564354626012,-0.706969989460205,0.167598338677901,0.0843942306021535,2.27245011488472,-0.0030562435311297,-0.706969989460205,-0.706969989460205,1.98175733816062,-0.44499226834974,-0.119848343595891,-0.706969989460205
rack-1,0.82504326562795,-0.629443460175793,-1.20423529641862,0.807662135441997,1.32067324128808,0.72460615367839,1.17274737141042,-0.813188587455413,-0.776061806470481,0.952805240655425,-1.18844448978801,0.0678543020371518,-1.26001806983109
F59B1.2,-0.0826315760211303,-0.899823690091455,-0.902185534402898,1.55868972760101,-0.361790981168731,1.37754407179574,1.13326939047364,-0.902185534402898,-0.900181559317777,1.37402083574561,-0.546087951501018,0.0535483356928028,-0.902185534402898
rla-2,1.0031081805953,-0.333250148442541,-0.991400256872799,0.994717455980697,1.33945196561195,0.456939596060496,0.884263343061015,-0.409311234045547,-0.93546985337909,1.09723131999361,-1.62445455580936,-0.474246981030905,-1.00757883172283
rpl-30,0.871516291783948,-0.247605373979062,-1.34092154866639,0.316559523424651,1.03858310295099,0.288919186155964,0.917835030412987,-0.363735532785033,-0.446683298932921,1.84156213192884,-1.48325076270911,-0.258673508829949,-1.13410524075492
snu-13,-0.0392759590159172,1.24728494510043,-0.238962060922592,-0.818749435030634,-0.12999863314333,-1.03269044164003,-0.880100649769084,1.6672824993487,1.26809832262649,-1.10361473378758,-0.932247792181145,-0.170372640425921,1.16334657884061
ifo-1,0.518651494169326,-0.728835390946535,-1.24263397667368,0.393632798986493,0.0195157780883133,0.336026994731979,0.572672938479087,-1.04543867943314,-0.409750303204628,0.376466302333766,-0.180519410876143,2.51965620564739,-1.12944475130223
ttr-41,1.497629340821,-1.03977438400039,-0.876759665891773,0.620199300787381,1.02582543599361,0.329475748014864,0.240200119856846,-1.18811763313812,-0.629943963023306,0.210632237507706,-0.603637636538444,1.62153386672022,-1.20726276710958
sma-1,-0.338514136097053,-0.388557743162475,-0.347418460282473,-0.747235263857173,-0.309962473799646,-0.748051953235406,-0.656363130657328,-0.533192052680839,0.761314788482129,-0.297390869317654,1.61500098741631,2.48306106307496,-0.49269075588335
K06G5.1,0.749774834509837,-1.11433701237268,-1.12710504561353,1.56919698157667,0.193997693897965,0.964016135350129,0.969039223528838,-1.12710504561353,-0.900219557159903,0.825661464976604,-0.448080839007994,0.571158553598587,-1.12599738767099
col-118,-0.28686834676409,-0.28686834676409,-0.269600660294585,-0.28686834676409,-0.28686834676409,-0.28686834676409,-0.28686834676409,-0.28686834676409,-0.28686834676409,-0.229511840566933,3.32763213792131,-0.246704516182983,-0.28686834676409
eat-6,1.31176333621123,-1.22902373690545,-0.301014599443462,1.72113851857325,0.366480708618194,0.652791894108286,0.700523869490633,-1.27781127006676,-0.794480098103429,0.12228070340286,-0.611603604896015,0.616358448174395,-1.27740416916373
F08B12.4,-0.114908385991306,-0.650212569041808,-0.619601349387475,-0.247413973311946,-0.158345305193667,0.0247402649938117,0.306069211792069,-0.654908680192997,-0.657496776524399,-0.148675437628125,3.06972552013376,0.509428777526799,-0.658401297174713
T28F4.5,0.322331179060002,-1.04204337126795,-0.192618667455801,0.253273108417054,0.552530239528976,0.916094464969712,2.17545327068278,-1.132245678475,-0.865473028036924,0.928607383385554,-0.637450777442854,-0.0413257475043549,-1.2371323758612
ZC204.12,-0.623470233573027,-0.582900170886514,-0.681986822242081,-0.415473555546481,0.619224518836775,1.87503294007926,-0.165425698062433,-0.613116100491555,-0.643785644091293,2.32646097834296,-0.37749888294214,-0.129566812547421,-0.587494516876059
pcp-1,0.168562266215293,-0.912261731407459,-0.903290506681077,2.24220860414954,0.806851216626527,0.682616315513611,0.17363697247534,-0.913844751330292,-0.890999795154084,1.11374251820741,-0.666416445513985,0.0130400882294718,-0.913844751330292
rpl-28,0.848596404589933,-0.411436061684451,-0.934644437043902,0.84015075126971,1.28521336507982,0.51331016156709,0.711869548640209,-0.643614885336128,-0.349114571678653,1.46482933430177,-1.61860194138808,-0.434182088197596,-1.27237558011971
txt-9,-0.0375465421096586,-0.6534572656873,-0.66461082029782,-0.362844297760459,0.271221182793036,0.191493612545158,0.534536734740754,-0.663141464670014,-0.650508041917523,-0.177967619561381,3.04001989770286,-0.164777254509992,-0.662418121267657
dod-19,-0.487551574048373,-0.663549903121403,-0.66534167069783,0.985605340375836,-0.319753538778058,2.71291444724922,0.964988641860551,-0.66534167069783,-0.61173474611983,0.109290881328797,-0.379328126012861,-0.314856410640392,-0.66534167069783
nlp-36,1.07811396997899,-1.09698457634668,-1.06646025221123,0.391731522698164,0.901481466617435,0.655016297005897,1.06773557748964,-1.1384303789012,-0.801858620646493,1.26633196671916,-0.803713913315587,0.68746271333549,-1.14042577242358
pdi-2,-0.551000549682486,0.737833243104025,-0.47767214833038,0.0926739096344694,-0.483983409197365,-0.314456485493887,-0.714152607200548,1.52323543851868,0.376355721731276,-0.626529335938916,-0.716245896909012,-1.16068200745198,2.31462412721613
ifc-1,-0.384346929558441,-0.411130880651367,-0.411736969590873,-0.297337671323639,-0.38058970666187,1.0656114497717,-0.311378184531171,-0.411736969590873,-0.411736969590873,3.04945381742807,-0.399787071276205,-0.28354694483359,-0.411736969590873
hmg-1.1,-0.644651595018034,0.408128557966381,2.471755328306,-0.688714661496761,-0.650227786883418,-0.642911174327815,-0.664383735240124,0.504308939513427,-0.159349222955395,-0.597649814561794,-0.143555634960635,-0.730631247363708,1.53788204702188
nspg-7.1,0.991796348783814,-0.762762737307065,-0.755272030917943,1.24920595195206,-0.290866598981979,-0.455088227817654,2.51254444634877,-0.758132110478927,-0.664924783100902,-0.146103809466188,-0.258779078126722,0.102159222367312,-0.763776593254583
ajm-1,-0.218944399724066,-0.672593978999782,-0.270035420987084,-0.584002206715444,-0.0862689531150056,0.00271882098477503,-0.565945865192562,-0.906600993433735,0.278705691701696,0.0600709142922541,2.21465382822602,1.9022120432823,-1.15396948031938
R02F11.1,-0.310169627835245,-0.317068447096063,-0.00913867965135526,-0.317068447096063,-0.217539559190611,-0.277730772489004,-0.311446502907757,-0.317068447096063,-0.317068447096063,-0.317068447096063,3.31609188379476,-0.290503209815949,-0.314221296424528
gst-7,-0.42861821796152,-0.251970737354863,-0.399466509687873,-0.972536049458436,0.0669836513676624,-0.311515860041419,-0.350224376688445,0.334495501804756,-0.55699590915705,2.07463530474613,-0.38621424284106,-0.966514757616027,2.14794220288815
Y39G8B.9,-0.456892696535832,-0.733911341393177,-0.735544479728164,0.155162032695421,0.48945853598068,1.96071058826125,-0.217550423820046,-0.733800139716368,-0.667596735758459,2.18452038165242,-0.508856917548529,-0.000154324361035283,-0.735544479728164
rpl-4,0.766307867828872,-0.425522245569008,-1.40563796017481,0.720468331469065,1.51822877900618,0.487905778418046,0.90734819884856,-0.834600472050449,-0.535102881981598,1.02373897357469,-1.3400495203994,0.318020699914294,-1.20110554888444
asp-2,0.363344914525242,-0.939778721395221,-0.944721431737806,1.9133499145246,0.427731119797989,0.96831772117788,0.544864534425621,-0.947066592840443,-0.924118367926202,1.337251820448,-0.75401820711177,-0.0982981243594262,-0.946858579528463
T25C12.3,1.6648933282761,-0.790344586563825,-0.775676680221901,1.37863284560884,-0.495588957741776,-0.343635453816913,1.92647064833974,-0.795720554997668,-0.674414406240645,-0.432419643336359,-0.170233889720377,0.302295048587053,-0.794257698172261
C29F3.7,-0.374855138336427,-0.78450793888291,-0.785093139365753,1.70102362476494,-0.377101351122445,2.00825560266048,1.0776320124504,-0.804862089059626,-0.618095443190451,0.584005678527515,-0.57383132112334,-0.258470706634569,-0.79409979068781
F54C9.3,-0.35672680566313,-0.7821682059856,-0.780779688544766,0.438649184094634,0.738601184400715,1.89608969773107,-0.608323455022068,-0.803049933002811,-0.562069001718102,1.86427403133711,-0.763966470189028,0.526391201004656,-0.806921738442676
rps-2,1.02011794932264,-0.505444195581862,-1.23291949849775,0.777576665215642,1.21700536403036,0.52936427011325,1.08452056124911,-0.844835301865439,-0.255510393687574,0.530796576136315,-1.65472798929219,0.567309468404416,-1.2332534755469
nurf-1,-0.109411694702299,0.986816399663678,2.05748840611836,-1.05401581186518,-0.0345978064219582,-1.26472998233422,-0.526141994376522,0.486531119322511,-0.0132100373856768,-1.41598452202952,1.07233151384635,-0.530447433099245,0.345371843263722
Y82E9BR.3,0.146983236719926,-0.551589228758787,-1.05694672577718,0.992591784373839,0.0907379228720467,1.16735157585848,1.17256399063109,-0.56942655086911,-0.952213175299888,1.80622496493683,-1.2356429292238,-0.121252972858377,-0.889381892605066
rps-6,1.01601932423708,-0.25968159378791,-1.41442866688069,0.835606620836931,1.32322416756617,0.604521297314472,1.2581055685604,-0.481773876939287,-0.58959026545593,0.0971646191922889,-1.5666612237834,0.337204216740655,-1.15971018760079
cyp-35C1,0.513861328240222,0.63313306095389,-1.53120516999808,0.0653275317026508,2.19434180838002,-0.252163438372486,-0.292670682243752,0.865953930198614,-0.526972950040482,-0.971609990203578,-1.23967244624274,-0.157388161005947,0.69906517863166
lgmn-1,0.529908451172787,1.95911062421532,-1.35786130136846,-0.48476790737383,0.844719033081285,-0.640160422129031,-0.662949706118858,0.889444724596153,0.404144989557096,-1.35577280911231,-0.882810628538859,-0.057963947692087,0.814958899710801
lbp-6,-0.174688263557746,-0.667884753581418,-0.93077200235672,0.323816601729786,0.44023028482205,1.1248689903089,-0.164248574304717,-0.580273967007943,-0.647446865703008,2.70309169906401,-0.709825569744011,-0.0100821325325207,-0.706785447136655
nduo-5,0.752644379341151,0.0457804176730026,-0.851840603124901,0.476548481324852,-0.165403791752121,0.0385377962327363,-0.865409283262858,-0.67011506927309,0.959857232245241,-1.21456292630321,0.145982428342139,2.39526071690741,-1.04727977835036
vab-10,-0.694799469822262,-0.72347305272293,-0.31947463064493,0.392785798814073,-0.765682936972105,0.317124637745538,0.147237575790082,-0.856923522903857,-0.300365587289806,0.0480836993939216,2.66900199362945,1.06177538100941,-0.975289886026589
Y32F6A.5,-0.582171894291027,-0.584523685097231,-0.56719372323422,0.755256996174822,0.194381964790439,2.46604640796873,-0.584523685097231,-0.584523685097231,-0.493531276880503,1.58663179486625,-0.527788117950307,-0.493537411055257,-0.584523685097231
tag-343,-0.0671569997858061,-0.504929061729998,-0.569937224441302,-0.226709015746442,0.106385895781921,-0.00817045792050725,-0.050187849105078,-0.592607737448508,-0.53428480659454,-0.117241741117895,3.21423424048925,-0.0437537006967745,-0.605641541684323
act-4,-0.453203803624116,-0.378837195292813,1.95157204695963,-0.502943996882746,-0.399634317024497,-0.44514664086522,-0.458040131610893,-0.399813012168559,-0.212723311772901,-0.530498340424884,2.50881809084265,-0.268197280298614,-0.411352107837034
acbp-1,-0.322638896610229,-0.763258091147699,-0.956537804410299,0.667054541368636,-0.632863601150461,1.22078051223586,0.971856854809611,-0.662596101569607,-0.628400484838041,2.35450030360809,-0.691704610513454,-0.0464015483370701,-0.509791073445336
W05H9.1,0.765542629684027,0.924088642090224,-1.80428762301826,0.935393286088297,-0.205548475917163,-0.150564297172194,-0.452089709535103,0.460590328381929,-0.061025597265505,-0.582341435893006,-1.69553093206184,0.229353971679625,1.63641921293897
rpl-25.2,0.842097358682521,-0.554784830480653,-1.46210721169396,0.798334980982668,1.15080309934773,0.344982197736818,1.04488629721919,-0.825453888482461,-1.23709375343815,1.37624182936304,-0.37349813908337,0.0871964392716386,-1.19160437942502
ctsa-3.1,-0.072717289249509,-0.679025664087448,-0.680877037293404,2.88453680507126,-0.231170053009783,0.742066625227702,-0.175036614533548,-0.680877037293404,-0.598643227665036,0.743935204923588,-0.524776651805898,-0.0479653685566008,-0.67944969172792
F54D1.6,0.976586318273214,-0.712145400494157,-1.17455383870723,0.267384141882242,0.956668375860536,0.375788085837257,-0.0326191004902523,-1.20403466003402,-0.689769469054624,-0.230928857476483,2.00392127545498,0.70453981212341,-1.24083668317487
F22H10.3,-0.0167926058010782,-0.576947027945346,-0.64100199348171,-0.351471263214164,-0.0280473546231821,-0.291149749764253,0.40416515651026,-0.61701263024236,-0.51647340587996,-0.32405875484661,3.07361801086385,0.524542134648115,-0.639370516223569
F07H5.13,-0.457497796197889,1.390421473972,0.086592298046907,-0.805327318035519,-0.47082010260568,-0.808950308305125,-0.793499812745329,1.90910389891419,0.448153798199369,-0.80242344799633,-0.564911064895911,-0.685557827973302,1.55471620962262
aqp-4,1.67039675069384,-0.996207181822364,-0.971084135421542,1.11114587492922,0.38289459023765,0.587599606010723,0.531643016129345,-1.01244271942657,-0.983982794821768,0.0349801650248417,-0.676585600665853,1.33580834602625,-1.01416591689378
hil-2,-0.699315118520814,1.89394979338808,0.683074384488798,-0.7998765134891,-0.74872022017835,-0.734797392633025,-0.816661517164187,1.38288271792332,0.517579479353202,-0.837668547237298,-0.437577045686975,-0.649690456278847,1.24682043603519
rpl-27,0.994921347837582,-0.316159731764167,-0.635173116845257,0.649616161529317,1.16185353932308,0.541280142285779,0.813834434034772,-0.252752497047888,-1.16580364296233,1.3750361601871,-1.7010299352554,-0.233672302925992,-1.23195055839659
cyn-6,-0.593164684466681,0.841908966783016,-0.427203310290571,-0.614490064059952,-0.609147414718903,-0.614999237653265,-0.61339267699104,1.9127672274261,0.295251454551351,-0.49649280338721,-0.614084201973615,-0.595301959790816,2.12834870457158
his-24,-0.616802243601805,2.09338468448352,0.93667153947262,-0.707194038592387,-0.649940271711777,-0.693913911227983,-0.67618464301776,0.568909699590656,-0.0597815794884166,-0.737233644076441,-0.436221120901414,-0.727210417170148,1.70551594624134
C18C4.7,0.666946148040657,-0.54107636430992,-0.83107680542612,-0.0158265916993263,0.429472319549395,-0.395276525310523,-0.204078286610103,-0.633614695460623,0.0830571505618384,-0.341961429876969,-0.324062673139525,2.9692185862325,-0.861720832551284
vha-2,0.30491310782026,-0.982891753226036,-0.990668645475685,1.39168078845978,0.0600492997520879,1.55336067218966,0.710177287812722,-0.650337676186962,-1.40449473364475,1.11978154385087,-1.09153055690711,0.35106892274835,-0.371108257193183
C07E3.3,-0.143034160207574,-0.387597759677682,-0.430088875751811,-0.406490434187721,-0.300520055204227,-0.380158224320847,0.254598976948444,-0.442485125322756,-0.237603904936818,-0.441981561107313,3.2462808536542,0.0979365631510453,-0.428856293036942
ret-1,-0.760693212551155,1.38332035892704,1.1335503843861,-0.879073513282993,-0.757242117960867,-0.911107502673901,-0.867339140876261,1.06136685455493,0.788665178390354,-0.958055555815418,0.00838632333368317,-0.702640111752292,1.46086205532078
pnp-1,-0.372909732667287,0.37999613545001,-0.713575533914615,-0.548614170210747,-0.383785101008126,-0.545381884607525,-0.592384143912223,1.42725322169983,0.188235856843011,-0.581050321398898,-0.62270806292894,-0.320272455464751,2.68519619212026
nspg-1,-0.275684271878816,-0.286576111939689,-0.211791140926657,-0.28962834125558,-0.264819434191989,-0.28962834125558,-0.286159986917975,-0.28962834125558,-0.28962834125558,-0.28962834125558,3.32742294392965,-0.26624086754782,-0.288009424248804
C23H3.9,-0.294467997187495,-0.299807469621501,-0.0789994421737877,-0.28296443055908,-0.286023040763956,-0.291242937042523,-0.291943706654317,-0.297543450484762,-0.299807469621501,-0.299807469621501,3.32222235297343,-0.299807469621501,-0.299807469621501
ndk-1,1.00541747127226,0.163047228947404,-0.857343406703006,0.380101486090157,1.3220329459816,-0.216864838325766,-0.487606782055073,0.27613101392207,-0.325377537285057,1.37057151713707,-2.42034012061684,0.129467422227248,-0.339236400592063
clec-63,-0.267837136342742,-0.605142415544553,-0.582348900982629,2.83034502629483,-0.223017258033609,0.768182077586961,-0.297630666898141,-0.605142415544553,-0.605142415544553,0.9960292235927,-0.58927947302886,-0.213873230010301,-0.605142415544553
eef-1B.1,0.606829335243976,0.35322425091459,0.419574176342467,-0.0378494628360798,1.09268392850802,-0.672369127081753,0.446050232785692,1.15249957287011,-1.03017164657215,-0.30857236537458,-2.21103589462688,-0.928472206291032,1.11760920611763
his-64,-0.610581241560051,0.6856799488187,-0.264612146277016,-0.636082312712678,-0.64009154513582,-0.64009154513582,-0.63555134871045,1.78199854488404,0.361263758799508,-0.64009154513582,-0.496505028034031,-0.545512104644137,2.28017656484358
hphd-1,-0.106428513889936,-0.261989816499852,-1.61690695033647,0.456907566979682,0.0325845743914439,0.901533618528859,0.0251146810493295,-0.43934261194455,-0.319728355506828,2.32867211273811,-1.12906854253428,0.864761280229284,-0.736109043204784
eef-2,0.944441201332127,-0.605419805723246,-0.450979793506174,0.242123187053599,1.44244691434084,-0.117196319361245,0.592985994472057,-1.24773128917295,1.24697778185522,-1.20385933919829,-0.390028963566647,1.0414527951836,-1.49521236370889
cyc-2.1,0.336482881876878,-0.782966013173914,-0.880503785522017,0.512208458083824,0.429948636698454,0.876572405146623,1.14085116167859,-0.423009917990948,-0.910929787566308,2.16254101545122,-1.24132993943844,-0.535524539047077,-0.684340576196875
cpz-2,1.10058817595629,-1.03719457518549,-1.16454422330278,1.81150739769173,0.693382567080357,0.974253771347943,0.167007744874082,-1.1134735140991,-0.785100186451525,0.480878151068171,-0.472586168520981,0.411644411291282,-1.06636355174998
lgg-1,-0.696287412511301,0.0929550652306019,2.12549034891458,-1.02940351412816,-0.548297284794744,-0.904687695471369,-0.437822385126539,0.658226754209371,0.419328234490126,-0.854044380175822,0.619495852604168,-0.893391048034977,1.44843746479407
vha-10,0.0731060373853585,-1.02364787903332,-0.728960703358206,0.680274797966731,0.162028526765365,0.844143234964551,0.436266907364373,-0.961709303259611,-0.833921089596881,2.47917371636056,-0.742105764735638,0.369891680600267,-0.754540161423548
rla-1,1.13019269768368,-0.180717485375196,-1.42923566937325,0.832228594435216,1.51825568405462,0.579050098078328,0.777114132686569,-0.295192956735534,-0.802585435201315,0.700048818902317,-1.67541790569924,-0.486188189264965,-0.66755238419123
lmp-1,-0.519373641876861,1.3716303726369,-0.740923666546704,-0.638296089793587,-0.625594548284734,-0.699257084987914,-0.852072197637648,1.49105108927034,0.800472689310708,-0.724765494694719,-0.380338026304177,-0.381628697950874,1.89909529685927
F19B2.5,0.986923258285841,-0.941738428329083,-0.902207356779258,0.473504019843881,1.6381424495032,0.584791807079027,0.0649278363177034,-0.915781490906086,-0.428049457275294,-0.518061536535025,-0.817183961086955,1.76813692427791,-0.993404064395858
pmp-5,0.201369565296536,-0.624460180640481,-0.815902123491212,2.77381751486559,-0.282665710150317,0.646890843599863,-0.224081527792944,-0.623234991017259,-0.572160907977593,1.03448740153129,-0.616849149153638,-0.233885626009866,-0.663325109059967
xbp-1,0.349691095611457,-0.63829955770102,2.32060706081952,-0.357220804263488,0.499024208384724,-0.423378949382323,1.11746652879045,-0.574978364806821,-1.0539354194178,-1.00911288299331,0.997353143029617,-0.422521762081858,-0.804694295989144
F59C12.4,-0.359577201968864,1.72030710527999,0.159501903902015,-0.629090552152098,-0.620829514997736,-0.846678136715384,-0.543563343969822,0.327941083954983,2.11903976242186,-0.840306993348354,-0.798519928844346,-0.586429674571772,0.898205491009534
his-72,-0.581053802532414,0.776095718076874,2.16713506305608,-1.1501251331134,-0.333052533940086,-0.791379206068928,-0.614512562042816,-0.0508839297950578,0.411299609106204,-1.00189678061326,1.45024139961597,-0.6920602337543,0.41019239200514
W04A8.4,-0.565310701312107,0.207214333525617,2.92545777698437,-0.604921653857953,-0.587305512979653,-0.598056148011186,-0.60212196721464,0.81178131373029,-0.190879698939578,-0.604921653857953,-0.0926715142764364,-0.584544601239043,0.486280027448268
lec-6,0.0419863855121672,-1.11402496457392,-1.14834308677751,0.130805969620316,1.03849706443146,1.22708588759791,1.0703484906839,-1.14834308677751,-1.14834308677751,0.797085068096211,0.450023470953738,0.949683322814686,-1.14646143480394
C18H9.6,-0.226816713120146,-0.779616235233945,-0.780578824299439,0.543938179185016,0.0583604758854707,1.96566317475085,0.759534688091467,-0.780578824299439,-0.745355938125858,1.88646330817428,-0.692156769234849,-0.433988491890261,-0.774868029883152
apl-1,-0.0728284197257921,0.189880459921446,1.07380730960314,-0.489480539986615,-0.144855025900192,-0.615121451165434,-0.731782682720581,-0.466464340495638,0.040403348378827,-0.494458513491129,2.87767110173276,-0.262647685775108,-0.904123560375689
C23H5.8,-0.094205069900927,0.164116599568248,-1.35357211028738,1.5439901118932,-0.273371394304352,0.498465404580763,-0.133704776864144,-0.144487680161135,-0.616330126646783,2.28351593240498,-1.22215940754536,-0.119400030962684,-0.532857451774419
F54D5.3,0.119238746569939,-0.750707499076002,-0.701603643421961,2.45399191038716,-0.454948142285826,0.288851058208897,1.020181547466,-0.754911005383766,-0.636968306362775,1.21786145307301,-0.544017327079027,-0.502057786711876,-0.754911005383766
Y42A5A.3,-0.286405868443786,-0.288192213721053,-0.288192213721053,-0.288192213721053,-0.288192213721053,-0.287540144456592,-0.256733155129797,-0.288192213721053,-0.288192213721053,-0.190728429916854,3.32694530771545,-0.288192213721053,-0.288192213721053
ZK550.6,-0.584166820162575,0.608773865677848,-0.889027037982999,-0.674618348300164,-0.515618251465236,-0.511327228509448,-0.44205697324441,1.75695537539948,0.88703912902064,-0.569653736400801,-0.779684708737593,-0.377395266600801,2.09078000130606
F56C9.8,0.274045099858327,-0.670271001285674,-0.588526475380554,-0.115138475155705,0.432467089529878,0.0768437314333251,0.111026184771165,-0.670473802437121,-0.572625164098687,-0.245013966847775,3.07081132101335,-0.419391371997921,-0.683753169402613
Y39B6A.5,-0.332764544194752,-0.388099518886358,-0.391422805376258,-0.329678081261754,-0.276017294125228,-0.0254749701889772,-0.124268998647042,-0.443420638426431,-0.192885326835178,-0.272581235708018,3.29868729310842,-0.0896832127860391,-0.432390666672386
zip-10,0.948676721411521,-0.743993727024576,-0.674467456224786,-0.0443921104664779,1.58446786850919,-0.0603193081739492,2.28939448439131,-0.760091017171553,-0.687169544462479,-0.760091017171553,-0.357796602862911,0.0258727264178167,-0.760091017171553
M01H9.3,0.573327291455983,1.20806589854798,-0.322114150165137,-0.849980269633788,0.726851593553025,-1.10038288569994,-0.827566256084637,0.781522277859627,1.68986535327811,-1.25766514013234,-1.1654555229415,-0.179611651423405,0.723143461386033
ech-6,0.299475630561072,-0.108450144214418,-1.67769901168423,0.230706102185152,0.342519002025928,0.611048380519381,0.145660217613149,-0.172898797430233,-0.532949226410907,2.30495493551744,-1.56978834670083,0.521770491725178,-0.394349233706683
ftt-2,-0.522727668773753,-0.148318480861313,2.67431103502912,-0.822544727518513,-0.333043795661738,-0.655600718736356,-0.634745300528509,-0.0431662589429083,0.219994947245683,-0.833522460316181,1.45479155077372,-0.114459901793418,-0.240968219915841
cnc-10,-0.609515692713358,2.05426093604071,-0.490247862310224,-0.622616649072591,-0.622616649072591,-0.620938119562547,-0.621293453209542,1.04034647807311,0.392018143124415,-0.622616649072591,-0.489911972384237,-0.622616649072591,1.83574813923204
cyp-35A2,0.735567183677003,-0.392526329154641,-1.3664171769006,1.58220812503167,1.47785187102706,1.3857139067062,0.0228178436542165,-0.656651482913436,0.126286739271579,-0.417021530030992,-1.06009384476843,-0.558822537583785,-0.878912768015861
F53A9.8,-0.293361342825526,-0.311147067379167,-0.311147067379167,-0.311147067379167,-0.284809426510654,-0.300725366023567,-0.238575725692148,-0.311147067379167,-0.311147067379167,-0.311147067379167,3.31772320965164,-0.0222218769455703,-0.311147067379167
D2096.6,-0.327128370246383,-0.327128370246383,-0.229186749750866,-0.309472367344266,-0.271814580298354,-0.060869462352574,-0.327128370246383,-0.327128370246383,-0.194433962319127,-0.291691189605487,3.3182033237784,-0.327128370246383,-0.32509316087581
F09B12.3,0.686808045168004,-0.868804613482776,-1.13175176317867,1.9729528760944,0.291548681725085,1.1577381988544,0.168771044994702,-1.10237541498474,-0.385525014450098,0.857432190020582,-0.835596602054175,0.308520426676568,-1.11971805538328
pdi-6,-0.321352869219875,-0.324231729367311,0.86535929297775,0.0102694920594672,-0.276632762592124,-0.336466777649418,-0.313316382884402,-0.0105824981189768,-1.16974119617916,-0.961738320153617,2.6489860163221,-0.74976770407147,0.93921543887704
nduo-2,0.16802617962433,0.207367055508121,-0.814757496089545,0.586300005420847,-0.342696457427576,0.143231753602533,-0.707851395025222,-0.583459524196632,1.74038821454294,-1.10526815117787,-0.482130334516543,2.13647557697961,-0.945625427244996
hsp-70,-0.511349349975417,1.73902555907313,0.284280550304624,-0.693450433312488,-0.662795324514062,-0.694590723300945,-0.597062719551492,2.17375238295267,0.948260501626412,-0.55183233516853,-0.675958467392501,-0.696200557738077,-0.0620790830033155
nex-1,-0.335537669657803,-0.387189088749201,0.230866520715832,-0.363639958098436,-0.279433364687491,-0.347322647025099,-0.210196842351349,-0.374613734388746,-0.394362453725065,-0.358228559826774,3.27786309638128,-0.0958368418107163,-0.36236845677643
cyp-35A3,0.383254951504241,-0.759053197197128,-0.84954478135446,1.40693779897493,1.89837466171134,1.62936658215982,-0.212418410721593,-0.793941104078685,-0.703193253627809,-0.356222666520308,-0.682930756143112,-0.265311285430635,-0.6953185392766
folt-2,-0.454428724988729,-0.518552645653807,-0.53140226522306,0.875518270512956,-0.470312717974737,2.43375294015976,-0.485741645842896,-0.535118523653284,-0.466406388068934,1.67719170817307,-0.533163823698451,-0.457664483347964,-0.533671700393923
rpl-41.1,-0.0850634226256005,1.07434516212214,0.305220745199365,-0.80228167302956,-0.273130602233274,-0.968379848732909,-0.962188976448382,1.65715768066082,-0.122253700086383,-0.143404585951717,-0.645957415311038,-1.01671555190892,1.98265218834546
T19D12.4,-0.446627988302968,-0.925168439669898,-0.935499942971671,0.108987604119705,1.57299789981889,1.95881233192516,0.448190713648953,-0.931576125263057,-0.864994401968371,1.00362112596036,0.124247726036607,-0.177490560362035,-0.935499942971671
lys-8,-0.290631502510163,-0.96335890026909,0.207553829964007,1.93558336374464,1.06125056013769,1.30259248048483,-0.848840305241006,-0.961355419803309,-0.646974511089785,0.818701331172079,-0.820536252578952,0.174341155513134,-0.968325829524075
R09H10.5,1.95280362289951,-0.733287472368971,-0.768015871355037,1.84958892277826,-0.2965861861245,-0.492240041707962,0.823263026508178,-0.765629888389154,-0.553048941498107,-0.55399591742311,-0.48771782663773,0.784719732934618,-0.759853159615993
nspg-9,1.41276561945814,-0.750007921305272,-1.00953662888278,0.852963502155421,-0.257423013058706,-0.502089280679803,1.71738351743739,-0.969438938363463,-0.199991444311512,-0.436085801362056,-0.390230967353132,1.4831165530395,-0.951425196773733
ost-1,-0.31315519738684,-0.144597153038896,3.32186374866012,-0.31315519738684,-0.311326422757374,-0.31315519738684,-0.31315519738684,-0.289850159328482,-0.27714032836796,-0.31315519738684,-0.280592691343348,-0.31315519738684,-0.139425809503021
cyn-5,-0.591165343521598,0.746668403133099,0.810324324190321,-0.840350136245525,-0.765158240114363,-0.920622869582318,-0.790339989935535,1.34887880205231,-0.213489502988672,-0.57088644248256,0.545670907920146,-0.865436890197086,2.10590697777178
C33H5.13,0.270035968809668,-1.03603100456874,-1.13911507199256,0.272351784521141,0.837968278182548,1.31597715964263,1.55881533254562,-1.07103616157662,-1.15099301527188,0.205140420584796,0.928026645742707,0.117483956142549,-1.10862429276186
atz-1,-0.565968419741018,0.746402638737057,-0.0746076124105441,-0.601018171790762,-0.59454997344811,-0.608129100992101,-0.605579390935642,2.16020905303348,-0.0145868016995403,-0.608129100992101,-0.600458962881168,-0.608129100992101,1.97454494411255
ugt-23,-0.369947029237459,1.00390384540857,-0.653013198057474,-0.64354347711447,-0.551906247904344,-0.656109390942789,-0.630623468340869,1.22206305518238,0.470387849404332,-0.696118711522623,-0.633072124112365,-0.344593680470852,2.48257257770797
hsp-3,-0.102276366285421,0.470483455284813,-0.510380325577265,1.11655412939201,-0.068172138470017,0.0890687640465531,-0.504514290877395,0.977650129630818,-0.726648174231123,-1.24746164263871,-0.346073437177026,-1.37291848858979,2.22468838549256
maoc-1,-0.594702843484714,0.514043796725277,-0.871543799643804,-0.644069426642737,-0.435370536730445,-0.399460146784255,-0.403036084219091,1.83480029086596,0.241179061923107,-0.27760297907666,-0.758075558086904,-0.519200635469665,2.31303886062393
pcp-3,-0.099332945767134,-0.881790012818703,-0.883483760019858,1.02884061681685,-0.350788178148616,1.3600045580026,1.51388544946331,-0.883483760019858,-0.754574248993735,1.62955269330733,-0.339323783828299,-0.456022867974032,-0.883483760019858
C50F4.1,-0.279971824177439,-0.878177583433688,-0.805821943997409,0.549661036587286,-0.722800582546915,0.779255520880717,2.46436355130145,-0.881087771036723,-0.773514841925925,0.702852845688845,0.220814803311919,0.522229696539787,-0.897802907191907
pho-1,-0.384388763605064,-0.706637799168381,-0.718104784063058,1.83020734502104,-0.201956436856089,1.64851907625213,-0.260069076298555,-0.718104784063058,-0.621193635331237,1.66488865071293,-0.674395123664156,-0.142519974560203,-0.716244694376302
F46G10.1,1.29392667413294,-0.832668344713472,-1.02353640165232,0.13461808574734,0.164335074946185,-0.256584925688715,2.19014714014643,-1.07217844607289,-0.341343382967315,0.600081494489686,0.765579580105006,-0.538482015248009,-1.08389453322488
eef-1G,0.32646247859156,-0.591379627263887,-1.04441014752142,0.575202460214576,0.860596851003567,0.429449100218114,0.648957476536217,-0.833879986578397,-0.385017257227393,1.91717839020113,-1.769541224634,0.680342831016059,-0.813961344556112
epi-1,-0.659116791127271,1.39465878434946,-0.204221408438489,-0.710913919742699,-0.695027010435407,-0.705537579445302,-0.697024971231119,1.33036304239622,0.660634543850891,-0.585671235740049,-0.663899625133451,-0.543103697997881,2.0788598686951
chdp-1,-0.466267141568775,-0.0736525243409293,1.03252174095398,-0.993739878759293,-0.910268029436122,-1.01032069282772,-0.843222706811293,0.390083104981993,1.07873950423985,-1.02272171705729,2.01467272553814,-0.0556954309011618,0.859871045988629
C46G7.1,-0.080603260419678,-0.850254576758053,-0.965731414345526,0.907911764650114,0.0989488571204018,1.42204400371296,1.24417846028983,-0.789914962004416,-0.847390956189712,1.8014321360885,-0.668147680339542,-0.423586057536866,-0.848886314268019
cey-1,-0.603617154269312,0.188169236123821,2.36102016026894,-0.877242350463564,-0.532914740619292,-0.811462320479306,-0.873922201651616,0.198038319789062,0.595218274604271,-0.971272187350617,1.40631489997203,-0.380043302838222,0.301713366913811
lam-3,-0.527685512486217,1.65852162405175,0.373395518053074,-0.844226515035717,-0.660489797448915,-0.836695967714457,-0.8312985957775,0.629287547474994,1.77779701201781,-0.844226515035717,1.14824220690539,-0.804218829363522,-0.238402175640973
zip-2,-0.501331235400069,-1.23220171620964,1.32732638713148,-0.55942245709348,0.312768550054514,0.641566663635195,1.35614832505872,-0.918933597056931,-1.41503560597836,-0.0245853914203963,1.65022395965172,-0.448333581588186,-0.188190300784556
gpc-2,-0.239274133407851,-0.376596205371303,3.01929836029574,-0.47300921162029,-0.2044457414201,-0.459813426496702,-0.40514301633167,-0.59947169003897,0.149098039670422,-0.351178042473425,0.992218487583442,-0.55050430125319,-0.501179119136105
pqn-89,0.587085701598712,-1.05897726283138,-0.981500133954748,0.648957659112695,0.435953712746422,0.483875202354145,0.613017714404422,-1.08446442184781,-0.927149939223995,-0.140089064759471,2.25171615922894,0.249399591335122,-1.07782491816306
hsp-1,0.332206642358286,1.59833409576063,1.2029874592334,-1.26726665272289,-0.106826958654884,-1.367793082837,-0.668218690079309,1.42642595183369,0.44816432141884,-1.23235816887126,-0.104762919515019,-0.407737034307124,0.146845036382631
ubq-1,-0.858013639475216,0.937142321116658,0.831180961367787,-1.04447865353167,-0.715887253462105,-0.913848708830141,-0.732616109076384,1.74965206969596,0.168870450803235,-0.928922126409841,0.26952668419352,-0.363272072553632,1.60066607616183
C15H9.9,0.0500924176839316,-1.10506472804522,-0.332690558038866,0.69127503418607,0.071018636577359,1.58097305722925,1.44495688948293,-1.11160634034721,-1.11160634034721,1.32134497531229,-0.448814949263712,0.0343068416775559,-1.08418493610717
W06F12.2,-0.152312756265365,-0.554315679400469,-0.0303091932739314,-0.119114563733951,-0.0789510473711724,-0.0831986606308892,0.0514014234902162,-0.613236159947075,-0.612662391776791,-0.661419816043059,3.15626550748912,0.319076862917184,-0.621223525453812
clec-66,0.0498456176558808,-0.784658054552414,-0.785463800929696,2.06574731485833,-0.207348547968843,1.99851355482001,0.413394849503063,-0.785463800929696,-0.697060729473492,0.380749042964003,-0.593632807936667,-0.269158837080785,-0.785463800929696
pept-1,0.90233642872147,-0.973408331205837,-0.94638792874954,0.90471295920499,2.106531306966,1.13922995048164,-0.292262809135239,-0.985526422413032,-0.778896784749226,0.191495838541908,-0.338191308363984,0.0558935231138769,-0.985526422413032
eps-8,0.761402668066952,-1.27000011942974,-0.848771631311394,0.103117067701536,0.828118058232962,0.484700956578351,1.22891856403156,-1.40359369241756,-0.677442251135699,0.704896726377392,0.217274683151078,1.2892036639399,-1.41782469378534
Y43C5A.2,-0.156495315497263,-0.982386555238409,-0.941520962641272,0.958903086757328,1.00680100972315,2.0219443836878,0.682191431921651,-0.983082310953428,-0.678282414139626,0.889802102032855,-0.636267849826276,-0.19332563100996,-0.988280974816557
C05C12.4,-0.0921446410317648,-0.844171508023229,-0.845719594254532,1.32002278858713,-0.466503864989066,1.19979865220002,0.906453523112875,-0.838928022558361,-0.719849712270241,2.02167803040724,-0.429302097262509,-0.36561395966303,-0.845719594254532
T28D9.1,-0.210969419663944,-0.172404405703958,3.06887447140196,-0.656043161226436,0.243831351767821,-0.593340169398782,-0.488522762484185,-0.617894904660689,0.26441836200721,-0.619682653184984,0.514758595630788,-0.196413466853848,-0.536611837630956
nspg-6,1.59027483586144,-0.991040944399411,-1.01634116230536,1.39345478423985,0.150843752987941,0.6138514741429,1.30137640254405,-1.01364574918625,-0.990886989042469,-0.390673681971348,-0.0965160815613861,0.465644520995406,-1.01634116230536
ech-1.2,-0.494364610455572,1.20834426829677,-0.717244812296442,-0.650383718375317,-0.449213655364315,-0.611922964415572,-0.552188141030462,1.69350708349755,0.926842181810472,-0.782406561437562,-0.828291143217247,-0.524867458799336,1.78218953178703
gdh-1,-0.275662905031262,-0.845441697891679,-0.646354467609197,0.47734796999121,-0.259467092777612,1.16645602669187,0.659258600245329,-0.941091115087995,-0.628419316346906,2.52248846821257,-0.188393007411256,-0.0302156120413115,-1.01050585094376
B0310.6,-0.279456540395889,-0.273910882514475,3.32818618082801,-0.273291757713095,-0.274043928948671,-0.27961601048434,-0.275789440136569,-0.280566748076506,-0.280566748076506,-0.280566748076506,-0.273570443129722,-0.280566748076506,-0.276240185199227
vha-8,0.228258402440528,-1.2435408989646,-0.915748018165269,0.843329391545024,0.415914493920613,1.19064602873396,0.887446099552253,-1.11866156111093,-0.556438779389745,1.73968032696074,-0.708440017854522,0.358188376200505,-1.12063384386855
lec-1,-0.285946952370658,-0.51115337074355,1.12676491638368,-0.384314786940536,-0.355805805298504,-0.326157028647533,0.0163771042434922,-0.561147740733023,-0.597729101910522,-0.419197201191031,2.9647369930039,-0.0622946467577678,-0.604132379037947
F46H5.3,-0.611736964877072,0.224329521973131,2.55571766455686,-0.843421746255086,-0.352965297723727,-0.729105760717645,-0.894694743577099,0.27720643897731,1.15200465868213,-0.318546224112928,-0.429383458596316,-0.784608024607586,0.755203936278031
C49C8.5,1.09152581336767,-0.656764849846271,-0.652196944244993,0.117003051729275,-0.582534117929936,-0.282663950311907,2.87040264844028,-0.660918276071782,-0.365118467434881,-0.475904010341727,0.0658690593421102,0.195147893229476,-0.663847849927315
pqn-52,-0.527929831327431,-0.806812307590655,-0.795343846935993,1.36053374830657,-0.749039556772223,1.33221961850949,1.41278574514342,-0.808029034271287,-0.667955163065201,1.54003605865588,-0.335460798687868,-0.149211138748826,-0.805793493215867
T05E12.6,-0.0864668493442331,-0.690816279423798,-0.829551611077568,2.65658491791209,-0.437780031158165,0.35700453698943,0.888873150944915,-0.761238798338657,-0.325120264699895,0.919743010888789,-0.643473360425532,-0.235412354321042,-0.812346067946332
cpr-9,-0.0437258430274142,-0.530642992362245,-0.531861481920763,3.14628101852724,-0.438671572283571,-0.13241410302262,-0.0217916951940051,-0.529065386637881,-0.531861481920763,0.396300119956296,-0.514161927065098,0.255606215110808,-0.52399087015998
C26B9.5,0.132825137468607,-0.93923390283248,-0.941627976116155,1.26647342719326,0.780274771812406,1.90528786830101,0.312383528426909,-0.941627976116155,-0.888310197367406,1.14596789190674,-0.463174542356647,-0.427610054203938,-0.941627976116155
hpo-34,0.336245821380439,-1.16417492311439,-1.12784478647692,0.676722311364188,0.740473898408031,1.21703812316763,0.76228898802722,-1.15704705761055,-0.767471996331709,0.825785589512284,-0.547446046574487,1.37954504488462,-1.17411496663636
F55G11.2,-0.379007939815984,-0.417555224731024,-0.417555224731024,-0.0056587678637687,-0.388704331423131,0.889652815601387,-0.311765040723099,-0.417555224731024,-0.417555224731024,3.10016654073162,-0.401847793049456,-0.417555224731024,-0.415059359802443
F59C6.11,0.826752116802522,-0.970526410118978,-1.20388123198612,0.65209503786861,1.00077514025545,1.64240716536936,0.94333089300005,-1.04316863551889,-1.09718873173211,0.519210930226147,-0.223841720178961,0.0903472301055035,-1.13631178409257
pgrn-1,0.969132386895738,0.561477110946708,-1.70260305981099,-0.354603909380206,0.649192525680098,-0.39538060791133,-0.219288885387347,0.932136784988413,-0.0152245345067514,-1.35864128398579,-1.11991218402091,0.313777828087695,1.73993782840468
EEED8.2,-0.805986657201882,0.773720721791208,0.802537540913819,-0.765513754458776,-0.790636230594548,-0.91423446257169,-0.885222402112818,1.40559687596736,0.684592826569887,-0.8177344707888,0.445541481346529,-0.905996752757161,1.77333528389687
ZK353.2,-0.278931478314265,-0.308333652901563,-0.310151796937081,-0.310151796937081,-0.296496961141556,-0.307615584340303,-0.301767737358197,-0.310151796937081,-0.167114017039383,-0.110490298554735,3.32150871433541,-0.310151796937081,-0.310151796937081
clec-50,0.901137952871742,-0.793138783594407,-0.760077605295869,0.438375481340601,-0.726204432030053,-0.11351969330797,2.28692292270416,-0.788005085089712,-0.793138783594407,1.44152915393665,-0.059832163508934,-0.24091018083739,-0.793138783594407
asns-2,0.0713593890876771,0.15779200162617,-1.18663629287381,-0.252259465409077,-0.0840762307920617,-0.159344730001623,-0.531150033293253,0.206557184595837,3.00862653847648,-0.430593901509983,-0.944979194386733,0.0596432275741163,0.0850615069062591
inx-15,1.51401594135684,1.7657201324767,-1.47450619627482,0.0405210925128159,0.780645453431027,-0.381506867894042,-0.50705399540009,0.0955175087208175,0.259748992046466,-1.07526978604647,-0.932667135043881,0.762347958545927,-0.847513098431291
bbln-1,1.21182078344946,-1.03713911552345,-0.887822745960472,-0.512022791975043,1.68880156534718,0.274604191227,0.392245787849237,-1.37034295088776,0.179702817842463,-0.0664917337222885,0.297334257698719,1.20046056356156,-1.37115062890661
ilys-4,-0.336298620509717,-0.931227421699978,-0.920348679825503,0.101509052504442,-0.282048635568798,1.06937196036585,0.0295456980685786,-0.906277294774325,-0.651455065869115,0.907338143761806,2.37381684297248,0.525156226113105,-0.979082205538826
nucl-1,-0.106495863081091,1.28024885346087,-0.279024583249983,-0.634040005752824,0.0234321234627777,-1.03172520614111,-0.813915461693474,1.65956008406693,1.50700744127692,-1.06375420577117,-0.995878907759798,-0.439944989232635,0.894530720414592
F14B8.5,0.755999790523259,0.019841903181702,-1.22493373646208,-0.18050448769104,0.567663788901021,-0.100707423404229,-0.308234069741556,-1.00154180333928,-0.149302810703151,-0.282537417865137,2.6022306402374,0.471756548755746,-1.16973092239266
F28B4.3,0.000354753014952694,-0.66872329735235,-0.675872637448374,2.70849905720957,0.934214207193616,0.288909000742347,-0.635121829743183,-0.675872637448374,-0.504129710575444,0.847574438937095,-0.662570598666914,-0.286371636010882,-0.670889109852054
ugt-62,-0.0782327634129963,-0.767923427990654,-0.753965932045446,1.49132169267415,-0.236152989759969,2.35122958906061,0.688945175906774,-0.783116457346557,-0.613455596845366,0.58185238648116,-0.649128807808352,-0.46516264846602,-0.766210220447329
irld-23,-0.419639848362625,0.332827826082581,-0.656643172465422,-0.4647611319654,-0.029768709363044,-0.333140155024619,0.277264277539067,-0.326057536306681,3.09771827696168,-0.650844817221043,-0.657370830775613,-0.475249532179637,0.305665353080754
pdi-3,0.893818800251516,0.051452293681011,-1.30058278579505,2.22772452425694,0.565743927464322,0.336611928636771,-0.227561531847605,0.158092610878266,-0.152458569621217,-1.52447114025084,-0.936452141424479,-0.680621951760289,0.588704035530646
his-41,-0.313209583816751,-0.172619795223674,2.12216711897275,-0.690048786888734,-0.233465151120651,-0.199222970152442,-0.296947313845803,-0.74221646826714,0.0269341974315318,0.780562086378708,1.8242389867254,-1.01276638437061,-1.09340593582258
pck-2,0.751974805223704,0.585038748868402,-1.47258703383573,-0.425061778650333,-0.208072667351942,-0.48683288104126,0.200592300370773,0.517540875597927,2.17226647316917,0.00174230034869882,-1.30118516404304,0.750607782162246,-1.08602376081861
K03B8.6,1.22830440664862,-0.982814204974809,-1.04339945968092,2.10110107663561,1.03867589011258,0.10633257991757,0.305918993373706,-1.02170778136576,-0.575070500556519,0.013839830444215,-0.597228716613483,0.399361555698809,-0.973313669639628
T24B8.3,-0.805449505603813,0.63146731232718,1.11177150422228,-0.886301390356379,-0.616021300224244,-0.605096542800232,-0.750821317816212,0.845885665866366,0.546926034777533,-0.51886986685837,-0.332772017607797,-0.934513675704835,2.31379509977852
dsc-4,1.32103083617329,-0.99369124626034,-1.13294417588322,1.85342291053,0.700409182359819,0.749133160797257,0.348181338243687,-1.18070864897658,-0.0841657290458539,-0.136209670682043,-0.668709831312234,0.389280108460965,-1.16502823440475
gfi-1,0.145926106349721,-0.99795913351523,-1.00386814294304,2.05554207425134,0.402778669438077,0.341243200303255,1.071124968616,-1.00068139444991,-0.892233951038293,1.11352542657259,-0.470627206635789,0.23909752599433,-1.00386814294304
vha-9,0.287814116133813,-1.04395981342773,-0.958057273006359,0.592163645591615,0.145404416945674,0.756978053794178,0.602258885343832,-0.738885290897826,-1.16290017777488,2.30255946314594,-0.818445521177218,0.622253299483869,-0.587183804154907
ctsa-4.2,-0.433503131106938,-0.588831815709443,-0.55331798764337,-0.186924447946472,-0.181362601418142,2.3811224240148,-0.0117228111701187,-0.588831815709443,-0.514953019810118,2.03208062614097,-0.239373350756388,-0.525550253175896,-0.588831815709443
pmp-1,-0.525584012763945,-0.576741317412461,-0.666946013793411,0.669498364558228,0.324372699549992,1.57834083237274,-0.649315812491237,-0.61560280210316,-0.370166258165248,2.46174216665888,-0.563969723705578,-0.437710075627005,-0.627918047077801
F21D5.3,-0.595400721578271,-0.660448662859112,-0.649475350717894,-0.0945203937755489,1.90858610742213,2.31171096961876,-0.683794959767943,-0.685198124781212,-0.329945538025342,0.478791488785729,-0.160289296041919,-0.157175480835938,-0.682840037443441
rps-16,1.15031103167415,-0.10049458122562,-0.75765380689521,0.74065944644966,1.43883086077799,0.625719800012327,0.784134823864872,-0.316196585473679,-1.00122941662146,0.727044131124849,-1.99648163847461,-0.568523643523465,-0.72612042168981
far-1,-0.32982517340636,-0.269121003699189,3.30023851805097,-0.347903990948098,-0.344467068218095,-0.347903990948098,-0.347903990948098,-0.341721176364615,-0.293018543933676,-0.347903990948098,0.0258382407897312,-0.347903990948098,-0.00840383847827569
Y51F10.7,0.916499777546684,-0.736379042435866,-0.741204272612481,2.76340954658646,0.11597018820643,0.406125620239037,0.153238366080379,-0.741204272612481,-0.741204272612481,-0.288797119775727,-0.649852813179713,0.282270545592952,-0.738872251023195
T02C5.1,0.850597263363138,-0.974167718178656,-1.62444494084794,0.642910076491755,0.869380219955074,1.10617181420603,0.0809848000181905,-1.32227375104225,0.449464893808388,0.469956829128894,-0.108968246846952,1.00688528402475,-1.44649652408042
tkt-1,-0.182740760011219,0.48103484751997,-1.00928607707968,-0.613600142127674,-0.270351940311536,-0.686573466303135,-0.591066747046057,0.69645024305629,2.21680174370741,-0.437793799096205,-0.863789204488482,-0.445231142813336,1.70614644499365
ZK632.9,0.659362413747532,-1.25382125340135,-0.654644576942791,0.89404535190655,0.782996824703223,1.17728925700406,0.957731777615106,-1.2734283388014,-1.03872588336648,0.177039013026938,-0.345337575140848,1.1823430229559,-1.26485003330644
Y43F8B.2,0.0764566476263913,1.13461445733727,1.74225190681096,-1.05260589305234,0.188461511084728,-1.08636000461287,-0.332693740292028,1.44848958310211,-0.246162551418055,-1.44217553190058,-0.738384000246539,-0.296356113100276,0.604463728661219
K09D9.1,1.25284544698523,-0.732598684747695,-0.809250709553921,-0.232613017558813,1.59750261998164,0.264580352884758,1.95661257618772,-0.870342425655176,-0.622894624063783,-0.820860854929182,0.238676876608722,-0.374359613542769,-0.847297942596732
F08G2.5,1.38697482126719,-0.7953596884486,-0.971621040102081,0.0138667725773982,1.98083339052925,-0.289198597277116,1.20624024577574,-0.969145914415238,-0.451378492284942,-0.82188682443683,0.275835858526214,0.418432881282427,-0.983593412993408
rol-6,0.419478649164075,1.52125348061623,-0.10563492945371,-0.598184009008002,-0.266099936062757,-1.08830897658401,-0.352882264570696,0.520722219100363,2.01445235690035,-1.5384329868296,-0.970559666800023,0.111409175904191,0.332786887623593
nrfl-1,-0.0466502718588544,-0.9044070016728,-0.816064488767975,0.0361139678574652,-0.0584365605985779,0.557430488433496,0.355134052587132,-0.892785793055723,-0.702803734943843,0.246804380919639,2.67709089728824,0.626261843080472,-1.07768777926867
ZK1320.2,0.400605576425332,-0.779036703111491,-0.702178416282198,2.74676393000513,-0.344030125104435,0.232696008785212,0.918646984366818,-0.782031203703561,-0.457540618775031,0.499475799128266,-0.623901095708092,-0.327438932322388,-0.782031203703561
ifb-1,-0.378253478221734,-0.38969550718208,0.212320707989415,-0.394556840640205,-0.372960862638061,-0.355757014593029,-0.364390754544618,-0.395828318338675,-0.395828318338675,-0.23910020173632,3.25359414151866,0.168434778967735,-0.347978332242417
gst-38,-0.2454462608217,-0.589832994933102,-0.540834552628538,-0.256164290318816,-0.193440704682581,0.22274635725904,1.03285576207648,-0.589836865126071,-0.592964902022593,2.96781319038398,-0.428159140523874,-0.193770696639632,-0.592964902022593
ttr-48,1.56800485733599,-1.04555088306963,-1.0838240283143,0.559260084998979,1.59737993225496,0.652629889902324,0.418590170516899,-1.12754321545835,-0.801029642926174,0.538406596579701,-0.476053201650427,0.327272655288386,-1.12754321545835
fib-1,0.216216904706063,1.28044416798949,-0.455459741144303,-0.52742217665543,0.126976653733779,-1.16676774846652,-0.981738813003482,1.26117523244151,1.80563367395128,-1.08441555319659,-1.06088457595842,0.0079323009585206,0.5783096746441
dpy-14,-0.531392986477059,-0.182427808629545,0.329528736572187,-0.535070665058861,-0.506964732617272,-0.529362892367559,-0.326705700226034,-0.198171002534756,3.11065656322205,-0.547739009270451,-0.532879989042522,-0.124416070244065,0.574945556673891
spp-14,1.21106992143885,-0.997868442109176,-0.958413585188108,1.30571393586818,0.497693970143771,0.352736573312272,1.30050300108512,-0.996754173351114,-0.999324178210565,-0.374936806792458,-0.537214323882848,1.19611828589664,-0.999324178210565
pab-2,-0.467590128417888,-0.137846612236487,0.610918885881555,-1.17384872523065,-0.234778438164409,-1.17924349721973,-0.988335321674192,0.698721230640384,0.770247430429814,-1.32773327221969,1.34164102782431,0.42555891402638,1.66228850636061
ZK84.1,-0.301779100057245,-0.301779100057245,-0.301779100057245,-0.301779100057245,-0.301779100057245,-0.301779100057245,-0.301779100057245,-0.301779100057245,-0.121570578487714,-0.183419147737187,3.32278072679735,-0.301779100057245,-0.301779100057245
atp-2,0.336810845157339,-0.613565863626727,-1.25920441529438,1.89904723684383,0.117338623803866,1.18409970892588,0.613246220042954,-0.70015582354375,-0.702007207640844,0.464030731833144,-1.16463687444572,0.901472345816052,-1.07647552787165
F01D5.5,-0.425254234646695,-0.427955512455503,-0.430554197161964,-0.385858282209382,0.0709867006330955,1.19930527008007,-0.417141129310148,-0.430554197161964,-0.430554197161964,2.96055577258868,-0.421867598870297,-0.430554197161964,-0.430554197161964
lam-1,-0.6243520666795,1.56511574676057,0.0868429982650478,-0.839285870717838,-0.759128614717738,-0.838266802416552,-0.835228500778345,1.54419751677226,0.847531338860382,-0.783591019598192,-0.421597130526812,-0.475617568793698,1.53337997357042
F26F12.3,-0.360610978477955,-0.490966563036708,3.11992659089595,-0.423577898306664,-0.224549468593891,-0.372778278272996,-0.38438430151231,-0.424553722697833,-0.0663662210580643,-0.404253872286912,0.838663726966686,-0.37390655495228,-0.43264245866703
nduo-3,0.130304249223184,-0.479736274921857,-0.749236848738837,0.449907552145793,-0.150200635242928,0.780804220169331,-0.696399855398396,-0.923948076383562,0.285538066141674,-0.894211805250784,0.815376309047804,2.51134267339327,-1.07953957418469
gba-3,-0.546259009336562,1.12711211780782,-0.518884235370176,-0.559320940650774,-0.575910029758149,-0.577349677686287,-0.576285475372695,1.81635096821822,-0.121450571038225,-0.577349677686287,-0.577349677686287,-0.469856032713324,2.15655224127272
F35E12.9,0.403247578560249,-1.01515117993636,-1.04236990480201,0.813776548024474,0.617546516908906,1.41059422506994,1.57499580212866,-1.04236990480201,-0.966815409467574,-0.41852951673414,-0.226420635573681,0.933865785425562,-1.04236990480201
tos-1,-0.0231574217808488,-0.664612654320656,2.63315909983543,-0.695117480585228,-0.482424858364588,-0.716803774087051,-0.00616431123485731,-0.579641916210363,0.356889309958973,-1.11722728016225,1.03163762738771,0.672067342726471,-0.40860368316274
ads-1,0.0672408296649147,-0.821114073278774,-1.43463560652459,0.035666902325299,1.14445685070003,1.17169579297434,-0.0144541346556948,-0.931130366938151,0.337730356822272,1.93421494001946,-0.718285252293575,0.336536901062026,-1.10792313987756
B0228.7,-0.432167156081536,0.629946087460401,-0.615083434467726,-0.430475348998384,-0.573698526462601,-0.60987038271855,-0.392854390672531,1.29331910429763,0.218575626514414,-0.647171477478059,-0.592696060712264,-0.534945311704107,2.68712127102332
rnst-2,-0.568272913325191,1.50207088385281,-0.492296123526632,-0.613061616728465,-0.60446673305037,-0.60211888188523,-0.613061616728465,1.48739200478651,0.265025653106993,-0.613061616728465,-0.60762395500515,-0.613061616728465,2.07253653196012
haf-4,0.068788448917448,-0.870737135245101,-1.1083168491642,1.73096371037659,0.0925094381831311,1.09885651160702,0.0158771934569345,-1.02331516140496,0.392237006010707,1.66124386050072,-0.851414183726017,-0.166040575934677,-1.04065226357759
C29F7.2,-0.342689736921078,0.174391947095031,-0.705598710861923,-0.477614097860312,-0.0280055353825277,-0.384991549039138,-0.31231574657327,1.16114823589093,-0.0184412444551131,-0.706963571198402,-0.728642450693102,-0.502223179785107,2.87194563978402
oaz-1,1.10210430989809,0.185159428011739,-0.955486989795348,-1.6623682490464,1.49973544700215,-1.20726847241488,0.107943557593998,0.458101179820279,0.497493247500204,-1.20724757533312,-0.395225497575506,0.932991684800046,0.644067929538749
faah-1,-0.250425644929702,-0.383507568654031,-0.383507568654031,-0.383507568654031,-0.376509957287465,-0.375385306540896,0.984565684875904,-0.381540667452513,-0.383507568654031,-0.383507568654031,3.08384887191289,-0.383507568654031,-0.383507568654031
acaa-2,-0.166834201968718,0.197013943074165,-1.07071123659745,-0.221576971869984,-0.535381018855586,-0.454564232411492,0.106109970077419,1.22556662650325,0.0184143839673106,-0.445120740240579,-0.985738426350947,-0.389242891323551,2.72206479599617
C18B2.5,0.325235626135205,-1.13356999531781,-1.16327373296267,0.407748737855892,0.608622429875164,0.920422703827831,0.808718538591885,-1.16207377594159,-0.901115552571733,1.50623998418201,-0.255311709962473,1.18559336632824,-1.14723662003994
zig-9,0.0453806950572823,-0.812826365365996,-0.829060092270526,1.61593340439373,-0.299074524006179,1.49206234565073,1.23195984875012,-0.829060092270526,-0.829060092270526,1.20624875713279,-0.506246396796279,-0.657197395734112,-0.829060092270526
F56F10.1,0.135672966530222,-1.01654680902605,-1.03440338813379,1.61061924188385,0.476283644431553,1.71210707868344,0.307291142222582,-1.01703703566666,-0.909477791932399,1.03602028147594,-0.225773404835431,-0.0535494163019102,-1.02120650933134
cyn-7,0.98034890770194,0.51257833868512,1.0187593321228,-0.84675179003512,0.457624307997217,-1.10094314006402,-1.05599345801879,1.13476378788909,0.641488272708697,-1.54775874904322,-1.22019858542897,0.945847108786938,0.0802356666983206
tth-1,-0.412307307905733,-0.414209063681009,0.412315760552361,-0.443499459671069,-0.247148241128319,-0.291451471820849,-0.205484247795979,-0.47502664425027,-0.281618085320088,-0.409887128377537,3.21741480018146,0.0737105483598019,-0.522809459142771
F44E5.5,-0.61712032948625,0.41276987228738,2.96634782207249,-0.67815532978569,-0.582710309550214,-0.649544221164752,-0.573064280589856,0.523856020734416,0.294682614254931,-0.70695720134476,0.183857149227333,-0.428820287200115,-0.145141519454914
Y97E10C.1,-0.145839990938847,-0.775944113678403,1.94695173492564,-0.562421812962164,0.118056069579524,-0.290671380046583,-0.316501928615377,-0.828185764942772,-0.565218477039621,-0.235606923683881,2.30296152428428,0.174666289624082,-0.822245226505886
skr-1,-0.502424862626168,-0.176102943265699,2.43909461991835,-0.730781155246978,-0.398171083190767,-0.639820460149182,-0.691667615549706,-0.11943542439865,0.170834685399313,-0.604691268132765,1.80005788950243,-0.713993544631728,0.167101162371544
T19D12.1,1.84802498499924,-0.876462295195817,-0.889571273013055,1.95020293002107,-0.182158125772461,-0.501830179541659,1.05005723897219,-0.889571273013055,-0.335930418411311,0.0431127760722517,-0.367766738438959,0.0414636463346317,-0.889571273013055
ncam-1,-0.664649628865763,0.755428955941561,0.895764254804952,-0.714056623702664,-0.684668125533139,-0.714056623702664,-0.691085120293685,1.75411326285072,-0.359018253161141,-0.714056623702664,-0.177067218954186,-0.686746631154817,2.0000983754735
pes-9,1.04769450822094,-0.81493176093661,-0.845218450297269,2.4650249145599,0.0595479278446264,0.0109282913172617,0.350148532198113,-0.819699514284749,-0.850545599527332,0.11833073053066,-0.764688145194491,0.836008778323164,-0.792600212754211
lec-11,-0.0805369081735677,-0.935197918554363,-0.935197918554363,0.537072475851843,0.0128234606009996,1.21326314937089,2.32773493545722,-0.931806235732266,-0.822498917405703,-0.127553414978712,0.792398627441899,-0.12235768461931,-0.928143650704561
icd-1,1.15519914904702,0.733428235792217,-0.669394567594097,-0.74270061563354,1.03190277347323,-1.16394964625425,0.653829877886413,0.438677769987436,1.24513596808263,0.239550440072746,-2.0148952344855,-0.523002790569426,-0.383781359804891
ctsa-4.1,-0.525386162486842,-0.526592234891584,-0.526592234891584,-0.165274288358092,0.379902280674253,2.26633025620148,-0.522416340788459,-0.526592234891584,-0.526592234891584,2.0883208919416,-0.464818166725541,-0.423697296000472,-0.526592234891584
F40E10.5,-0.326739911974201,-0.326739911974201,-0.238368570900844,-0.316784750054169,-0.128354811423871,-0.0791167337144145,-0.326739911974201,-0.326739911974201,-0.326739911974201,-0.326739911974201,3.31684627300329,-0.267042023090592,-0.326739911974201
nol-58,-0.0185040266816952,1.30071676395202,0.138506205249728,-0.605915449404898,-0.121401706622715,-0.871581923360092,-0.813837390254222,1.79624521398459,0.536867654667072,-1.08257647887143,-0.972905558344155,-0.782178474267073,1.49656516995287
vha-17,0.365364066717624,-1.20419079896226,-0.677225973189312,1.35232863577598,0.158883555117898,1.6142059211598,0.970110043942699,-0.923384461118892,-0.976088892170549,1.23224110272118,-0.60597346476364,-0.573113155205008,-0.733156580025523
F28B12.6,-0.270070028457877,-0.241118564057182,3.32798249992202,-0.280756529267653,-0.282344168798661,-0.282344168798661,-0.277284027750017,-0.282344168798661,-0.282344168798661,-0.282344168798661,-0.282344168798661,-0.282344168798661,-0.282344168798661
ctl-2,-0.453610788190067,-0.227936101536586,-1.53857407573276,-0.0656747042985072,-0.0854581978013789,1.30607588783626,-0.265068880613877,0.0631191614302866,-0.199957027770143,2.11838848782285,-1.38428633201276,-0.293411431978262,1.02639400284495
nspg-13,1.43482536260564,-0.768435068875935,-0.927750202641903,1.21554421455915,-0.269910673508813,-0.419056689393464,2.06608593712791,-0.892682900792606,-0.619272305066722,-0.476695178975298,0.0613630383298483,0.505927691735524,-0.909943225103335
F53B2.8,-0.183886742805695,-0.991747762147772,-0.991411678657115,-0.23821030416972,1.55598152816654,1.3149676866265,1.02084779897475,-0.99918148486632,-0.626710073971389,-0.0765123287282929,1.51058501310607,-0.305579051298092,-0.989142600229465
afd-1,-0.736815548150249,0.204646898314911,0.375556750729611,-0.795688446756156,-0.567149069340806,-0.751985862320893,-0.755847185736378,0.160099919076887,1.18326540941045,-0.862001662851744,2.55490466147556,-0.4975647641494,0.488578900298206
vha-13,0.191198265965809,-1.26202966221337,-0.836541815449637,1.20602625213423,0.382368881324022,1.83985065242886,1.04672067019536,-1.13646060924905,-0.210152487829568,0.838051127636828,-0.820595474818831,-0.383350084291407,-0.855085715833252
dod-17,-0.467060314611024,-0.616385411905452,-0.616385411905452,0.245372363771278,-0.600499926882477,1.9236674320694,0.607518986510443,-0.616385411905452,-0.616385411905452,2.23961475806227,-0.419750255835007,-0.446935983557614,-0.616385411905452
dhs-28,-0.610293748525505,-0.30773561084637,-1.92186850301894,-0.536432381444251,0.44670014402581,0.690516183427737,0.187983261219467,0.791371116946213,0.230285197229029,1.82366602960989,-1.49260611447732,-0.0768145555156318,0.775228981369868
nep-1,-0.531032367074696,-0.115797649609908,-0.378268050057955,-0.539104406598254,-0.491408807121998,-0.53788152045062,-0.53951810291662,-0.0245038754672536,-0.290496884459169,-0.541098132077848,2.28373717584838,-0.451464156448526,2.15683677643446
aldo-2,0.46226602881139,-1.37783687619593,-0.176511681695963,1.08813811870133,-0.0746579251097828,0.919580112901778,1.38793885471883,-1.3821264662118,-0.545232895371389,0.784413830873191,-0.791645070719203,0.94878992769864,-1.24311595840109
M02H5.8,-0.270698361505288,-0.436950892443487,-0.375546091079419,-0.346487095265684,-0.0769221220980914,0.0942534640168092,-0.209665938283106,-0.437428431735436,-0.348345240929762,-0.382540294902984,3.28028761087633,-0.0492655780424171,-0.44069102860747
dif-1,-0.478892643581315,0.656482707649984,-0.686008696334579,-0.675202310790985,-0.213026172206209,-0.487945992450959,-0.4004376394375,1.23620073185528,0.142561935889173,-0.581475841462308,-0.770171190308985,-0.442742186351014,2.70065729752942
C14B9.2,-0.0863065594571354,-0.483148668269158,2.96707549903764,0.0530304203243765,-0.219482973255309,-0.390307714766976,-0.513031654722146,-0.247335739121739,-0.552135030114684,-0.80547625434378,1.05127621346716,-0.573349074468675,-0.200808464309568
apy-1,-0.592265783205194,1.18622169959345,-1.0091419071175,-0.256139750552759,-0.318391362102129,0.142940237981257,-0.762424397202598,1.80821076601097,0.0744010178114438,-0.61073896150226,-0.939443869812601,-0.60845708150642,1.88522939160434
VF13D12L.3,1.89647219914811,-0.905540012740664,-0.845085344548454,1.31609060878514,-0.104691629699044,-0.303121698971356,0.118148835845382,-0.871968995140884,-0.660581421349594,1.49454842850421,-0.859560113680003,0.500365176818731,-0.775076032971568
nmy-1,-0.310435843700415,-0.140504746850754,0.136860410947072,-0.649453011282281,-0.0538495118266015,-0.513895420824713,-0.518246396346323,-0.21640587277001,0.248410734342328,-0.663144910536924,3.19619324840331,-0.183724963840628,-0.331803715714062
tag-10,-0.481454698726719,-0.47075997462631,-0.481454698726719,-0.210847115465578,-0.017023319820397,2.52029940734723,-0.47948998038215,-0.477707191506064,-0.431035559170275,1.90755394128924,-0.419191954120506,-0.481454698726719,-0.477434157365036
nol-56,0.0523378878548013,1.18944709755565,-0.0521612154057982,-0.690653858231545,-0.0322184723452863,-1.12515999277609,-0.912201459529374,1.68187362308255,1.10605278151274,-1.25227057411784,-1.04171898438164,-0.0610773113794277,1.13775047816126
pab-1,0.387305187025522,-0.163870553943221,-1.75348438891,0.218256059965194,1.48570323727138,0.347133186504078,0.531326756427601,-0.281541006751834,-0.0626694659631391,1.4630905267232,-1.95868258075187,-0.168804457589406,-0.043762500007493
C35B1.5,-0.441648143063453,-0.795083596576254,-0.637763845731209,0.369634007413374,-0.578470310379571,0.870793461158251,0.767715807511246,-0.686989183235685,-0.454542372319665,2.76318648564885,-0.233971576630051,-0.212469061092044,-0.730391672703786
his-37,-0.501232101800046,0.997816694471149,0.32945997808008,-0.952914648926515,-0.157017016566508,-0.662281477404852,-0.70703665546158,1.2438248228215,-0.366688145663511,-0.827002408332994,2.45511277421803,-0.519043369828178,-0.332998445606578
F56D5.6,0.84896909064005,-1.12447642572871,-1.07118372296892,1.77016802048122,0.679468948238718,0.833131043112507,0.989114143276621,-1.12082394127782,-0.533152178768081,0.481401265740875,-0.741371105669842,0.113472931084211,-1.12471806816083
ttr-44,-0.193848441750885,-0.696638920983953,-0.701202749389727,2.42108072529422,-0.537798954121215,0.201758663895296,1.61365105230105,-0.701202749389727,-0.701202749389727,0.6835842728179,-0.419920073981993,-0.26705732591152,-0.701202749389727
aqp-10,0.106959380866396,0.356783462940825,-0.99844613594479,0.0829244871571024,-0.132460398601029,-0.472698318878196,-0.376019482006273,1.17384851689552,0.376819171283784,-0.625521413142158,-1.05763142248086,-0.980803112662419,2.5462452645721
cmd-1,-0.352452825161908,-0.880632989949519,1.72186356548625,-0.603200679113062,-0.0151191843005163,-0.500933835663976,-0.382718491204357,-0.979862258888693,-0.0556534052711936,0.368449268481236,2.38747764399336,0.0494121198936102,-0.756628928301229
R06C1.4,1.04108026022848,-0.0375200798053729,-1.39371737893768,0.789190850656628,1.24820315649646,0.201248337325149,0.18724005040885,0.256675820805945,-1.23532763783386,1.53897176876586,-1.44712747875649,-0.600613705447455,-0.548303963906504
lact-4,-0.341274568195856,2.14276384760615,0.249574441382606,-0.691682309425393,-0.413591790239453,-0.67500093241346,-0.80024198691507,1.0695040432686,1.53427388558118,-0.985341323399822,-0.827581701334492,-0.515747311760206,0.254345705845214
atp-1,0.185725357532876,-0.595301928108221,-1.06294494838414,1.22173517518201,0.00651090293621655,1.23671819833544,0.972209026932881,-0.555442631363857,1.30435263754015,0.0160527088872433,-1.74201545922343,0.206744702877353,-1.19434374314451
htz-1,-0.650811269675516,1.5181219423335,0.783658639989538,-0.805693004609508,-0.747392961041343,-0.759441408416545,-0.712170857383564,1.30147628019522,0.283911963771437,-0.833374511492333,-0.457747988669054,-0.70622996385716,1.78569313885532
skr-3,0.496553647791342,-1.18874461609229,-0.819555775060626,-0.0875496623184347,0.968404176816451,0.744510328944812,1.25585871986598,-1.23573777237259,-1.17019381502082,0.549579349854004,1.19588790726049,0.57063282211009,-1.27964531177841
F38B6.7,-0.306561307266493,-0.306561307266493,-0.299237490989943,-0.306561307266493,-0.282015246612747,-0.286687099614688,-0.306561307266493,-0.306561307266493,-0.190416159436704,-0.306561307266493,3.32273782231565,-0.118452674796119,-0.306561307266493
ehn-3,-0.280812518833444,-0.239041665385426,3.32797937255331,-0.280812518833444,-0.280812518833444,-0.280812518833444,-0.280812518833444,-0.280812518833444,-0.280812518833444,-0.280812518833444,-0.280812518833444,-0.280812518833444,-0.280812518833444
his-60,-0.658868906025741,0.817612016789991,-0.162305457151619,-0.675209041412151,-0.657637701492853,-0.668935096134359,-0.669850740779457,1.7802732168384,0.953421970317436,-0.675209041412151,-0.631100995828018,-0.675209041412151,1.92301881770268
nlp-40,-0.026647514547182,-0.917567931243966,-0.991000039755549,0.470299152353935,-0.0151329937790715,1.18674753125313,1.8520672284161,-0.957016878762997,-0.934511945195329,1.41442396874949,-0.499936240894475,0.38234582661838,-0.964070163212467
igcm-3,-0.75939693022011,1.4129173213601,0.912663535959472,-0.760941298693214,-0.769553120307237,-0.768618409009894,-0.771245085096332,1.69984267869551,0.926408984333736,-0.771245085096332,-0.568086525182059,-0.771245085096332,0.988499018352692
calu-1,-0.696617469679453,0.652167157107663,1.98635861192005,-0.761153121039599,-0.681507174201662,-0.792209775195469,-0.780285739191142,1.0006392599527,-0.0939788997514076,-0.81906350288574,0.132226592451071,-0.756695577231833,1.61011963774482
F01D5.1,-0.4741284157883,-0.475122888168125,-0.475122888168125,-0.0761949579662304,-0.208574758679222,2.33610437730328,-0.461255536678386,-0.475122888168125,-0.417354986596859,2.13208250028778,-0.455063781041437,-0.475122888168125,-0.475122888168125
bicd-1,-0.0215282129946172,-0.35969706036244,0.340060380805789,-0.343864690946606,0.142297266712367,-0.347858906248049,-0.390654567068501,-0.642191863334505,-0.12406873153782,-0.682336491152484,3.16186838216605,-0.0629645823660592,-0.669060923673121
R07E3.1,0.82982484317299,1.56561353312452,-1.91668882535633,0.586869762931756,0.261473452601003,-0.251514759584231,-0.525707996941512,0.524786084388323,1.15380513853629,0.221685349923167,-1.48635287320653,-0.710622385121443,-0.253171324468002
cest-17,-0.631865375974019,1.90153146794485,1.62046765290036,-0.859960985257124,-0.665116803362388,-0.793575151525251,-0.822117890393548,1.2099024968133,0.599672315899861,-0.871822183447039,-0.332783282139837,-0.416321893185933,0.0619896317267599
lys-4,-0.07711217648323,-0.5581701104788,-0.619885199272021,2.46261246620026,-0.57826922052537,-0.0999780909204087,0.062468032954675,-0.619885199272021,-0.208080892447123,1.88083040938254,-0.5871700724886,-0.437474747377882,-0.619885199272021
B0205.13,1.00850128346365,-0.641370097227317,-0.446368906606417,-0.566112722792306,1.05628392811386,-0.232837982220775,2.71933329740803,-0.65467020255946,-0.374031124267791,-0.404922274177655,-0.438493385218439,-0.377092475547998,-0.648219338367376
pmp-2,-0.539705948382883,1.74825548308281,-0.79432265524361,-0.662459578727692,-0.383282329441939,-0.629886463342419,-0.655023864931369,1.3616499880365,0.399666056230352,-0.48504676819535,-0.69361731265001,-0.555840949468958,1.88961434303457
gpa-17,0.467080540257805,-0.859928508520056,-1.25661362762146,-0.34004107424706,1.31398402851943,1.07328954079289,0.82088547896095,-1.13916992939851,-0.803961037957998,0.476125243510324,1.24322502915011,0.392517646132639,-1.38739332957907
F56D2.3,-0.427648009441628,-0.415034067880479,1.2085704649817,-0.430851707529729,-0.363539252270248,-0.430851707529729,-0.426128875986284,-0.430851707529729,0.0459590544163452,-0.430851707529729,2.95933284181301,-0.430851707529729,-0.427253617983777
F14B4.1,-0.293989450819621,-0.313112740112489,3.30225299680882,-0.334529176944279,-0.272818322617746,-0.334943000305737,-0.262944355050868,-0.326440379809081,0.127596174948449,-0.346901078595441,-0.275190155895467,-0.346901078595441,-0.322079433011105
hrpa-1,-0.657134685257079,0.742416183870584,1.28544435590965,-0.91142571803334,-0.693249700853988,-1.04174337125584,-0.904536917944001,1.19598193528697,1.14514701266336,-0.816019140944131,-0.231206563783836,-0.628296244869424,1.51462285521108
nep-22,0.47749156193218,-0.92401418188303,-0.950355044319856,-0.0472037024037782,1.19555538180412,2.21886216369603,-0.230693492577858,-0.950355044319856,-0.737088858705338,1.07786286094272,-0.288964143484613,0.109257543639141,-0.950355044319856
sec-61.G,-0.191969189747565,-0.720748604628232,0.37754769086861,0.34048021958377,-0.124249429632665,0.333496845668863,-0.0653418402488748,-0.265146085444349,-1.05367046887815,2.45106430598199,-0.799658254226,-1.40321635829926,1.12141116900186
ZK899.2,-0.737133495520205,1.89467697823271,0.747504026926542,-0.805983836479375,-0.83120346800812,-0.877844758003589,-0.870428692695411,1.02667065051369,0.996561813983592,-0.942693789617243,0.313483040520021,-0.793894848275752,0.880286378423148
Y51H4A.8,-0.279536012236162,-0.283642586107308,-0.283642586107308,-0.283642586107308,-0.255593494824983,-0.281903110014683,-0.241738891654862,-0.283642586107308,-0.283642586107308,-0.283642586107308,3.32791219758915,-0.283642586107308,-0.283642586107308
vha-11,0.417174745712502,-1.23760613731743,-0.693529464325675,1.10905988075724,0.276887654333456,1.157152191667,1.06449309108879,-1.25862578566221,-0.673421339384989,0.735872188103474,-0.878949476528475,1.14889546956791,-1.1674030180116
dhs-18,-0.132775384166654,-0.4892929910252,-1.23669989146701,0.0218772102094101,0.0839389219978592,0.609556096878206,0.169255870076089,-0.0620747311403253,-0.50171627933865,2.93550585719638,-0.894256487298729,-0.309449683083607,-0.193868508837772
sams-5,-0.618551969691446,1.10770324136282,-0.619117471257943,-0.619975256269223,-0.621416729643394,-0.626828932218923,-0.621211701439546,1.84066672413644,0.885593356954775,-0.626828932218923,-0.618659616928151,-0.626828932218923,1.76545621943244
pbo-4,0.937913085456865,-0.535858363896461,-0.605396767538916,-0.42236907502151,-0.639179253484476,-0.640172541570925,2.88605424449858,-0.574580683339335,0.0675203412499529,-0.643183553961539,0.348023473027859,0.267760858140814,-0.446531763560905
ifc-2,-0.719180616166511,-0.777556031006423,-0.776566924329338,0.619213551420613,-0.749925193637006,0.648350756485868,0.16544419100693,-0.781754281967921,-0.781754281967921,1.70437356082379,2.0267253134244,0.201276017408066,-0.778646061494552
Y54G2A.52,1.10950558080846,-0.55041181728385,-1.39944716718363,0.370953391049371,0.99575334093964,0.726382613502736,0.376839450109689,-1.01068282263678,-0.841805453399096,-0.277657003163701,-0.287046353406137,1.89531505273256,-1.10769881206926
T16G12.1,1.73892211645955,-0.674235696020048,-0.679559254529044,2.44290477158485,0.439347429397153,-0.178760638411712,0.0206015762751899,-0.677003864072505,-0.391284902326875,-0.648060913706017,-0.611809595052538,-0.111419927454517,-0.669641102143491
lam-2,-0.694131701452627,1.74466105719004,-0.178147070181172,-0.749490931325845,-0.694248430277193,-0.746273427057792,-0.74949623261091,1.49946250266644,0.916185808293305,-0.750790744818712,-0.341754214072163,-0.68514584444258,1.42916922808921
F38B6.2,-0.299012000361978,-0.299012000361978,-0.299012000361978,-0.299012000361978,-0.150152530993179,-0.254176888674441,-0.299012000361978,-0.299012000361978,-0.299012000361978,-0.299012000361978,3.32497900751283,-0.229541584587408,-0.299012000361978
egl-30,-0.408861664464581,-0.106854023727437,2.95195428236262,-0.606347012255773,-0.201258194137972,-0.386270854451374,-0.614428688295263,-0.206324728053574,-0.281020489649127,-0.373719596604447,1.12487608736108,-0.798244018004104,-0.0935011000800434
his-62,-0.459384111160244,0.781880208575089,-0.492351640033998,-0.694537033631421,-0.452157566631257,-0.745550079001576,-0.520339393086025,1.43400402061727,0.591564559201657,-0.531617584796562,-0.685274893035812,-0.644480330937476,2.41824384392036
dig-1,-0.68306399775459,0.869020681414524,1.68167272590958,-0.73439663154202,-0.732198329014576,-0.748765459193176,-0.74634108107534,1.62816049874161,0.686626910313807,-0.748765459193176,-0.743245094302717,-0.725993051570656,0.997288287266731
lys-1,0.967352374289963,-1.24926998272859,-1.25594108493389,0.463204997858613,1.88017760805885,-0.151488214519641,0.362862863212111,-1.24664617161399,-0.100583060142423,0.427713597434628,0.383216032728207,0.762794803507623,-1.24339376315146
M01G12.9,1.0454067839945,-1.00684229101069,-1.19284641192807,0.330311220875644,0.950542197669184,0.622973471302049,1.2449347419652,-1.07093491259514,-0.654823623739228,0.0670182538469784,-0.687177970558461,1.48066393675574,-1.12922539657771
sbt-1,-0.303088490314928,-0.285634838033685,3.3192727710708,-0.306286235029562,-0.306286235029562,-0.306286235029562,-0.306286235029562,-0.298419392327819,-0.0363729956482117,-0.306286235029562,-0.282865597341336,-0.306286235029562,-0.27517404722745
C48B6.10,0.938974942801117,-1.2949060253171,-0.98779376469884,0.502303836206784,0.722025389538737,0.637444394189853,0.669210699730287,-0.821366849881959,-1.28795406435631,1.87029567327482,-0.37711677899861,0.306564605827846,-0.877682058316621
Y56A3A.7,0.846988848045707,-1.00217842787295,-0.639295207525669,-0.532027011388595,1.31805098410551,0.00271728948351762,0.0681150564891755,-1.34868832814569,0.060768500294173,-0.0789276904961772,1.86541781664358,0.81007886609635,-1.37102069572894
let-522,0.584042921465889,-0.337884997172773,-0.352081974977105,-0.263596376682868,0.0138212754087549,-0.0763390785554467,0.0183601719971868,-0.985346173847645,-0.328995955954196,-0.653103926804199,2.80445429951295,0.759073994289983,-1.18240417868053
dao-5,-0.457492923931614,0.78845874673907,0.00075883536705351,-0.676977730487802,-0.515209870159557,-0.888611271226699,-0.731414126498719,1.93922124553538,1.4899365069414,-0.766922740755739,-0.906180042261757,-0.494658840094481,1.21909221083346
mct-4,-0.566638903423694,-0.717640442184594,-0.0649274707130233,0.490085334605895,0.599137855079709,2.59024746242734,-0.532794124226921,-0.730613341416692,-0.685111616588392,1.26755316312217,-0.488015795918962,-0.430668779346139,-0.730613341416692
T04F3.4,1.87886547911783,-1.05874296028955,-1.10999776433442,0.501749636262382,1.36394192002457,0.42115520101051,0.0662271824366314,-1.10543158168087,-0.697781078472889,0.310152508105519,-0.295797264999439,0.835656487154158,-1.10999776433442
epc-1,-0.554720318423086,0.0634129250485751,2.48292411786961,-0.850857447570739,-0.314936558607677,-0.850131186921957,-0.53445536019713,-0.117604702676696,0.98327009804915,-0.63824572771484,1.31184161352299,-0.716322152674391,-0.264175299703809
inx-3,-0.827981593892641,1.19658205591903,0.330135566383682,-0.835738594759181,-0.811584197042719,-0.835738594759181,-0.835738594759181,1.36094659803908,0.356041465712694,-0.835738594759181,0.881332255468451,-0.835738594759181,1.69322082320833
C42D4.3,-0.321659062847807,-0.318329295394094,-0.224747451625615,-0.321659062847807,-0.316380378181364,-0.320051725220367,-0.318593210720479,-0.321659062847807,0.125388711526804,-0.321659062847807,3.30266772670196,-0.321659062847807,-0.321659062847807
zip-12,-0.567098501655007,1.27951453021704,-1.41449886653745,-0.371134731732469,-0.659937461320434,-0.526242635200702,-0.470482401210912,2.18396054818922,0.221344395168621,-0.0213964934526145,0.0340724167405566,-0.868734511288541,1.18063371208269
Y22D7AL.15,-0.561396118574156,-0.912261550136399,-0.912261550136399,0.620994064471496,-0.601657160031869,1.06799898614369,1.29382940164558,-0.912261550136399,-0.692041612887565,1.99040747061674,-0.0688009188284909,0.595958286865679,-0.908507749011901
cav-1,-0.512264861062729,-0.15611642704313,2.45340156049838,-0.596577838345212,-0.570283186723538,-0.580477328662659,-0.598302647078775,0.16340222224072,0.260282638839035,-0.598302647078775,-0.477440866362529,-0.598302647078775,1.81098202785798
aman-1,-0.163832924611981,1.89009401121399,-0.830275089568905,-0.669587209745283,-0.0302341105776205,-0.628085065322816,-0.802010613740549,0.782134634081042,2.03504260428685,-0.830275089568905,-0.560037438601408,-0.570613623709606,0.377679915865197
math-41,0.323840332274498,-1.18215357636491,-1.18532689405898,0.337308445075575,0.576047116457841,1.06451354080023,0.675667264772481,-1.19049644339157,-0.544073956722736,0.966985593914411,-0.337045455830773,1.69183543166115,-1.19710139858721
C49C3.4,1.11271074243193,-1.06017019674057,-0.918031304562884,1.51117522322911,1.22018949203698,1.22315938793354,0.631541040583674,-1.0690215504108,-0.661975797106671,-0.275093646358988,-0.567520054970034,-0.0779417856544808,-1.0690215504108
F19B10.2,-0.288237707357914,-0.194958304113816,3.32702265852955,-0.288237707357914,-0.288237707357914,-0.288237707357914,-0.288237707357914,-0.284790623164103,-0.288237707357914,-0.288237707357914,-0.288237707357914,-0.288237707357914,-0.2531343650304
C34B7.1,-0.321562778588227,-0.323210113776116,-0.291413079488609,-0.324709726850741,-0.292642886514519,0.0214982983625166,-0.319473176686996,-0.32689336669968,-0.32689336669968,-0.301280922532761,3.31228942510258,-0.182182219966214,-0.32352608566156
act-3,-0.468484350065375,-0.123668508045899,0.238916128110844,-0.497085341092364,-0.406593249039379,-0.486532334970851,-0.402953354696737,-0.303212348046279,0.140074727300411,-0.44727225085755,3.23573007027822,-0.225166834015416,-0.253752354859622
H34I24.2,0.169159271900392,-0.605783250087328,-0.607838210435039,2.9167519142657,0.239713627590684,-0.277528310819435,-0.607838210435039,-0.603187950283343,-0.338109396418994,-0.352003885293401,-0.378481298541364,1.05298390899221,-0.607838210435039
T24C4.4,0.183457589713443,-0.680726617634309,-0.728199512342978,0.743710317460141,-0.0334860703381017,2.50174126974144,1.43254262961549,-0.68650034208292,-0.728199512342978,-0.610416726427835,-0.297713336710325,-0.399900535199936,-0.696309153451129
gei-13,0.0799641940726494,-0.546930106191567,-0.161021086233738,-0.482505136856753,0.187732098666248,-0.448733370631287,-0.32888251424556,-0.651765701251087,0.0380141158243956,-0.15238349080497,3.20021330905155,-0.110944524844341,-0.622757786555542
hmr-1,-0.645178892042688,-0.261436974630635,2.2406336704979,-0.783841105446525,-0.515564617681586,-0.814535242142636,-0.544300992126479,-0.0666071746506831,1.64027394678899,-0.808310909143843,1.07221271116468,-0.144182946922777,-0.369161473663718
asp-13,1.07767816371575,-0.605716630805312,-0.851699574975109,2.56578663846685,-0.0180136202623418,-0.113634898310334,0.274112399623937,-0.80270620868623,-0.630284097404477,-0.216872524152307,-0.737006660368534,0.878053741715309,-0.819696728557195
vha-19,0.571063228751774,-0.921001455007496,-0.771053827053994,1.89255226273762,0.465537974232398,1.63369087172523,0.719507862947983,-1.00177867638019,-0.900895948681221,-0.231119554070396,-0.770110598677506,0.180623702189725,-0.867015842713927
C18E9.9,0.552681075563156,-1.11861000427154,-1.03958766388676,0.785722411934371,0.517874525641922,0.591233418018763,0.054936133626876,-1.24842199527996,-0.617416373142264,0.514083178400249,2.07433391461995,0.190608926775704,-1.25743754800048
vha-12,0.303531848776714,-1.07811084916907,-0.76053915762886,0.979626410803593,0.285517943380641,1.38293396669817,0.624705819280575,-1.05940414106999,-0.939652172295925,1.77770201238955,-0.78332058256975,0.256174745284439,-0.989165843880088
C32F10.4,0.526664697179109,-0.612410144971606,-0.833404483430899,-0.415647696704763,0.825095023505867,-0.218688313008948,0.0619428768083878,-0.806450600102115,-0.221167103582134,-0.2327136492292,2.88478933073609,-0.152298165036567,-0.805711772163225
B0416.5,-0.522425954684059,1.05331883590553,-0.293157545049642,-0.696483453500594,-0.586626614970821,-0.578246806157935,-0.674779252592948,1.57945291797031,-0.0490440769120798,-0.499314134512548,-0.0891396989441003,-0.940174911117996,2.29662069456688
lect-2,-0.393097577599656,0.887067144593592,-0.0845935909451726,-0.701411898578576,-0.681575756977711,-0.701737944117745,-0.69393418866385,1.11373041266228,0.545979728566252,-0.491347508766146,-0.703286901586742,-0.634306497330599,2.53851457874407
iff-2,1.10282720783826,0.299429902025075,-0.766055344176455,0.0914164012708318,1.26352100222735,-0.0196060197183361,1.62565445969956,0.531227603383193,-0.366369248161738,-0.212989466455323,-2.05094847559232,-0.563383853373635,-0.934724168966474
daf-22,-0.440305258374858,-0.470309000492763,-1.86598184620119,-0.0129899006460685,-0.122550854458649,1.0901802439668,0.343205263543406,-0.314291138418163,0.388854331298711,1.97147554505024,-1.36788665888347,-0.0757708732249675,0.876370146840972
cwn-2,-0.454959134601558,1.16125982735076,-0.606194811870499,-0.869850769827098,-0.377374803640373,-0.91321064283033,-0.902514707923827,1.20106040463208,1.15997596803192,-0.86480191751243,1.54938057735248,-0.93287216816935,0.850102179008231
sqt-3,-0.366342195309637,-0.316524421025636,-0.0497037866323002,-0.372431429352911,-0.358118793432364,-0.377053744514439,0.328211863732788,-0.34425775437637,3.26066766574172,-0.377053744514439,-0.327551500328211,-0.377053744514439,-0.322788415473768
elf-1,-0.333703869948684,-0.351850053506136,0.359863948875517,-0.25748175554378,-0.347103379945974,-0.310315192375599,-0.309538209738939,-0.359182876873114,-0.289123224791376,-0.369468785206123,3.2654550747131,-0.369468785206123,-0.328082890452773
ugt-17,-0.25513831955228,-0.767385270579597,-0.771545709006937,2.0807425439825,-0.542079007553754,1.89925363010763,0.621201787315726,-0.766733860208453,-0.382882375651423,0.58551000191202,-0.586911342525243,-0.342486369233249,-0.771545709006937
pgph-3,0.792067529055504,1.16512664467208,-0.33089433874796,-0.762713516450625,0.514824121503231,-0.831853586246697,-0.800934795654321,0.610761793771985,2.26269131755173,-1.2572623016416,-0.534740187334882,-0.304259151302702,-0.522813529175735
icd-2,1.2747596698454,1.15593841748499,-0.261793742809485,-0.660243077346642,0.865692751203064,-1.37194044545783,0.924537111781345,0.631936535761399,0.967594231161283,-0.731377304927363,-1.54426210280442,-0.69746400432076,-0.553378039570991
T12G3.4,-0.712635544327088,1.51762385688378,2.17523965694843,-0.764153800207716,-0.686897997406445,-0.743296120466471,-0.75702648806066,0.545939204552383,0.386083244629974,-0.770641113455192,0.79489775441951,-0.735320836695447,-0.24981181681506
vha-4,0.277432327175558,-1.16922124155099,-0.689145558304566,1.74804075695591,0.108819607984456,1.58024231788915,0.794470932329427,-1.09682251316744,-0.563363359722535,0.857000347539745,-0.787666163338389,-0.0564208415246895,-1.00336661226564
clec-83,1.84469670294636,-0.633097166693975,-0.789848894842132,0.133934597251324,-0.729890072078014,-0.501311009511781,2.00955258534031,-0.789848894842132,-0.603720125948953,0.205636288003714,-0.337838817870742,0.981583703088162,-0.789848894842132
col-113,-0.27756606358791,-0.27756606358791,3.32820032301822,-0.27756606358791,-0.27756606358791,-0.27756606358791,-0.27756606358791,-0.274973623551205,-0.27756606358791,-0.27756606358791,-0.27756606358791,-0.27756606358791,-0.27756606358791
msra-1,0.31772194120747,-1.05533266284758,-0.81053100224885,1.85105000858511,-0.381321954343569,1.7766634396522,0.425536724824872,-0.997992424402354,-0.504034723075878,0.709790896967807,-0.551626136603769,0.264515976310508,-1.04444008402596
F55B11.4,0.42480987258702,-0.937065034870014,-0.937065034870014,1.6234355030313,-0.435233884259018,-0.187876654238102,2.18790947558443,-0.93269595632316,-0.248955391326886,0.363240124071789,-0.478579333952692,0.495141349435364,-0.937065034870014
unc-94,-0.415496238636862,-0.398700167857949,0.536581077207635,-0.480281958121221,-0.380833129159275,-0.339456066728777,-0.339290774216661,-0.42475484566061,0.0313160097503469,-0.374570533783061,3.20197980400217,-0.237460017535853,-0.379033159259887
cpt-1,-0.0812767904567172,1.64818540672426,0.471587777355649,-0.714037670964488,-0.530258630421653,-0.955906861777073,-0.855277799393061,1.14112505686865,0.953542472083354,-1.52024451999893,-0.729210455239294,-0.0764492947485687,1.24822130996787
ttr-52,-0.542187751397436,1.44109533070454,-0.514930162821388,-0.640084144492397,-0.61654668978701,-0.638542284793108,-0.640084144492397,1.89773671238413,0.053368911719825,-0.640084144492397,-0.606752653691225,-0.355339313878065,1.80235033503692
rbm-3.1,-0.441609678907959,0.630668221380417,-0.330795134109307,-0.49193133750183,-0.520479679906838,-0.528104429291129,-0.517239955890759,1.28393752909148,-0.309657454698312,-0.528104429291129,-0.528104429291129,-0.492365510533918,2.77378628895042
frm-1,-0.380793466708086,-0.489384279818857,1.90095971968214,-0.61410496599045,-0.235922718094481,-0.445874573420806,-0.497704390103557,-0.611034746112487,0.427498632855566,-0.960359380159151,2.31654086023158,0.106382550485602,-0.516203242847014
sec-61.A,0.387680937766161,-1.11361008568331,-0.498003807223617,2.45937333989822,0.428354778702591,0.661019694042315,-0.0829327404708487,-0.457088116141793,0.208315593823749,-1.00600130856637,-0.344111315496455,-1.3452757178773,0.702278747226661
C35E7.5,-0.661239258366928,0.695778497122532,0.829604913011454,-0.680615807078338,-0.671622193803358,-0.6906525043013,-0.688502815168852,1.57883149383822,-0.00452098706475062,-0.566528554969028,-0.644964606290781,-0.6906525043013,2.19508432737242
spp-3,0.747126099238212,-0.766073747482657,-0.689917228760553,2.78315572181765,-0.398805277860282,-0.186365184253245,0.256631321746134,-0.764290282681674,-0.322973908921579,0.70045438110503,-0.749502229405305,0.16793475496965,-0.777374419511386
nkb-3,0.460389660961661,-1.06668081228281,-0.952626900606012,1.72580487074137,-0.39530829338121,0.957603913351439,1.02491825703196,-1.05722981765116,-0.282925317404425,1.35148356860677,-0.703218035453794,-0.003066562743794,-1.05914453117
rab-11.1,-0.153602323318571,-0.77167756897581,0.3659295998653,-1.01739704756945,0.416945997528273,-0.413911725771191,-0.500903629757501,-0.211118577935758,-0.0834907135958237,-0.582377073975117,2.99397175422209,0.339632974005596,-0.382001664722031
cytb-5.1,0.393174522747953,-0.190266303654364,-1.17700241138813,-0.228142367700784,1.42727410847584,-0.115039646394956,-0.120279451193485,0.98815628715062,-0.309844031070195,-0.0513749795676221,-1.54594563780925,-1.02031008129767,1.94959999170205
T01D3.6,0.349748857246776,-0.670439714983238,-0.620261377986105,-0.11149184967653,2.95703250231734,0.735116185974258,-0.633247222714604,-0.731095809836214,-0.364487586621398,-0.336742918253976,0.0176960690903228,0.145335646731527,-0.737162781288163
mai-2,-0.191845154644332,-0.659383285392067,-1.06524573226851,0.380707110719765,-0.311464899963075,0.458253281003963,0.234509499129188,-0.537393632861712,0.4729404148489,2.80654659493551,-1.03992422837556,0.0909261236092394,-0.638626090741307
vha-16,-0.0286512137700463,-1.16118836846786,-0.420608398364907,0.395870733715291,0.173544769157167,0.896199022687569,0.745858740604764,-0.918284393514937,-0.430335622318078,2.5188798076651,-0.863849346992731,-0.00849099897607083,-0.898944731425262
lbp-3,0.0757155631674515,-0.384326031500267,-0.425618960095933,-0.40525810759462,0.0716511730303492,-0.405082814119876,-0.662859866815796,0.81237957561134,-0.402437092529726,-0.56352243057765,-0.818799351821959,0.095940700464863,3.01221764278182
C17E4.20,-0.690196598673495,0.305890578849512,1.84944662944694,-0.734401336716687,-0.694506238373946,-0.732386506641592,-0.716793703251429,1.52060354273417,0.432896680588932,-0.734401336716687,-0.517860504506637,-0.734401336716687,1.44611012997761
T26C12.1,-0.539453459232274,-0.490102012687747,-0.520459832155933,0.728809820497668,-0.52217682712094,0.597878190618072,-0.31168003885082,-0.462417787866965,-0.460219192262368,3.01584463452876,-0.407337725963905,-0.148543791775778,-0.480141977727774
F22B7.9,-0.330733990543439,0.149731316371812,-0.353642823386583,-0.429084256737638,-0.408054595680362,-0.454453849653736,-0.369688901671891,0.879782028126875,-0.387340401033927,-0.466193409559988,-0.445112251572502,-0.466193409559988,3.08098454490137
his-35,-0.381357620577325,-0.82901314277176,1.34534570119758,-0.558149943341048,-0.199520185940416,0.256333505527882,-0.329198636675168,-0.906789243027353,-0.524804161398735,1.104234784078,2.34767543776629,-0.411539850780766,-0.913216644057172
adk-1,-0.247608787788033,0.704546286760309,-1.24353630420926,0.00872688112268404,-0.623260898447266,-0.321898763433689,-0.332672486512439,1.65345191374382,0.483789267282935,-0.799658212024931,-1.15053711755381,-0.20935261973211,2.07801084079178
hacl-1,-0.36766942714515,-0.237881512854768,-1.69821432100186,-0.837060819003763,0.330703760900758,0.481313616857524,-0.387993372257359,0.778406892890053,0.340953264339422,0.677418839486516,-1.2834865161029,-0.0108850022700401,2.21439459616156
hsp-12.2,-0.384529252510677,-0.295325717236262,3.13540772385691,-0.390958402358063,-0.377468016393613,-0.392910131959428,-0.386122121987348,-0.368342438093667,-0.392910131959428,-0.392910131959428,0.835425878681543,-0.392910131959428,-0.196447126121115
C25F9.14,1.20344218325523,-1.12076700056558,-1.04655612679924,0.735700519841457,0.787487426012948,1.0935091189603,1.27564285447919,-1.10288488370076,-1.02126324602535,0.623945490108093,-0.518360693981354,0.210114364890543,-1.12001000647548
mbk-2,-0.577587056358989,0.0811188050813176,2.62633640662589,-0.798497653404553,-0.738162630467984,-0.684911541687605,-0.667092128384354,0.103918744227504,0.271270874107069,-0.924477816185017,1.25682916019714,-0.244180309357866,0.295435145607452
snr-7,-0.52118352471392,1.26453449392725,0.0627333237580844,-0.698431537056266,-0.56871722928162,-0.721797689477641,-0.80857545754498,1.76345834302458,-0.26528149706597,-0.902674601220492,-0.578649443719979,0.0229159571811574,1.95166886218979
C25F9.10,0.824548857690086,-1.04198963779046,-0.941392713714937,0.164221306846616,0.54783058592533,1.20394351303671,1.90438841625421,-1.06095020539093,-0.99495778069178,0.279691906785384,-0.464493849018546,0.640109805459245,-1.06095020539093
hmit-1.1,0.508738894741362,-0.900640334909665,-0.904698508030324,1.18631161874616,-0.46063222838318,1.45338164427632,1.87490936255475,-0.904698508030324,-0.904698508030324,0.0666604787458876,-0.501345914866115,0.391410511215766,-0.904698508030324
vha-14,0.0674900080949224,-1.0699310005726,-0.937010720152204,0.743237890898776,0.200052537445293,1.30111135807198,0.723527164950156,-0.985999863627685,-1.11886233709777,1.41045666431341,-0.661342951256867,1.27258408171945,-0.945312832786868
atp-5,-0.0538759766450501,-0.626906137442295,-0.629170644918502,1.01174461492815,-0.0984538856328606,0.757316399491572,0.733475263756762,-0.536854677912384,-0.478825646481001,2.48276571761829,-1.17982225785439,-0.824262555333278,-0.557130213575009
elt-7,-0.55045856244345,0.556453543206655,-0.572064064081017,-0.635400843419929,-0.563861279397886,-0.535416114182207,-0.526225150499159,1.77391496774755,0.383745355934688,-0.580467790699041,-0.687973270359737,-0.408278397637761,2.3460316058313
dhs-3,0.263607563380997,-0.54716323584694,-1.04230863602068,1.76197013850756,0.164936285590278,1.08276523200363,-0.0630390004857429,-0.864341263206992,-0.79521959317257,1.90975471294871,-0.483952468585738,-0.610174609391838,-0.776835125720665
F14B8.6,0.503928679021426,-0.609897863138552,-1.0662881545939,0.200737842786443,0.00899065977891372,0.147645377335934,0.094963243869381,-1.0855725541909,-0.410908096601195,-0.511749467381724,2.41482460931332,1.31343665477729,-1.00011093097644
F01G4.6,0.0734286488967407,-1.18015587619074,-0.747529786834211,0.931300196281655,0.0833064547399701,1.31960593524056,1.27498252550084,-1.12084634435037,-1.25196219512598,1.3746168312159,0.419594774527892,-0.256046408280957,-0.920294755621308
unc-44,-0.888095685858216,-0.262980596271331,2.54113869217403,-0.849763730413329,-0.813847919896462,-0.506630231727498,-0.850526256338313,-0.270221159316312,0.1411160954608,0.350317260026475,1.00351127955283,-0.509442861619197,0.915425114226532
T01E8.8,-0.144939070361609,-0.481243275681599,-0.463600992124895,-0.443343976099332,0.0799276611509218,0.199839631066825,-0.176576422174809,-0.481899633656936,-0.486022604745093,0.0637353569814545,3.22339209636983,-0.43343690312139,-0.455831867603368
Y16B4A.2,1.93767275577186,-0.92968769370976,-0.92968769370976,1.5959736630222,0.603783794794483,0.64550184509469,0.271574364146514,-0.92968769370976,-0.92968769370976,0.340135606977262,-0.632309583039185,-0.118060482839299,-0.925521189089485
cest-33,0.31624442452724,0.581518513575973,-1.82660688192324,-0.26699713768798,1.48890837287676,-0.134307765018552,-1.03701521552011,0.74691652214118,0.837002512783999,-0.228290261060935,-1.60795747947959,0.17251586123928,0.958068533545979
rpn-8,-0.435247551582938,0.0323364713566112,-0.36339225859986,-0.327162917075036,-0.370010934885197,-0.429587301343651,-0.347501070015826,-0.236017132527615,3.26830411041844,-0.0584250089203441,-0.211105424403332,-0.582325580479902,0.0601345980586469
F48G7.5,-0.348361809550638,-0.350863299184479,-0.350863299184479,-0.24912080940694,-0.3392078787301,3.23367612134654,-0.350863299184479,-0.350863299184479,-0.350863299184479,0.509920769816974,-0.350863299184479,-0.350863299184479,-0.350863299184479
par-5,-0.460422898925389,-0.143501656389159,1.23742562055116,-0.661604037857252,-0.191178557452841,0.251176873077592,-0.0710442744142588,-0.453489395614864,-0.393440134912747,2.79196481422289,-0.564021683226761,-1.07084073553497,-0.271023933523386
F37H8.5,-0.556446154133439,0.426105860496912,0.4186538571482,-0.611066162563331,-0.59890450410239,-0.632368161316296,-0.632368161316296,1.1268637396276,0.00692424514371779,-0.632368161316296,-0.624580903040642,-0.438141662818916,2.74769616819117
T05H4.11,-0.598061283166272,0.457474017145195,-0.100094622874163,-0.681065855302561,-0.615175973834454,-0.70152060384934,-0.711158728103942,1.76909457685064,0.658369895351381,-0.619526378311354,-0.467392294267564,-0.631247048605765,2.2403042989682
gtl-1,0.0834665078603906,-0.959539270027187,-0.951608716653573,1.60931154010395,-0.0789702672851713,1.73725031641352,1.27173350984645,-0.965298162135146,-0.919060837572867,0.33481181314823,-0.316981187522316,0.120182915958871,-0.965298162135146
haf-9,0.425150703460438,-0.920951060855959,-0.953249782563411,1.94596135909917,0.728334707910806,0.9039615322976,-0.274091483760492,-0.991385079704733,-0.354957387104997,1.47845804095075,-0.688901462409617,-0.302172112033998,-0.996157975285559
hum-5,0.493546124644176,-1.06718182673911,-1.10741100701812,0.395860976742972,0.654342011910081,0.895273298769941,1.4815607183951,-1.16490679687928,-0.938715609704476,0.274074809463029,1.44124837142916,-0.180047491696071,-1.17764357931741
C17F4.11,-0.258041610030917,-0.31035641727368,-0.31035641727368,-0.31035641727368,-0.308643265915439,-0.31035641727368,-0.202002624753265,-0.31035641727368,-0.31035641727368,-0.068415863389794,3.31995470227886,-0.31035641727368,-0.31035641727368
spc-1,-0.405762717622788,0.0457278828145948,0.84874354321745,-0.87084527408231,-0.336855765533498,-0.671189651673483,-0.69963356897618,-0.191053903906459,0.394553463346095,-0.819561225619674,2.88694475069179,0.117284238952578,-0.298351771608115
F49E2.5,-0.17136955075259,-1.22562517040844,0.626528531710161,0.345033647960509,-0.30339419460314,-0.179115930837637,0.667578846981091,-1.33200381110612,-0.278241747495024,0.774582689498954,0.205475065746262,2.24003564273072,-1.36948401942474
C12D12.1,2.01654364376539,-0.777544824830591,-0.798847566897965,0.790696955709255,0.243402137274441,-0.543134248449445,1.68789079714084,-0.793370406010604,-0.755343198521284,-0.80255057461912,-0.0726235615078748,0.607431421566079,-0.80255057461912
gst-13,-0.0349081533507223,0.652522644777746,-1.51228877654873,-0.157388164853144,-0.634859331440315,-0.028575473800721,0.602815417112568,1.3209740572904,-0.569210012860702,-0.755025484384147,-1.21341478321146,0.251007322776234,2.07835073849299
ZK1307.1,-0.417816014860753,0.185153056466423,-0.531817622314823,-0.470119900361279,-0.382931476932848,-0.336091546423167,-0.455170772640554,0.877511388423855,-0.111759569002797,-0.481460903225089,-0.512813359547694,-0.422822707786381,3.06013942820511
fbxc-51,-0.634315510676065,1.24765581786291,-0.0569546923533046,-0.641397262011566,-0.641397262011566,-0.641397262011566,-0.639079195336709,2.14172277978977,0.141116589900653,-0.641397262011566,-0.605323674147129,-0.641397262011566,1.61216419501771
tag-273,-0.354562537136008,-0.387308561884535,0.964821269934828,-0.414007340015319,-0.00268483824777203,-0.399530923085525,-0.41566264842278,-0.42951174005496,-0.3499663243137,-0.441228553385897,3.07130553190174,-0.441228553385897,-0.400434781904172
glrx-10,0.239657829374091,-1.00431955099384,-0.585233505790286,0.47644912474464,0.0798441015765517,1.13319021149366,0.957495471684763,-1.02868858938508,-1.05507820741355,2.10254799976304,-0.654025127210061,0.346667199139624,-1.00850695698354
epg-2,-0.679772500688447,0.54808111482451,1.61658361375843,-0.764485707348686,-0.665333325369507,-0.914990084033532,-0.733992491928111,1.45539173927755,0.823473666948041,-0.721548376275058,-0.62640032183567,-0.739029734461607,1.40202240713208
F49E2.2,-0.00698118444758058,-0.98879533565241,-0.957734474827591,0.440870443067357,0.0817713461534689,1.58275030432034,1.6286398466959,-0.991300837468088,-0.899429304564821,1.38857567198749,-0.213483079991581,-0.0774669857170176,-0.987416409555459
cpr-5,-0.485807121505229,-0.491742273381712,-0.491742273381712,0.761766286519288,-0.488746323967869,1.36033948537476,-0.438896094732606,-0.491742273381712,-0.491742273381712,2.69220177939394,-0.491742273381712,-0.450404370792009,-0.491742273381712
K08D8.6,0.372167589626574,-0.953341495471443,-0.988177428407343,0.599636750671452,-0.191621883462105,0.985008804065262,2.2859176862615,-0.988177428407343,-0.93994569478051,0.409053757366834,-0.200049138307394,0.592361942254878,-0.982833461410364
kreg-1,0.774340735819292,-0.789108824807506,-0.789108824807506,0.390445735699495,1.97689546440361,0.929102137032382,1.53053137788338,-0.789108824807506,-0.737679505346161,-0.789108824807506,-0.293222571661745,-0.62486924979272,-0.789108824807506
lpr-6,-0.27945561312407,-0.276061025110171,3.32818377090212,-0.27945561312407,-0.2743738018632,-0.27945561312407,-0.27945561312407,-0.270734055521919,-0.27945561312407,-0.27945561312407,-0.27945561312407,-0.27945561312407,-0.271369983414273
R08E3.1,0.873076048694497,-1.23278484290772,-1.2349998908341,0.990822565274528,0.962473156386854,1.12110860289514,0.449603384509827,-1.2349998908341,-0.70419264360447,1.0897250524701,-0.143986770751787,0.293128128665887,-1.22897289996465
R53.4,-0.125734296225804,-0.701519140067875,-1.2864661060432,1.20520608490224,-0.255710310720095,0.970989179431292,1.13149830336099,-0.196548422753494,-0.860160809900783,1.88126991539524,-0.94697869027818,0.115906187746905,-0.931751894847239
C39H7.4,1.04419278834417,-1.20357077651943,-1.20357077651943,0.835967145500667,0.763796657762897,0.953326328623039,1.44350117340351,-1.20357077651943,-0.851731372059818,0.205115618877956,0.0494561416307951,0.349156248987833,-1.18206840151275
rpl-24.2,0.2819710315284,1.24879631389689,0.549551322242123,-0.77598542321823,-0.155275589044605,-1.12109361547794,-0.0543902417095085,1.79149458711179,-0.779748805094926,-1.04060861372116,-1.04421267167175,-0.338438576592965,1.43794028175189
Y38H6C.24,1.47698896989758,-0.589469584669923,-0.370707265686871,-0.388453130579909,0.588707347373783,-0.35130978779871,2.65804031277069,-0.603277911550846,-0.603277911550846,-0.603277911550846,-0.24305230057803,-0.372993830080094,-0.597916995995984
inx-2,-0.680836920863253,1.4411744788293,-0.174121297734176,-0.705099646810789,-0.684334147068098,-0.705099646810789,-0.699418065226998,1.56066293406826,1.37865572414798,-0.705099646810789,-0.639563328662834,-0.705099646810789,1.31817920975297
alh-13,0.0189242080240072,1.42456029813529,-0.959146528606846,-0.82608224578346,0.435854518678995,-0.663170977568397,-0.800962721361362,1.65295436178783,0.132437816208162,-0.555732347779674,-0.683084889294949,-0.859557515787175,1.68300602334757
Y66H1A.5,0.429511722582226,-1.00290583669108,-1.06076193843003,1.4256344911685,0.590260225557416,1.4335814891266,0.973972179590553,-1.04423998042597,-0.796236029636622,0.9974896178799,-0.643295168303498,-0.25294331793393,-1.05006745448407
F13H10.6,-0.326932771669472,-0.363993390036477,0.46839556332475,-0.349115094500317,-0.309595328123171,-0.284848595204342,-0.322741358863881,-0.363993390036477,-0.363993390036477,-0.333390732668643,3.24361833468826,-0.363993390036477,-0.329416456837271
F54E2.1,-0.346916140984287,-0.83160637803346,-0.833953671190681,0.0164125839068017,1.59034775728919,1.82829335224282,1.53560562587632,-0.833953671190681,-0.833953671190681,-0.248987168424922,0.116746837429219,-0.328738112729685,-0.829297342999953
ZK1128.7,-0.663925560750653,-0.852244016012453,-0.737154012144934,0.11546771092188,-0.825172678989367,1.06381245542579,1.08814093700936,-0.831835274551286,-0.953519899697996,2.12339491812494,0.700014751721846,0.458244540804412,-0.68522387186153
M04C3.1,1.23991406428624,-0.720452338253417,-1.26476533075759,0.301790193967019,0.150854066138321,-0.160519193028505,2.22561835583561,-1.16843028289511,0.0939160221103496,0.0415416529466622,-0.427237165941995,0.750500056424818,-1.06273010083239
fbl-1,1.04927098826543,-0.9946428584735,-0.788406906678608,0.968205611154157,-0.226097712938914,1.5150501670332,1.61906544151646,-1.0014060457253,-1.0014060457253,-0.0484522466087326,-0.489804799988258,0.390010232393233,-0.991385824223858
F36A2.3,-0.417766919837052,0.0375297404341353,-0.427045678026359,-0.427045678026359,-0.420472770499053,-0.427045678026359,-0.414803704813522,1.03023171613743,-0.338908624892283,-0.427045678026359,-0.423561271106863,-0.384209127771598,3.04014367445424
F54B8.4,0.0499726886757706,-0.935031097597656,-0.711458327456868,0.489899804681819,-0.293601783767347,1.11137037949942,2.5109515459462,-0.824457645710492,-1.00994678541619,0.499576959099049,-0.0821503127461986,0.0825449077133404,-0.887670332920847
Y46H3A.4,-0.279853315743473,-0.281201670063211,-0.281201670063211,-0.281201670063211,-0.281201670063211,-0.281201670063211,-0.236073441584938,-0.281201670063211,-0.281201670063211,-0.281201670063211,3.32794345796052,-0.281201670063211,-0.281201670063211
Y48A6B.7,-0.444943673538137,-0.455529803053278,-0.455529803053278,-0.160381919287434,-0.436971417520466,1.31742567437156,-0.266428222106158,-0.455529803053278,-0.398869873702542,2.92179489866922,-0.316217240132309,-0.421287179439733,-0.427531638154169
Y75B12B.3,-0.221916725322258,-0.302992907435847,-0.228290432594032,-0.31529375176231,-0.309224535474092,-0.303032536566626,-0.298991090713603,-0.311866927011382,-0.105604714754252,-0.317192297534166,3.32212801980946,-0.317192297534166,-0.290529803106729
T08B1.1,0.726700532248969,-0.869709197364462,-0.884170276717323,2.43289240494116,0.105527620968754,-0.148444380941702,0.809242950690345,-0.884170276717323,-0.682238381055449,-0.0870301541284406,-0.599323213561515,0.964892648354303,-0.884170276717323
his-18,-0.565035206489218,1.03512781013942,-0.283168957423246,-0.601152705286153,-0.574613698100645,-0.603385160317333,-0.603385160317333,2.15845550635548,0.000821008382930613,-0.603385160317333,-0.592862607262642,-0.603385160317333,1.83596949095341
hbl-1,-0.475679500591589,0.788785922127036,2.55733020090873,-0.627811648269233,-0.362501064359366,-0.621227966840511,-0.622625456725532,-0.274119359458455,1.48068252304457,-0.629937457800056,-0.0898089799632967,-0.629937457800056,-0.493149754272242
Y94H6A.10,1.78987127109757,-0.544070871290179,-0.986243860303774,-0.315231883430784,1.02711430186563,-0.13817408311502,0.811658560000934,-0.93593512754906,-0.0658685920249821,-0.896370124485713,-0.413947223771973,1.67853986799079,-1.01134223498344
lbp-5,0.104676194568994,-0.409918327207473,-1.37488270770292,-0.0722454090508672,-0.17853448631799,-0.233985092797981,0.241303151775954,-0.32570138201124,-0.0698309629207145,2.98686801314363,-0.850854629141156,0.0299838170634864,0.15312182059828
R09H10.3,0.571692878574419,0.512411460098272,-1.70863441769097,-0.75719963901734,0.807686264472688,-0.350752878500652,-0.466665411153543,0.52620781761569,1.20261479438026,-1.03944136199291,-1.17850535679664,0.246079056551584,1.63450679345916
K06A9.1,0.29369590441382,-0.935121862063017,-0.945649017414021,0.541003799300875,0.574335170791555,2.51916401248252,0.195933309198162,-0.945649017414021,-0.845143153920669,0.739230950474963,0.0477839326305602,-0.293935011066707,-0.945649017414021
ugt-16,-0.266745050566819,-0.692124951063346,-0.93976537063067,0.425168344617416,0.66739969888526,2.35570428725709,1.18714393702428,-0.609751396399723,-0.776546504222653,0.734094789763179,-0.778406302188606,-0.720659928739422,-0.585511553735989
E04D5.5,-0.435271054328318,-0.47706488702837,-0.49652799244838,0.510250365510108,-0.450588565287085,1.22198627177026,-0.439365649904856,-0.494898627688436,-0.530539203585723,2.84789031292241,-0.439247414916163,-0.299962798090271,-0.516660756925177
hsp-25,-0.0624073028820538,-0.223057664711163,0.319349051150338,-0.366193181876702,-0.0244230406588707,-0.480994100428386,-0.366720981997098,-0.417191662894951,-0.253753253618578,-0.174161283977097,3.22263062977245,-0.61533323643908,-0.55774397143881
hmit-1.3,0.833015274152692,-1.14402149516507,-1.15047967049361,1.19070687061406,0.530104766901589,1.49115412858664,0.595440400481907,-1.14432174096029,-0.656069142934912,0.977420624050754,-0.591338656627888,0.211664528910475,-1.14327588751635
F17C11.11,0.946036886638751,-0.922951722467605,-0.266976826055008,-0.550778256873771,1.11709515548916,0.0410600839237907,1.46889872776324,-0.979425008766368,-0.820469636540599,-1.08369990494735,1.4769993256481,0.621451349278112,-1.04724017309044
trap-2,-0.388680720625664,-0.24793163088052,0.0187431284758285,0.497699857368498,-0.452299187527816,-0.231231561349437,-0.748549643111305,0.618038652396655,-0.127470415492264,-1.00606835475163,0.132100434531949,-0.95828764275755,2.89393708372325
gpd-2,-0.580854496877653,0.943330804984557,0.0787166611441135,-0.50950603739129,-0.698368229444158,-0.748434586837602,-0.491122386244695,1.52768301241909,0.64826405623943,-0.87550619639697,-0.61770219592888,-0.828202258113607,2.15170185244767
his-32,-0.570681935643466,1.17355478274186,-0.302030591568557,-0.581134706936547,-0.573497495187919,-0.581873218825095,-0.582396071626835,1.45838788179707,-0.0831793654386021,-0.584086969837331,-0.57864667627136,-0.584086969837331,2.38967133663412
F23C8.5,-0.227194450656016,-0.656166276060507,-1.46548562806622,0.371176644944267,-0.337621231439511,0.441207516318104,0.649365057657067,-0.246490947821376,0.504670177828806,2.63731011934594,-1.00317765630779,-0.302009482314583,-0.365583843428177
ceh-37,-0.970671298837553,-0.482548566288404,-0.523206239410754,-0.655576791109276,1.34651007387132,1.0269847740859,-1.01120042079578,-0.0732519017822177,0.184183015320344,0.969854782589777,-0.906565097393493,1.93145092090681,-0.835963251156671
gst-10,1.05293445473398,0.610026954698595,-1.30702125175194,-0.860072850127513,0.0844482401109459,-0.710815812086377,1.74924131948284,0.296674849731417,0.858678823017905,-0.895794964460467,-1.52529412035238,-0.0859619539329243,0.732956310935916
K03H1.5,0.624358362028833,-0.695915628207224,-0.867338201560711,1.6901826604342,2.14555115118499,0.52615269983953,-0.279631382964064,-0.867338201560711,-0.227559105339181,0.196920184101007,-0.779348792042294,-0.603369845472556,-0.86266390044182
erm-1,-0.253061081764208,-1.03721394395651,-1.34896899400044,0.586457421718977,-0.137954962035934,0.724531603038354,0.547650627455385,-1.21076948048114,-0.356523734365296,1.22989022373611,0.933501740480722,1.54388734466617,-1.22142676449219
gana-1,-0.417067877985713,0.590764569684799,-0.704940181837282,-0.244816475364521,-0.307821132523696,-0.3811785067501,-0.289406703814253,1.02823546956883,-0.378458551426705,-0.426787577336101,-0.644743567506458,-0.704940181837282,2.88116071712849
casy-1,-0.333478610138447,-0.347186315678549,3.29008553088324,-0.347186315678549,-0.347186315678549,-0.347186315678549,-0.333209306728283,-0.344068128202627,0.118744999892829,-0.347186315678549,-0.00290037364873383,-0.347186315678549,-0.312056217986683
cox-6C,-0.0138026055095523,-0.55385114313246,-1.00455048585279,0.254113185459556,-0.173750305540853,0.222850569738944,0.393774943878402,-0.475481473241353,0.446551977595872,2.22598576475827,-2.07714302382997,0.827198228750456,-0.0718956330745175
hum-4,-0.408266445207399,-0.815925912886715,-0.534106522277192,0.601815843469374,-0.556758682363331,1.24564802683163,1.69473136920529,-0.811733501894904,-0.826961651039554,1.79769817686912,0.154630598475854,-0.747987310154103,-0.792783989028063
fos-1,0.0701939272617762,-0.644814684780945,0.642224998085319,-0.479436245405949,0.0328907619008713,-0.332980449781101,0.0751557164023705,-0.77489783277799,-0.331013729501218,-0.632763205635403,3.02121395199578,0.108794605458023,-0.754567813221536
F14F9.8,-0.307126056604524,-0.312262946298293,-0.177543187566816,-0.314497007618836,-0.311928548937241,-0.310719006748355,-0.303911900341277,-0.314497007618836,-0.314497007618836,-0.0199688961579881,3.31594558074868,-0.314497007618836,-0.314497007618836
C32H11.4,0.719439655274882,-0.758524356239276,-0.758524356239276,1.16360396045489,-0.417210505355573,0.0807784651690953,2.51044243361419,-0.758524356239276,-0.702683671129904,0.611871883094592,-0.61009692271438,-0.322047873450681,-0.758524356239276
agr-1,-0.2988775195702,-0.341577001333441,3.27311645397254,-0.263502967845416,-0.336645246418846,-0.318507106320834,-0.252731278298731,-0.358562254333827,-0.358562254333827,-0.358562254333827,0.316630428177693,-0.358562254333827,-0.343656745027462
C08F1.10,-0.53817433538508,0.498153648368326,0.397534518379512,-0.567809211903635,-0.564255268520573,-0.567809211903635,-0.567809211903635,1.29925185599468,-0.46082012644924,-0.567809211903635,-0.483321928153682,-0.567809211903635,2.69067769528423
cest-10,-0.285522031198046,1.19061535771958,-0.923534879849274,-0.548243547110604,-0.593914932273522,-0.625248242598644,-0.635129157992112,0.99689417460428,0.36135659175625,-0.280806766587353,-0.833145506948414,-0.314165281410621,2.49084422188848
F27D4.1,-0.433774670511505,-0.0347077227714357,-1.59694475394771,-0.218838202282497,0.143809121040348,0.68900636170902,0.0534100123584257,0.530533335673284,-0.826385444847198,2.55808970988736,-1.0788123642126,0.00937513283363751,0.205239485070876
F52A8.1,-0.654810753636693,1.86382903589643,0.0868120922531752,-0.683519733592333,-0.77996980414626,-0.636224067872306,-0.7998767836568,1.36498618058076,0.392970976034068,-0.459637287017313,-0.621795232555462,-0.745576232001358,1.67281160971408
let-767,-0.306900504285454,0.91423087756251,-0.800721838690641,-0.727943913802373,-0.224827822316504,-0.652361461240703,-0.496916522511501,1.3892378420677,0.125992219136803,-1.00379250229971,-0.588074871964306,-0.051543406099812,2.42362190444399
asg-2,-0.254943576829913,-0.779987310947311,-0.965395621003062,0.739436280472443,-0.528940765279033,0.455848894910483,0.531133723344646,-0.738285653688509,0.845078767366314,2.26031406579549,-1.24501024820746,0.58500160975153,-0.904250165685617
hmg-1.2,-0.538320296057207,0.628451949418455,2.76198803822788,-0.810131397598716,-0.575168465908959,-0.769816458844247,-0.639035706915525,0.441197569650241,-0.197875095384414,-0.17411757870647,0.103831238751121,-0.951258064615857,0.720254267983697
let-70,-0.161410546777759,-0.900974200084502,2.6879369877418,-0.780960922565286,-0.227632323496549,-0.4267343557761,-0.294234734194258,-0.62411451458706,-0.222533455248592,-0.0724807100801267,1.4712263317398,0.161703860566241,-0.609791417237608
yop-1,-0.730530951885251,0.679593304699312,-0.0652907700905654,-0.825188125408547,-0.854839349623868,-0.77709454023251,-0.7771882493855,0.745305305428289,0.489813674492433,-0.718300180223728,2.16033153713882,-0.706263272302064,1.37965161739317
hsp-4,0.120257930428303,0.961969510957268,-0.596220602449589,-0.457643874195564,-0.59414016608316,-0.946511711637712,-0.382292788949596,1.78083652653542,0.219899874732711,-1.21447722072354,0.19559621098937,-0.949111655795643,1.86183796619174
ugt-53,-0.625303162748172,1.60310838993056,-0.611288567602259,-0.61822991927966,-0.623267104032195,-0.624681130429165,-0.605879709143923,1.52755083983618,0.297236167676077,-0.626849770811328,-0.618916721302398,-0.41455261300278,1.94107330090907
vha-1,0.659829954539983,-1.25413713644699,-0.661634263449546,1.1442204851423,0.646713715752334,1.15559048090591,0.878508340447796,-0.991451407350638,-1.41593015439458,0.88592949104763,-1.09949036194603,0.632732931514858,-0.580882075763021
C18E9.5,1.20668535373551,-1.02163979426747,-1.34426017264329,1.90694668513283,1.11479404191119,0.114487970738971,0.628741478737747,-1.05370503012599,-0.0966870295979692,0.0623174411905001,-0.717064907216993,0.0726038023034942,-0.873219839898543
pals-24,-0.306154351995366,-0.923076247706,-0.810623212479613,0.636124616070377,0.507378437477778,1.74636292673426,0.00456313232648596,-0.923076247706,-0.923076247706,1.57068498704874,-0.728414754378881,1.06769750722924,-0.918390544915026
vha-15,-0.130336449972063,-0.903592895214364,-0.514322081458492,0.422887715129079,-0.0334510657668627,0.582615973400791,0.193166744702973,-0.552547948460887,-0.668864927776795,2.95926160347611,-0.641061828920714,-0.0655912111250651,-0.648163628013706
C25A1.16,-0.00920454434594024,0.759310194024944,0.711460450071089,-0.824358524736797,0.21122783679336,-0.983386352485012,-0.212050375949364,1.61532421809776,-0.0680606057607144,-1.55078331647798,-0.984515169873174,-0.405264425018814,1.74030061566065
ugt-26,0.0523366334250464,-0.561041631890228,-0.68464663438094,0.686772830504538,0.125709279997572,3.01517855079854,0.2927862167538,-0.636819560993677,-0.436514996059156,-0.301178236653792,-0.713190847975859,-0.391912700322973,-0.447478903202875
cpg-8,-0.449691782108792,-0.390243246250987,0.189721727222386,-0.447154276694082,-0.426355865859894,0.0161190377113157,-0.412432625925367,-0.423232136428744,-0.167673824440664,-0.295038663040446,3.26393952082499,-0.179205715846524,-0.278752149163186
nas-30,-0.279003779161984,-0.274471485942812,-0.266074044556523,-0.279003779161984,-0.276599361539059,-0.279003779161984,-0.279003779161984,-0.279003779161984,-0.279003779161984,-0.279003779161984,3.32817890449625,-0.279003779161984,-0.279003779161984
pyc-1,0.31691877681708,1.21268315136037,-0.777544557910866,-0.295912585376327,0.535675399408574,-0.47389364723698,-0.915606013614843,0.559975526065149,1.68753824701003,-0.496490695307531,-1.48652215454433,-1.10824842618406,1.24142697951374
rig-4,-0.118620848250292,-0.396495890460991,3.26982510667675,-0.296256522150262,-0.136140150848053,-0.360823876394146,-0.391836459772028,-0.437548751103804,-0.373314952692983,-0.468427492834556,0.110949013349863,0.0272276582585599,-0.428536833778061
T16G12.13,-0.404443872756999,1.44928692305495,-0.494357576957204,-0.731102863045865,-0.6109188231262,-0.731102863045865,-0.731102863045865,1.32263179322947,1.78230872002388,-0.731102863045865,-0.72601935137474,-0.516696858727785,1.12262049881809
Y62F5A.9,-0.291708686558636,-0.237691903232795,3.32696000715542,-0.283260701741435,-0.286350904043864,-0.298027478101048,-0.30047183783766,-0.261457685497837,-0.246557777530876,-0.30047183783766,-0.30047183783766,-0.30047183783766,-0.220017519098286
cpt-4,1.45548409790088,0.175296975777464,-1.52870202221181,0.588890988332005,1.82898458808382,0.783537153876425,0.398888437348117,-0.286423439139541,-0.474769058385815,-0.0873320082330642,-0.957488200724031,-0.850900636400908,-1.04546687622354
F36H1.11,-0.429126768785761,-0.426944232289811,1.68936110555833,-0.429126768785761,-0.429126768785761,-0.429126768785761,-0.429126768785761,-0.429126768785761,-0.429126768785761,-0.168754062205529,2.70685151029468,-0.429126768785761,-0.36750017107159
gpb-1,-0.355268318798246,-0.189093219181278,2.79010062472528,-0.611390508511674,-0.468439405609147,-0.508859066422467,-0.474393450330141,-0.209351904291912,-0.444780472613045,-0.561950268992647,1.5153911033961,-0.296411697165368,-0.185553416205449
abts-1,-0.78891316395091,-1.04946867211423,1.12080764069352,0.244019378592895,1.08924348685863,0.774206740717863,-0.89276556425479,-0.982495537954819,-0.36143956075417,-0.244124340510266,2.08672189740599,-0.0667022680901245,-0.929090036639585
smo-1,-0.289849223794536,1.90978175377523,0.070196831339015,-0.697222643310162,-0.412059311541027,-0.64246303575562,-0.687836903920109,1.5119635041879,-0.345359890483394,-0.548379393563392,-0.788567588790886,-0.758938521314676,1.67873442317166
cest-2.1,-0.451682931112177,0.517642921021931,-0.726824205217142,-0.225583938664952,-0.541529920212138,-0.378379179047521,-0.58023847852409,1.40801347849421,0.603353380194513,-0.742047631511212,-0.714292443986855,-0.679686710218418,2.51125565878385
Y105E8B.9,-0.185434963880146,0.401403460278798,-0.988093708796707,-0.683235962865866,1.2405918600595,-0.792356712047993,-0.945705994414236,-0.43953932299636,1.15825821879267,-0.505273310473753,-0.535327130197276,2.285463344161,-0.0107497776196332
cyp-35A5,0.295334170873504,-0.0060017795896013,-0.734440946826545,-0.391423807474973,0.564982771155049,-0.478988544267133,-0.22768527047401,0.0355124232839871,-0.33124999314169,-0.503948827347995,-0.672676176300157,-0.61855058970255,3.06913656981211
gst-36,-0.205609367313845,-0.966434505511135,-0.958141851083875,0.595934540252414,0.357508389182409,1.79551571411458,0.37068964081317,-0.980117041258669,-0.559290570992938,1.99430279726968,-0.364754248256629,-0.155771090973467,-0.923832406241695
col-166,-0.27388485969098,-0.258374309815497,-0.280104941416064,-0.274935654932163,-0.280104941416064,-0.280104941416064,-0.280104941416064,-0.280104941416064,-0.280104941416064,-0.280104941416064,3.32813929718321,-0.280104941416064,-0.280104941416064
acdh-7,0.00271256402137292,0.831328326230598,-1.1384690206458,-0.389551862112599,0.0626213572453255,-0.42870173368005,-0.300710290575143,1.66834729145978,0.746391990401913,-1.02980926272487,-0.950759024483493,-0.923902965306827,1.8505026301698
R04F11.2,0.103231481596238,-0.494318437632187,-0.828465660279197,0.777357845143006,-0.251872525131675,0.771314715722076,0.595770243130365,-0.266330649373343,-0.66657968375828,2.60672786226112,-0.689688464694895,-1.20408313590753,-0.453063591075696
F59C6.14,1.23564282924525,-1.03113488577282,-0.966409612144665,0.877493889489372,0.947623875125134,0.658896369938362,0.708128073682725,-1.03409645453628,-0.71774942535413,-0.593248576543617,-0.624695253342407,1.57364562474936,-1.03409645453628
lmn-1,-0.524924930291464,-0.412678355592584,1.64612411854983,-0.474240160600704,-0.506783648468576,-0.31563613770708,-0.00136470724243755,-0.283952182009573,-0.632761939980061,-0.651207034065407,2.68366110593482,-0.356600870211755,-0.169635258315002
F56H9.2,-0.782764240074757,1.48075048330861,0.894403040934584,-0.866921453505911,-0.518950819330413,-0.872211532360888,-0.882903584474586,1.66228788301614,-0.592447550801553,-0.953870505102125,1.0010796582573,-0.381814704219603,0.813363324353204
iff-1,-0.574006420359712,1.17473161111514,-0.647808452501934,-0.770432059376486,-0.6099855340228,-0.508510722548988,-0.60828283619337,1.39470189966255,0.489861633456208,-0.431049629543107,-0.559348420307753,-0.62946852080485,2.2795974514251
Y65B4BL.6,-0.280263977716765,-0.283691467272946,-0.222058448302493,-0.283691467272946,-0.280313892423097,-0.283691467272946,-0.280242803835395,-0.283691467272946,-0.283691467272946,-0.283691467272946,3.32773421836153,-0.283691467272946,-0.279014825173155
T03F1.11,-0.392722675449228,-0.372229718938671,1.39456498162792,-0.392722675449228,-0.392722675449228,-0.392722675449228,-0.392722675449228,-0.382978978199252,-0.392722675449228,-0.392722675449228,2.89514779455306,-0.392722675449228,-0.392722675449228
lgc-27,-0.40649108110955,-0.384820249012513,2.85200505620283,-0.408977688898026,-0.28284190235164,-0.397982472647568,-0.394142012266231,-0.408977688898026,-0.408977688898026,-0.408977688898026,1.46813879457283,-0.408977688898026,-0.408977688898026
cut-2,-0.356665317217754,-0.354146274983759,-0.356665317217754,-0.356665317217754,-0.356665317217754,-0.356665317217754,0.452652376820294,-0.334485690413333,-0.356665317217754,-0.239744183611089,3.24578318623446,-0.273402193522296,-0.356665317217754
spp-18,0.173238602481918,-0.600799656668402,-0.862534798996443,2.71677419325827,0.253536209095898,0.878970663990954,-0.467986802476773,-0.681728541390754,-0.721357933374492,0.714222119135495,-0.74485885889776,-0.0440076087556806,-0.613467587402227
chd-7,-0.773105643243422,0.203430021122696,1.293255681628,-0.885377877463,-0.772732054061209,-0.942847573349534,-0.8260518626246,0.222600390213767,2.3651636281291,-0.41112638386245,-0.508380260068639,0.771815993850099,0.263355939729189
serp-1.1,-0.382287356826974,-0.353582949656561,0.493112585752396,-0.30018493494083,-0.456000385230235,-0.550402396489487,0.764035669769729,-0.260561726409056,-1.7625009287578,0.712804715457136,2.41148160817562,-0.7717150300412,0.455801129197258
C07D10.5,-0.605760356710097,0.488632315632056,-0.00888631639885269,-0.614380127300265,-0.61847498298934,-0.613661270021923,-0.600132141221577,1.9570007681495,0.229781764224174,-0.620630771877099,-0.586552041481453,-0.620630771877099,2.21369393187198
pgp-6,0.0732773167216604,-0.580924707343607,-0.323131637256623,1.03290467097399,-0.21156852355478,2.8676617267036,0.387551465202348,-0.689578022854438,-0.660983442070431,-0.132372339382596,-0.769483826513684,-0.335446507546362,-0.657906173079079
sup-26,-0.722536250503053,0.753343811610706,1.59418993182335,-0.913375874975466,-0.552549024044464,-0.763724898646072,-0.722607446243259,0.750804955037234,1.16404454155412,-0.800491394750927,-0.512753302376619,-0.869704881348366,1.59535983286281
idh-1,-0.362203902416115,0.7944749342855,-0.893937469750831,-1.05648013625149,-0.0312095771579477,-0.809818834027001,-1.15046409091203,1.29872196587609,2.02230136164275,-0.265089033443535,-0.575251922437343,-0.0490155544081713,1.07797225900013
B0391.14,-0.177316913024304,-0.288066319221505,-0.275036982417771,-0.288066319221505,-0.288066319221505,-0.288066319221505,-0.288066319221505,-0.288066319221505,-0.288066319221505,-0.288066319221505,3.32666646904382,-0.288066319221505,-0.281715700608194
unc-43,-0.586330793391098,-0.861160178307703,0.628738743780021,-0.595232729822847,-0.332719881772635,0.232621083270541,0.361394368025317,-1.02811186856533,-0.217074212543858,0.319983820280532,2.82362176004986,0.0810966960558483,-0.826826807058649
pgp-2,0.00722472921341638,0.848375393729903,-0.823024981124817,0.0848099477128707,-0.609354619046023,-0.416819329103872,-0.55193050021049,1.11907590741031,1.10336270411088,-0.916441583779488,-1.01877500763683,-0.947837533471431,2.12133487219556
itx-1,0.833584790162934,-0.478540747812695,-1.24055661709792,0.536374453369945,0.721440488828643,0.199089277787257,-0.153759655778524,-1.18105274300737,-0.280437591499898,-0.41798298840684,2.34347212444187,0.31316182488787,-1.19479261587527
C49A9.9,0.0240875444675674,-0.848490373915795,-0.817516946396597,-0.0602595665859348,-0.125301430123553,0.417118603007176,0.723155905732986,-0.857326379886013,-0.589925798885859,-0.0899562083930982,2.83148276424237,0.245192779171364,-0.852260892434611
C06A8.8,-0.598145481527307,0.456808211868576,-0.595241954064073,-0.651775603800182,-0.606075714676884,-0.643931523598815,-0.635913896283628,1.76267298339934,0.0966925979659938,-0.668123072434064,0.460567809972692,-0.668123072434064,2.29058871561241
clc-1,-0.00370215713171864,-0.875534883719808,-0.93284679723468,0.558242526506189,0.497532875149423,1.49208696663043,2.00536684119022,-0.850003293019189,-0.93284679723468,-0.234900760273321,0.822654924321471,-0.638032556330541,-0.908016888853792
cts-1,0.00806789868704698,-0.972352112093395,-0.865638020640883,0.8065345064468,-0.570298507495364,0.970865241230699,0.936398898781902,-0.898757169103448,1.46888743194975,1.0847470881585,-1.47470749857822,0.484990170179513,-0.978737927522894
tent-5,-0.588912838018654,0.378268019711368,2.89315524204627,-0.768942454973812,-0.616712546488748,-0.785319953113702,-0.543080439182061,0.618213195022654,0.153757894027517,-0.906202242931429,-0.0491805248863692,0.151770590283556,0.0631860585034112
C49H3.3,0.048463730922169,1.2003125117041,0.205374395154372,-0.759776443425368,-0.293742990898514,-1.11091645898626,-0.806905283033073,1.7088628597492,0.384432943835768,-0.496075866721437,-0.823072405479852,-0.988322040412277,1.73136504759117
cutl-20,-0.385254443788939,-0.389265276604677,1.26217945652568,-0.394296308977183,-0.37917239823054,-0.38411035395777,-0.376311538346499,-0.395740974739612,-0.395740974739612,-0.395740974739612,2.96320071842574,-0.395740974739612,-0.334005956087367
ZK1320.3,-0.135412849445085,-0.526296566633395,-0.510528425745357,2.95899091356768,-0.471656936585874,0.130635630089776,-0.135839137936914,-0.520620836580963,-0.526296566633395,1.10924241060629,-0.515692457445826,-0.33022861062354,-0.526296566633395
his-1,-0.62073352446579,0.890732471530956,-0.247255012675032,-0.638915106196727,-0.625472967969019,-0.641356485241942,-0.628763427589933,2.15907848455681,0.548964110261944,-0.641356485241942,-0.635386263761406,-0.641356485241942,1.72182069203402
cav-2,0.689523872486149,-1.06595516233611,-1.15851424653597,0.303949936561652,0.908631248305777,1.46568461840765,1.3040954480848,-1.14366568651744,-0.797139478462808,0.645399094441574,-0.548918625753828,0.545843104635812,-1.14893412331725
F56C3.8,-0.286734340416779,-0.290147190691777,-0.282410908374305,-0.290873511509621,-0.293631040798157,-0.293631040798157,-0.11880915493425,-0.293631040798157,-0.293631040798157,-0.293631040798157,3.32439239151383,-0.293631040798157,-0.293631040798157
W01D2.1,-0.440231394938886,0.69686642309582,1.32332334432009,-0.686432853813236,-0.142634551773469,-0.783390787408767,-0.705529592873748,0.412933108037296,0.760133540764941,2.0485957584612,-1.51551808166559,-0.126355490277417,-0.841759421928226
acs-14,-0.686517837587889,0.751802995985543,-0.803400497776062,-0.713385022822661,-0.507375421983633,-0.0300530128904535,-0.799152770737995,1.51310481890299,0.482534670552921,-0.292226944332854,-0.448186253963407,-0.803400497776062,2.33625577442956
smd-1,0.105778479626189,0.290978893118043,-1.06347350412961,-0.518282853423403,-0.353575753904652,-0.770104423276171,-0.755978585386675,1.29783175041772,0.978283123052523,-0.810588898923117,-0.925999261270364,0.295381087132505,2.22974994696701
ttr-23,-0.274119352235832,-0.3256999932044,-0.32752324654244,-0.171585773685883,-0.261161993889567,-0.25648499184848,-0.0635898653145781,-0.32752324654244,-0.32752324654244,-0.32752324654244,3.31778144943338,-0.32752324654244,-0.32752324654244
C01B10.6,0.126875630598732,-0.555943835628883,-0.554577952356545,2.99907472608869,0.557085954253946,-0.187237115473624,-0.595451616632588,-0.603627050727654,-0.298305961300999,-0.309243031642966,-0.603627050727654,0.628604354277194,-0.603627050727654
C24A3.2,-0.299914403990894,-0.468263095281717,2.32736845055241,-0.417517479345247,-0.329806417687414,-0.424420390384494,-0.275280478033308,-0.483704982663137,-0.367417972272812,-0.495124815532221,2.16475529916319,-0.495124815532221,-0.435548898992142
F53A9.7,-0.291650372394754,-0.303147221995458,-0.288145358366154,-0.295026019434998,-0.279899644275889,-0.269958866702565,-0.273241018524004,-0.303147221995458,-0.303147221995458,-0.303147221995458,3.3237593290923,-0.11010193941665,-0.303147221995458
top-1,-0.85765041712932,0.856587368004322,0.854894035013164,-1.08786751720806,-0.62837599677307,-1.06474417885538,-0.956216853575672,1.0428561215097,1.49539755290429,-0.331164076067054,-0.0723530904830756,-0.733519684194514,1.48215673685467
lurp-1,0.638602850631788,-1.08686212876424,-1.07857812678292,0.81298167470358,0.0962006480122645,1.1207809759215,0.672550657155918,-1.08686212876424,-0.734381083216657,1.67177018491998,-0.740404392833015,0.796376362034221,-1.08217549301819
noca-1,0.112776520833061,-0.471084559337407,1.13417450922197,-0.3703055972512,0.252969563181857,-0.314574587596915,-0.271918077161311,-0.504368528384296,-0.585143675491089,-0.672572446156609,2.88630630435261,-0.667324045125769,-0.528935381084904
vha-20,0.157845324481411,-1.04019493954417,-0.905349260392282,1.68321994720988,0.252391862389349,1.74785274365216,0.776104671338239,-1.18829512796851,-0.59069624483216,0.750489829341427,-0.688406493387703,-0.113420046643282,-0.841542265644364
Y69A2AR.18,-0.282610243252401,-0.726963912491862,-1.15414135956211,0.596988003474954,-0.31506931445311,0.675441817083683,0.740209472640683,-0.706024634178451,-0.758543984931201,1.50958520150607,-0.628522332965544,1.99131568863236,-0.941664401503066
F52G3.5,-0.277350098112615,-0.277350098112615,3.32820117735138,-0.277350098112615,-0.277350098112615,-0.277350098112615,-0.277350098112615,-0.277350098112615,-0.277350098112615,-0.277350098112615,-0.277350098112615,-0.277350098112615,-0.277350098112615
prdx-2,-0.0605676589350387,-1.31899867435653,0.7266924871257,0.457457857872198,0.361640285901217,1.56008885103666,0.332291698282809,-1.24914576276288,-1.09277107433242,1.45474147838494,-0.222082630544374,0.383641417698716,-1.33298827537099
W07E11.1,-0.219958293856878,1.18025022090539,-0.551808588262062,-0.654172549684979,-0.377195138174272,-0.707607726579247,-0.688926917757077,1.01403038803969,2.5952584459284,-0.727650657953237,-0.607729227775864,-0.210224689664046,-0.0442652651658208
drr-1,1.04726862666283,-0.0373298280995191,-2.26176183755282,0.0926625243251192,0.766446416316122,-0.374149553577381,-0.337656271027334,-0.0444410829533061,-0.0184043037883172,0.669318562289435,-1.45095575689429,0.483908170256771,1.46509433404269
ftn-1,0.0594275070246904,-0.698561361306001,-0.813708218959092,1.22219261429029,-0.394813440421184,0.839170911636452,2.4994731113302,-0.768482534650355,-0.77720410973221,-0.203881741688644,-0.562784206255943,0.352720446955648,-0.753548978223848
acdh-10,-0.259298155112981,0.998541483803751,-0.624371166673117,-0.647976774155155,-0.161676635785979,-0.681166262326975,-0.477025534123321,1.87262659206791,-0.135196836594386,-0.984266644804494,-1.0302149243844,0.174885797019488,1.95513906106966
jun-1,0.711835949873876,-1.07931125458338,1.0169382713721,-0.00450070841091952,0.565721781434794,0.0937696366664467,0.808716161906274,-1.22934506998203,-0.896413776546598,-0.768408860426938,1.9760300591344,0.0298962426466404,-1.22492843308467
mrp-1,-0.365152614372196,-0.79673644551788,-0.183677853068493,-0.155680326380332,-0.431403982294533,1.24627174749438,-0.0465779739164345,-0.863722461181116,-0.508065398039932,1.88801603813202,1.8697881927412,-0.801357774917795,-0.851701148678887
his-71,-0.28143318098559,-0.584627730460145,2.01451331033291,-0.846649285954627,-0.236500275218546,-0.615786758029353,-0.508615662016387,-0.401151697939527,-0.076168185075003,-0.411748774936499,2.29826741255427,0.288918161477001,-0.639017333748504
Y48A6B.3,-0.0534279914066963,1.08836214790535,0.327229093776395,-0.771117945742688,-0.201032588152939,-1.0623584537323,-0.860404386981999,1.72396543074854,0.93281207193027,-1.2056704931068,-0.938327255243538,-0.357520406375183,1.37749077638158
F10D2.8,-0.174748358787299,0.193162569854212,-0.535070023983179,-0.450672496778847,-0.35047550983506,-0.500308939642093,-0.396330470378057,0.101003592705616,0.568122926322028,-0.546704564207694,-0.48346145775373,-0.546704564207694,3.1221872966918
Y47H10A.5,-0.364779615304329,-0.782979198699066,-0.79458660685238,-0.538266008686957,0.486832345627174,0.797901475951957,0.281368271835781,-0.79458660685238,-0.79458660685238,-0.34644836657795,2.4239598013717,1.22075772189121,-0.79458660685238
let-2,-0.287897086455372,-0.157960945664672,3.32551597865044,-0.291027290302957,-0.295701748210442,-0.300659074116969,-0.300659074116969,-0.290807731120396,-0.300659074116969,-0.300659074116969,-0.247345035296766,-0.300659074116969,-0.251480771014996
F58F12.1,-0.255100323410192,-0.428787069253324,0.0112477257259999,0.436882262851217,-0.480932545211334,0.364123790139232,0.591195191403399,-0.0261506139791262,-1.43814022929694,2.7248049785105,-1.08652821408103,-0.415492078013929,0.00287712461553204
H06I04.3,-0.222900962583147,0.773705588027838,0.00582033347064421,-0.581554785838923,-0.340427317284246,-0.944453372222223,-0.791797672712093,0.968214108423931,2.40080678048955,-0.710400289765834,-0.883360012333626,-0.655077955538821,0.981425557866947
R10E11.9,-0.250763904605866,-0.273002988877729,-0.281974537849506,-0.281974537849506,-0.270135205572242,-0.278371045165554,-0.281974537849506,-0.281974537849506,-0.281974537849506,-0.281974537849506,3.32806944701744,-0.281974537849506,-0.281974537849506
acdh-2,-0.63409293560246,1.31857669447768,-0.496550309198719,-0.668113354340579,-0.64658869892367,-0.662220261042407,-0.489808604026618,2.14746854010711,0.283815586106745,-0.386520506749349,-0.650584364849984,-0.656261252536437,1.54087946657869
T23F4.2,-0.205143646264848,-0.610744358997298,-0.610744358997298,-0.571891569428054,-0.395727441792026,-0.234955547304369,1.76616711027683,-0.610744358997298,-0.470460422214375,-0.337249625101179,2.51618436548062,0.376054212336588,-0.610744358997298
C10A4.3,-0.51341920796048,2.22839270259769,-0.498048325466282,-0.52720137937457,-0.52720137937457,-0.52720137937457,-0.52720137937457,2.12496577310215,0.194424932203673,-0.52720137937457,-0.52720137937457,-0.52720137937457,0.154093781145235
hil-3,-0.712205095372548,2.02607834829298,0.51710614531642,-0.724597987645959,-0.685213591167998,-0.650843302149066,-0.632632022483668,1.644855463482,1.18359689124601,-0.778417521478782,-0.636849897727803,-0.148364375052191,-0.402513055259395
lit-1,-0.782145854300772,0.978160106829272,0.621374997093444,-0.773997243548391,-0.715066478706913,-0.868680580829128,-0.900992921807556,1.77474669117787,-0.299837457805668,-0.94182019280723,0.941264500123692,-0.488198776929937,1.45519321151132
papl-1,-0.627838498114015,-0.643976932807141,-0.68362363845246,0.579448027813015,0.873049541966347,1.81336100149888,-0.670386373656602,-0.671979234170385,-0.301730488638311,2.07805448983598,-0.541920221631506,-0.528557924076234,-0.673899749567567
ttr-2,-0.214884168875696,-0.312681710839401,-0.315137658489721,-0.315137658489721,-0.315137658489721,-0.309101180291142,-0.24817517618759,-0.315137658489721,-0.315137658489721,-0.0262783746500597,3.31708422027194,-0.315137658489721,-0.315137658489721
clec-72,0.877729220480636,-0.789369599535225,-0.806471393588982,2.58496546635847,0.648231650719298,0.852739531594225,-0.266961335317037,-0.806471393588982,-0.327401084121286,-0.0841156245806915,-0.721405923431586,-0.36186047478558,-0.799609040203264
nhx-2,0.59455887873822,-0.360496294387688,-1.1880417995342,2.49685407223606,1.22195015646174,0.239159371064848,0.168930209458083,-0.642611181702889,-0.743906324289895,0.109786246236625,-0.864768253887909,-0.385726111412814,-0.645688968980181
C25D7.15,-0.259295978364823,-0.359858027604012,0.459851022116881,-0.327928871407319,-0.347132711035359,-0.265823155979958,-0.350874394331766,-0.354557947654114,-0.362924354015315,-0.362924354015315,3.24446980269455,-0.362924354015315,-0.350076676388137
mps-2,-0.69313700200228,0.569096480824426,2.39077967780981,-0.588182907869593,-0.670341239905593,-0.875385164752518,-0.780984386343519,0.566597686538725,0.714806559037662,-1.14348396534051,0.558710438635794,-0.678241626691466,0.629765450059062
hpd-1,0.642400771461735,-0.834503152234658,-1.43580588444638,0.181620553680711,-0.177469363865706,-0.322902141319282,0.990163314730066,-0.677773902153404,-0.890268847015298,1.98678369323351,-0.987393286033133,1.17667978853892,0.348468455422922
W04E12.9,-0.256303714519184,-0.291607187600205,-0.207841625678318,-0.28449288750663,-0.268800591555866,-0.291607187600205,-0.274208160691061,-0.291607187600205,-0.291607187600205,-0.291607187600205,3.32727159468805,-0.291607187600205,-0.285981489135754
aagr-2,0.830703710730497,0.958356459490167,-1.14117832145857,-0.574173994420895,-0.0269070673098598,-0.836204741033322,-0.803628780363557,0.99714137933738,1.58716353300582,-0.826536770468258,-0.874862012727197,-0.693667703324164,1.40379430854196
attf-2,-0.749312508668788,1.65565796701428,0.647964221213682,-0.830220484135635,-0.717799340014999,-0.774743003327279,-0.795257599661992,1.27572079827231,0.70440966150758,-0.575228127377895,-0.507073962827316,-0.872658021653056,1.53854039965911
R02F2.1,-0.827734083697711,0.280287183093494,2.4248944251112,-1.01921175084148,-0.708783284787186,-0.290773937416277,-0.610022445589298,0.78433662426037,-0.0352309577980293,-0.683991089788605,0.992372775222605,-0.941235607550877,0.635092149781787
C17C3.1,-0.593590625511948,0.696149772796051,-0.912548706960495,-0.536317712198372,-0.495763414796025,-0.396160549763206,-0.493696694864398,1.59992313474957,0.542881110724501,-0.656284710594616,-0.847515071019863,-0.218953847474381,2.31187731491318
dhs-21,1.03583587333172,-0.282797568396292,-1.19639365817436,-0.570133212429276,1.15991723538836,-0.607696737147099,-0.343085142210962,0.0792971884776687,2.37547083122383,-0.898481538603407,-0.841552555637027,0.256474330030385,-0.16685504585354
C26C6.9,1.41762151602428,-0.773398478329692,-1.41325802403282,0.436238624988679,0.788564747732447,0.344567830515901,0.497697913421563,-1.09434193092455,-0.045446106373269,0.356049082866828,-1.00561571076074,1.61641838520917,-1.12509785033778
lec-3,-0.268947808785813,-0.358992099245878,0.701875921162462,-0.3815243709975,-0.362302408327973,-0.363291513407678,-0.288367044016115,-0.405230323179414,-0.405230323179414,-0.405230323179414,3.17966473831883,-0.271490461070642,-0.370933984091455
sqd-1,-0.0849936038134685,-0.0804825474456485,-0.255194431520557,-0.151907397204835,0.120043978262322,-0.644029696176997,-0.37579691811698,0.0824379951317967,2.83923607569421,-1.17084350446026,-0.909027388872926,0.972403630469744,-0.341846191946398
mdt-26,-0.515565155610844,0.0810288116874004,2.49946559735685,-1.09997933021081,-0.618944006147246,-0.786763182601562,-0.28496719649018,0.9337696218293,0.579758981680286,-1.15626457516833,0.558730317657559,-0.489960838996559,0.299690955014144
unc-108,-0.568175628952188,-0.334502838933229,2.84608894266442,-0.763229915768171,-0.647593622028543,-0.603193594413625,-0.439627264476661,-0.264839191301689,0.791743189434355,0.0984420623109416,0.823179900564737,-0.67106301897685,-0.267229020123498
gst-1,0.887710183692001,-0.765220961472861,-1.01300745943405,-0.584898837662275,2.21271295266798,0.329399413037758,0.913626431682357,-0.844923935166935,0.263459752284562,-0.13507325736609,-0.603309410154016,0.678512496032634,-1.33898736814106
cnx-1,0.265314512753755,1.57202350328433,1.11418658329115,-0.894556527771898,-0.189420460916656,-1.17223579320226,-1.08107282372205,0.973285214946407,1.09239959506093,-1.47142565328565,-0.529880516471566,0.476793035435644,-0.155410669402135
C26B2.8,-0.36963939499749,-0.365918729676826,-0.36963939499749,-0.331742598095014,-0.366268079890394,0.571549861618928,-0.36963939499749,-0.36963939499749,-0.36963939499749,-0.36963939499749,3.21265618047622,-0.132800869450483,-0.36963939499749
F54D5.4,-0.278647729500753,-0.606929225222205,-0.608897946064958,2.64866073874369,-0.559192359109978,0.171125075984301,0.729811484924587,-0.608897946064958,-0.507941568272989,1.30778056640185,-0.504301305686041,-0.573671840067589,-0.608897946064958
T09B4.5,-0.320642077838456,1.37812021534616,0.367585079209025,-1.03585159361316,-0.722771550267063,-1.02233808562311,-0.390282962443434,0.446045782511866,0.772197853506823,-1.0978358572,0.778268579746998,-1.00884103859059,1.85634565525494
grdn-1,-0.548722084817238,0.004017646814927,-0.0293333922351574,-0.709150239550053,-0.395346148172347,-0.637498732634517,-0.69661962554772,0.164234943987047,2.73586955313005,-0.728849940172865,1.19738129144951,-0.728849940172865,0.372866667921228
Y71F9B.9,2.26658181027116,0.0222359484716291,-0.869920022023022,-0.541942585124895,1.63487260533823,-0.773898782707408,-0.648423000449808,-0.225790049146822,0.692342451263245,-0.85786268601945,-0.882728287393813,0.261066072549977,-0.0765334750290256
Y82E9BR.17,-0.424523913090146,-0.124592008614912,-0.386030900101036,-0.429515365681087,-0.429515365681087,-0.424729129276471,-0.429515365681087,0.696349467451382,0.0483693283039224,-0.429515365681087,-0.386234863410768,-0.429515365681087,3.14896884714347
his-6,-0.58047688188266,0.638293927616583,-0.300438170162862,-0.594465342532092,-0.560707598855541,-0.553365475780713,-0.580392512398397,1.71699328140344,-0.129226283764185,-0.501202494223173,-0.546538082038395,-0.48016962380055,2.47169525641854
srw-86,-0.148063425844868,-0.430854373800358,-0.444556853793874,-0.350296654109037,-0.440990275006174,-0.444556853793874,3.24525084952297,-0.444556853793874,-0.298921814967359,0.200332850453903,-0.107734001635971,0.109504260562387,-0.444556853793874
D1022.4,-0.645744041974274,0.982762921285755,-0.406661922632274,-0.679932864952629,-0.637012378891739,-0.683883386322442,-0.378878296378877,1.99526435545196,0.082292882836757,0.0814326320894755,-0.834909816636707,-0.787884423132527,1.91315433925752
pezo-1,-0.652998550276193,1.44047019447704,0.539988567789006,-0.717173810700994,-0.792701744940813,-0.768776969542671,-0.762061870192476,1.09435639872971,1.72467504144661,-1.11478334821691,-0.317348717876556,-0.650380960101892,0.976735769406143
emb-9,-0.300632695770139,-0.232422405997459,3.32495271461155,-0.300632695770139,-0.295833532981178,-0.300632695770139,-0.300632695770139,-0.282694083154372,-0.300632695770139,-0.300632695770139,-0.146906151420386,-0.300632695770139,-0.262667670667179
his-59,-0.621512393641073,0.730855810549725,-0.234983108685862,-0.640887149410863,-0.61311337730692,-0.623343996923981,-0.636383445043513,1.60111853473693,0.532062692977875,-0.591212821969317,-0.601640443813921,-0.640887149410863,2.33992684794179
dlc-1,-0.658167514975623,-0.585992156233668,0.519019953966057,-0.735939085825667,-0.663877944434059,0.0998762297902726,-0.188533498401814,-0.521121740148604,-0.618968189926219,0.663174935853373,2.96160879576999,-0.0263901560201236,-0.244689629413917
asp-14,-0.090934852447445,-0.707171613770976,-0.706985037818669,1.40111039946978,-0.529771522786592,0.592946781240444,1.11239394400293,-0.726093660134025,-0.726093660134025,2.22489596601425,-0.511227823193387,-0.618781968140306,-0.714286952301987
F23H11.5,-0.0741560181817505,-0.567251585477272,-0.851919365904229,0.079097554002544,-0.258119930552489,0.860785393930936,0.712475826370709,0.0840060630651626,-0.859214311237581,2.7154590768271,-1.09762592728356,-0.259354187534639,-0.484182588024923
C18A11.3,2.16094177459725,-0.682627949324796,-0.635396613378695,0.78948310882416,-0.620086681110483,-0.624169700711973,1.56559419069724,-0.678870585040416,-0.682627949324796,-0.682627949324796,-0.0988466676825629,0.866515852897822,-0.67728083111796
dnj-24,-0.0820552908362558,-0.44917930819787,0.370077812558343,-0.308214451332869,-0.0579838527854196,-0.288028460181623,-0.339078629147561,-0.46919597248426,-0.53124717185879,-0.540402193637925,3.20981630887146,-0.00370856985178171,-0.510800221115448
C35A11.4,-0.0963334194087549,-0.690235849720856,-0.690235849720856,0.690526353798267,-0.419706654844846,1.59300089153951,0.292121363867001,-0.690235849720856,-0.690235849720856,2.40422325666841,-0.647044293947143,-0.365608249068159,-0.690235849720856
pbo-1,1.26031727973524,-1.02880500718292,-0.839944889472542,0.345448384503961,0.191111417284941,-0.138149590592226,2.057442346016,-1.11922349853067,-0.648234396694139,-0.0139944624247324,-0.0622574964538009,1.13011070761916,-1.13382079380827
B0228.6,-0.614598936840642,0.867396093376929,0.847829609872844,-0.676694957600265,-0.664272137051401,-0.726690223397759,-0.708275697505826,1.37609802814011,-0.342714022537744,-0.760179982126573,-0.0845330286667798,-0.760179982126573,2.24681523646368
bgal-1,0.992086927799842,-0.85101565593243,-0.591264659013665,2.34611733793851,0.542187936693567,0.886902066836933,0.0722911928181936,-0.886820784507303,-0.723488905223947,0.490111831389777,-0.851492342854116,-0.53879416143806,-0.886820784507303
exc-15,0.0710364353056023,-0.982933341186291,-0.846508577070564,1.55341464091776,-0.478574749867495,1.02495187021556,1.04058773304301,-0.975838360440664,-0.982933341186291,1.50670565099982,-0.427787592035279,0.469735924977544,-0.971856293672705
F42C5.9,-0.0985489012938715,-0.467442385031914,0.93321970322506,-0.430886402523561,-0.321434057827244,-0.475252005682224,0.558617312118461,-0.692134980250403,-0.419827253005006,-0.771457554031876,2.88331399320226,0.0158237873223903,-0.713991256222072
pha-4,-0.667147576054369,0.21920128842153,1.21038420289985,-0.979851495743408,-0.598210422787199,-0.81480825457159,-0.612838788398208,0.831090087532222,1.46617714335075,-0.826284582419152,1.67121338725052,-1.14382077324671,0.244895783765764
alh-8,-0.893883171568235,0.00185289166293147,0.243218077964655,0.0769038533571137,-1.0162685901463,1.10476047899904,0.144864624818664,0.506634220878587,-0.562392004865069,2.24894223310661,-1.20770749752988,-1.20751551541609,0.560590398737973
F28B12.1,-0.293481546784839,-0.294365829370993,3.31105247126629,-0.32652682671897,-0.289913576222985,-0.321600556736216,-0.275410758329491,-0.32652682671897,-0.255097761253481,-0.32652682671897,0.0514516910265635,-0.32652682671897,-0.32652682671897
M28.8,1.65430977083563,-0.711470527622067,-0.73481560101091,0.0761790132748405,1.42792145591109,-0.530738540083868,-0.590114974182787,-0.890669950402043,0.0718064925312258,-0.773603473495813,0.0820011924874088,1.8227441842233,-0.903549042466001
lys-2,1.48401437434554,-0.905067942474303,-0.931882311368728,1.99500318485898,0.870061160883713,-0.439124641916753,0.463851196665443,-0.931882311368728,-0.496508946530403,0.126266987629653,-0.837623159114899,0.527320605935186,-0.924428197544703
rab-1,-0.266140008976877,-0.721606020576047,1.21594034833217,-0.493189934420866,-0.126350629153908,-0.44502915659619,-0.206181048939099,-0.433341329296085,-0.15096556495531,-1.31051773881282,2.73377039356947,0.0388781113807487,0.164732578444817
R01B10.3,0.135331640944402,-1.00285326281119,-1.02802873434488,0.515832537776758,0.423201183369094,1.85564551913023,0.916147981545275,-1.03391207369861,-0.798421551049996,1.49777064860401,-0.427424413721598,-0.0246344382981289,-1.02865503744536
vdac-1,0.0138395542486709,-1.04674543561454,-0.359130652132557,-0.0108356207964434,0.225981746605122,0.775818327061606,0.4442671486426,-1.32710327673356,0.667093125074455,2.26208762167952,-0.617923253997726,0.406079651714686,-1.43342893575183
gst-20,1.53527943459337,-0.408801387009049,-1.63092960112736,-0.281224951249709,0.936986793597048,0.150853389694086,1.25231427890813,-0.499132456309388,0.986614572296589,-1.53792356711183,-0.179190752105509,0.383088565417774,-0.707934319594156
cct-5,0.0364520335078958,1.2617387972092,1.11888190106062,-1.01340535965912,-0.35789052080642,-1.15739573091329,-0.23845537976535,1.17843311680738,1.02500969918205,-1.75665671965621,-0.657907602626495,-0.213255725132554,0.774451490792296
acdh-12,-0.149455251759524,0.5342082224717,-1.21466034386486,-0.633333067374338,-0.245476702775501,-0.620994641771452,-0.380579924881425,1.22929919716845,0.438111062469956,-0.702412253209929,-1.23120713356284,0.752421115435384,2.22407972165439
unc-70,-0.667808590247335,0.112419296617038,2.08160439747504,-0.683634443700734,-0.558005161521562,-0.657279995735443,-0.39309992538024,0.334604533646117,0.272500543206837,-0.946343850661568,1.93129681727957,-1.00049723055306,0.174243609575341
cth-1,-0.53847761496675,0.0286390452149108,-0.473819743314669,-0.538355460439425,-0.523921154358985,-0.541946959785877,-0.539825992916595,1.19830031099835,0.810667281767545,-0.541946959785877,-0.515618440674981,-0.541946959785877,2.71825264804824
T23B3.2,-0.511510048387744,-0.533372221469371,1.55562229303915,-0.593997362577316,-0.426667820135746,-0.500793431293478,-0.0434461605056057,-0.480097084258712,-0.0242444482542154,-0.566457863007156,2.73156431710422,-0.146823434976601,-0.459776735277424
fkb-2,0.652923207723732,0.668611800521403,-0.577172430830014,-0.41987477231431,0.54114478809365,-0.30255805945153,-0.935869308503142,1.62298049615792,0.618303205217827,-0.783511738070185,-1.7062614347844,-0.834437776436532,1.45572202267557
Y54F10AM.8,0.190500735662752,0.31061786425705,-1.64530196755009,1.11459221554614,0.73790633324306,0.617307075373348,-1.01401272307314,0.262391092388055,0.786427235310879,0.524139346956494,-1.43997900713616,-1.41176630365052,0.967178102672142
lap-2,-0.381263941052496,-1.0973766930345,-0.141309979806989,1.48993942308836,1.23767057375097,1.24938352604367,-0.833400732568933,-1.09471293395679,-0.472599249367121,0.88366916432945,-0.83953877462704,0.925978929239037,-0.926439312037626
ZK1307.8,0.401557923003191,-0.09231289499099,-1.18245809821975,2.67173753790489,0.0220490603661471,0.684730025777733,-0.203512598249538,-0.722208948121021,0.749166299920858,-1.08612758014526,-0.450514532510515,-0.351929942577085,-0.44017625215867
T07H8.11,0.365146348793847,-0.78087114307315,-0.786153427472948,-0.485571023668647,0.715219279077755,0.627482180363035,2.81629939333008,-0.77805061533142,-0.0142875383592338,-0.342875592092278,-0.0788226073454813,-0.476669957551851,-0.78084529666971
fln-2,-0.825465399579457,0.344358419347896,0.930613946042802,-1.00739194411154,-0.95211426424531,-0.914964799399814,-0.555028920137339,0.338472823542285,0.69318378062801,-1.13373281285217,2.14779809919909,0.0563323836911892,0.877938687874351
T12G3.2,-0.598153243517758,0.905390494653131,-0.304965310480209,-0.748191402893395,-0.512745919032694,-0.706515779236841,-0.697153629276635,1.7894536057165,1.24443847456138,-0.791114124499795,-0.702126521690674,-0.539814743847979,1.66149809954497
atp-4,-0.281977569940472,-0.447068275403007,0.135438113620171,0.67185009773901,-0.717237461021207,0.741213877375699,0.956406287852237,0.21333371504935,-1.47470993339615,2.2402038973571,-1.33541502629248,-0.394585234653481,-0.307452488286773
valv-1,-0.412929696048191,-0.697258687863216,-0.561013934780863,-0.488322071000647,0.00966018584168778,-0.0679317429405445,0.999199432315515,-0.697258687863216,-0.697258687863216,-0.534736506237733,1.3524086563277,2.49270042797594,-0.697258687863216
K08D12.4,-0.28174762449214,-0.264840772704388,3.32790803281073,-0.273593131313538,-0.2868409192439,-0.276906645862535,-0.2868409192439,-0.273063846045718,-0.2868409192439,-0.2868409192439,-0.283796185674239,-0.2868409192439,-0.239755230498671
ugt-5,0.736841729613872,0.565915646135053,-1.89874516499785,0.244986921927899,0.50323235705077,0.959169782205481,-0.454056276639307,0.520348559472531,-0.177670001506521,-0.836697450242615,-1.50383812662,-0.312018935706295,1.65253095930698
ttr-49,0.0821541868176049,-0.670477395732627,-0.698772821469625,1.87709397353619,-0.64307479156937,-0.0714063677296283,2.36789428986302,-0.674254462075448,-0.698772821469625,0.0495713966546714,-0.317159886371398,0.0719297833699015,-0.674725083823672
Y102A11A.3,-0.297926061243076,-0.905921399772296,-0.941157837196408,1.22777790733373,-0.488858065362733,1.49738627124983,0.54825858535576,-0.905494732980754,-0.786282775126694,0.79616597006605,-0.551870591092443,1.67136465506358,-0.863441926294551
his-5,-0.608763824426497,1.15519149880272,-0.331319870680772,-0.638473596600192,-0.611097312348638,-0.642212243917781,-0.640917799466762,2.25199783349917,0.152074454321294,-0.649070542854329,-0.62569700519854,-0.397682603743462,1.58597101261379
nap-1,-0.0574906742162409,0.75924135996089,0.206615534658412,-0.646700881235708,-0.423210831263902,-0.982896648631235,-0.776775764585365,1.78702478681562,1.40708921735189,-1.38747971594379,-0.931191555129413,-0.0680283844469154,1.11380355666575
C44H9.7,1.19384265814157,1.64546398794805,-1.44543884378346,-0.720709741687286,0.0662411992800634,-0.381591378160967,-0.805404086208716,0.28780452504075,1.87329487626593,-0.256301984924164,-0.383267933323241,-0.338875911421897,-0.735057367166624
spds-1,-0.256717708535511,0.769901695802957,-0.71270410957204,-0.616678194380692,-0.51750778006917,-0.589819309099078,-0.380585234233419,1.00214089116608,0.607827269443125,-0.44971149242592,-0.735499939996601,-0.764675634756314,2.64402954665658
F07C3.9,0.407691108514129,-0.0853887583634933,-0.361733777697589,-0.367106906708084,-0.347696469590288,-0.0154758129157907,0.178650752754271,-0.622604562308174,-0.977523823290951,-0.242457172842214,3.0200967952865,0.303811783037409,-0.890263155875725
C24B9.3,-0.361215847274683,-0.750374882319424,-0.81566966246511,0.898174878319861,-0.442496600183027,0.890737333459962,0.606297977536075,-0.753387787101839,0.147889287142926,2.55932252008727,-0.64007926690244,-0.543923087247051,-0.795274863052524
amt-4,-0.0392903872665822,-0.864606950046504,-0.880197358312295,1.21581740765251,0.597706955771296,2.32536189838579,-0.169054836087356,-0.880197358312295,-0.69075311183011,0.868349751461439,-0.67678872457317,0.0527600879847916,-0.859107374827517
ampd-1,0.281856301768443,-1.02427923218194,-0.891337305562117,0.252616080373584,0.299147808513528,1.84869041214435,0.61780893462712,-1.13620424818704,-0.666697094728137,1.52891155157678,-0.57022865245164,0.618718907312234,-1.15900346320517
C50F2.4,-0.442671855704145,-0.0560876399359176,-0.181962243102083,-0.442671855704145,-0.442671855704145,-0.442671855704145,-0.442671855704145,1.3088423372291,-0.442671855704145,-0.442671855704145,-0.442671855704145,-0.442671855704145,2.9132542471462
cht-4,-0.576567819028414,1.51834382497067,-0.639652808954508,-0.646048290424283,-0.637239256829163,-0.652737446828171,-0.652737446828171,1.32140540930786,1.51373955931983,-0.652737446828171,-0.646529569253931,-0.652737446828171,1.40349873820463
C18E9.2,-0.566281058040641,-0.12477502316488,1.81879798135969,-0.45803839293221,-0.458013906636393,-0.547041267262269,-0.65383825689613,-0.0920860823489394,-0.124451156786015,-0.374266270677493,2.52795506056422,-0.794512206490899,-0.153449420688038
dpy-11,-0.863175591650883,-0.65693654673847,-0.768430212483861,1.02903991316925,0.382209154701843,0.242688744005323,-1.08098999653977,-0.464284178245928,-0.286403110942228,1.78727759398477,1.87006721966741,-0.821383696359562,-0.369679292567894
C05C10.3,0.181131911155341,-0.961029387895888,-0.859966491010766,1.39913658698718,0.838884636512333,1.38891542436749,0.231196872267555,-0.944549232746908,-0.807213642688368,1.60122458787012,-0.837157156434252,-0.397862369554618,-0.832711738829215
ZK1010.4,-0.275823869904454,-0.278307955839628,3.32819552883949,-0.275371520838173,-0.278307955839628,-0.278307955839628,-0.278307955839628,-0.278307955839628,-0.278307955839628,-0.278307955839628,-0.278307955839628,-0.278307955839628,-0.272228535540202
cyn-3,-0.52449034861976,0.71829894051076,2.17655525728761,-1.07039937843934,-0.415922505464195,-0.976522057868596,-0.970638844931443,0.98731356926568,0.165096324182825,-0.680649642727924,0.419799824454596,-0.808872828318378,0.980431690668164
W04B5.3,0.376852260175123,-0.621452252976798,-1.01346044660898,-0.28478750416667,0.235269120459207,0.0411188940561493,0.307247194019622,-0.921819282459698,-0.0506519397327233,-0.490606693452603,2.8784222137367,0.375994038801975,-0.832125601851305
Y48G8AL.13,-0.609599932883638,0.433459976144984,1.33508238830026,-0.250632484576651,-0.95281351109356,-0.364334491807041,-0.291641669513524,1.10931194126008,-0.125788590922185,-1.3251623686868,-0.572434935404679,-0.577653857236026,2.19220753641877
F13C5.2,-0.523846171167693,0.608148903324406,1.14537698605479,-0.876763730685133,-0.500845836957573,-0.885550338863831,-0.858995541198093,1.08150120517705,1.59776300598323,-0.986615578080118,-0.225968817576683,-0.941355689339278,1.36715160332893
trap-1,0.845470227374337,-0.879714264819408,-0.59619571699595,2.22799447340209,0.370710643914643,0.563356537742627,-0.0766751484114932,-0.568034273356642,-1.69077008652569,0.414743266865857,0.361853435448864,-1.10837082201083,0.135631727371588
hach-1,0.115558307706153,-0.81033159500786,-1.04372069564494,0.854691558124521,-0.152987935930022,1.21975927311682,0.306582946327675,-0.492104658204752,-0.639035318389258,2.41867429978641,-1.00154556268745,-0.163489574405772,-0.612051044791535
Y39G10AR.11,-0.513743160750412,-0.481230438942184,2.69718780004558,-0.719948635052134,-0.486428232399105,-0.726081635518905,-0.597498865558876,-0.233612915099059,0.97900245507644,-0.739702015357137,0.851219325968256,0.376151974053406,-0.40531565646587
Y22D7AL.10,0.533490317136707,0.0664925752570412,-1.47899940823743,0.402472548137599,0.610282409304516,0.129588905785408,-0.70023134803655,0.791986275296937,1.81162452167642,0.474142956196146,-1.99668079394491,-0.599332874946778,-0.0448360836251109
sto-1,-0.601145325990042,0.292130703818613,0.177829182895958,-0.662438835562434,-0.638762702361139,-0.621205583085902,-0.561898294728301,1.29884970678973,0.392638924442675,-0.662438835562434,-0.4127059404477,-0.662438835562434,2.66158583535341
swsn-4,-0.605980675436299,0.985451094752811,0.922262711132473,-0.953850058764396,-0.531722242673561,-0.903611397345116,-0.793206870813412,0.565590412480172,0.872918123147612,-1.22700695913823,0.576600539194342,-0.805780858789843,1.89833618225345
lpr-3,-0.319385265057766,-0.213194904015713,3.32196562919582,-0.324986247684068,-0.315922345883616,-0.324986247684068,-0.318094353276843,-0.144489211510277,-0.189361616066009,-0.324986247684068,-0.28171529980442,-0.324986247684068,-0.239857642844911
Y17G7B.20,-0.60515788577116,-0.0963708861068844,2.17865489302784,-1.01679441589953,-0.665049043919419,-1.21137000036591,-0.667080104419328,0.277053791876494,1.58734839120018,-0.379425725917266,-0.335670187560981,0.150493576448186,0.783367597407771
rcs-1,-0.420674116644689,-0.970129230175156,-0.970129230175156,0.124234812894601,-0.426536224879101,1.11686864958616,1.47201020202801,-0.970129230175156,-0.970129230175156,0.758522580934289,1.58867180004882,0.637548446907684,-0.970129230175156
fmi-1,-0.358896853359909,-0.214865357662227,3.22548325582473,-0.467506154513888,-0.333052473990656,-0.432552882485064,-0.446489120435443,-0.232147728056941,0.477458836887541,-0.161003425520771,-0.276967908217548,-0.482118624058223,-0.297341564411596
cdr-2,0.326903294861643,-0.800910217878162,-0.925142646830008,0.381443372574937,0.558933029401421,1.29859475461903,0.723357288846983,-0.871536953051978,-0.754054842491641,2.18282720096647,-0.778125218172313,-0.417146416016381,-0.925142646830008
seu-1,-0.534052905179634,-0.453499940233928,-0.222191399206946,-0.586217628477589,0.280883001357192,-0.083516410032004,-0.467415857048171,-0.453588348340015,-0.314433468704245,-0.212805527678488,3.21028685225361,0.185259889393355,-0.348708258103132
F29B9.11,-0.0780097708931505,-0.961896789085555,0.0923501454274537,0.0485694261085826,-0.587258233326899,0.209470809722536,-0.355704928576815,0.0616738854337513,0.185677905349751,2.84653185937757,-1.50609898778976,0.279396661285175,-0.234701983032647
Y32F6B.1,1.52789459737781,0.219024724406231,-2.03230765227467,1.64705385436961,-0.00316943290386294,0.584291731962129,0.0914618206151057,-0.251663854749895,0.344866154925735,-0.142350889521506,-1.33310335216667,0.0149462714710656,-0.666943973511089
din-1,-0.67287930793578,-0.0840371019816334,2.83337342587148,-0.802213083105574,-0.373392084454503,-0.736824926210841,-0.740194458311925,0.0626364433099662,0.325009284965444,-0.644946379950456,1.0191629088567,0.0759060878964635,-0.261600808949334
Y39B6A.1,-0.486187594986722,-0.603408164469107,-0.60939760468018,2.76523214820229,-0.580817688871877,-0.360507507578969,1.13885820649854,-0.60939760468018,-0.60939760468018,0.594634134031445,0.258014825301829,-0.288227939406706,-0.60939760468018
F14D2.19,-0.281538090215963,-0.273783768879072,-0.281538090215963,-0.281538090215963,-0.281538090215963,-0.281538090215963,-0.238804372835997,-0.281538090215963,-0.281538090215963,-0.281538090215963,3.3279690438747,-0.281538090215963,-0.281538090215963
F26F12.4,-0.334786924357311,-0.331052565625976,0.241897130855492,-0.334786924357311,-0.300820055343572,-0.306333156988586,-0.334786924357311,-0.334786924357311,-0.334786924357311,-0.334786924357311,3.28664810112639,-0.246830983522572,-0.334786924357311
Y7A9D.1,-0.335564972491686,-0.175459888061632,3.29692214576889,-0.340205258665396,-0.347119054708684,-0.347119054708684,-0.347119054708684,-0.246546808543946,-0.347119054708684,-0.347119054708684,0.142609715317537,-0.347119054708684,-0.259040605071663
F49E10.2,-0.310146233194098,-0.310146233194098,0.0151491567597443,-0.310146233194098,-0.228170476471232,-0.310146233194098,-0.310146233194098,-0.310146233194098,-0.310146233194098,-0.310146233194098,3.31448365165247,-0.310146233194098,-0.310146233194098
aagr-3,0.714879354997413,-0.00848551745716571,-1.1666253932396,2.49380825939598,-0.246131016962519,0.878138133277902,0.466373807337772,-0.0070795539276171,-1.02803727009686,-0.677901200580855,0.117124017439997,-1.04156876333714,-0.494494856847307
hyl-1,1.1873948037354,1.09345765317045,-0.50378911774591,-1.07283476552943,1.20144832855153,-0.716654015899132,-0.502179532043318,0.33962086884118,-0.368309210417208,-1.86606708568968,0.0915360174992876,-0.283145353218541,1.39952140874538
mev-1,0.0808446169507758,-0.928351657363946,-0.466723760136971,0.582114258202466,0.0185799286225465,1.01923518862015,1.02339195770595,-0.89704381426335,-0.988380795073155,2.35453813559499,-0.62419481142318,-0.381796758560659,-0.792212488875631
F17A9.4,-0.707137982050221,-0.0580023311712721,0.0672841640176298,-0.814819453890294,0.144169851051421,0.00860651352811567,-0.755743230690073,0.319401748354167,-0.587574126027366,2.84636802487435,-0.264520360681384,-0.992737721751366,0.794704904436292
Y32F6A.4,-0.503708677763151,-0.585143878012341,-0.479492365820386,0.900660908985079,-0.528057788184886,1.56545463212632,-0.0359508103139874,-0.585143878012341,-0.585143878012341,2.46235923439631,-0.513825712451239,-0.526863908924701,-0.585143878012341
egl-8,0.0624028323728223,-0.639996376652593,1.16431865336592,0.179083185576769,-0.87798151299304,-0.764513684552335,2.18032636726001,-0.782262575594408,1.20081639648012,-0.916315844951615,-0.228865297484057,0.410516717141225,-0.98752885996882
cyp-29A2,-0.492355882410613,0.744944933627708,-0.532828794337842,-0.486809630312219,-0.335259587221931,-0.668519457025135,-0.541493998194966,1.98167049828857,0.257491407518554,-0.789294897752643,-0.694027000837654,-0.548393850777794,2.10487625943597
C02B10.3,-0.29361798111031,-0.259968094837579,3.32043168910452,-0.315617453610054,-0.303406753184683,-0.315617453610054,-0.315617453610054,-0.315617453610054,-0.162277106592297,-0.315617453610054,-0.09920083260022,-0.315617453610054,-0.308256199119104
K12C11.1,0.507171765361134,-0.927313114093542,-1.19773645274891,0.891647256516624,0.374255973286254,1.30092172816199,0.990727099055815,-1.10280838939304,-1.18665550804099,0.854988519134565,-0.693010583598628,1.0904025650584,-0.902590858699678
tag-234,0.164563468718412,-0.779662717763746,-0.779662717763746,1.42309512939303,-0.605842978358881,0.931955326562591,2.32280043462331,-0.753813465444205,-0.779662717763746,-0.0498127302475551,-0.528786680955826,0.208876311936917,-0.77404666293655
cyp-34A9,-0.546811342794316,0.70478108679023,-0.81773267406736,-0.639693258296317,-0.00107210604003923,-0.45964683969191,0.0782139727649306,0.553434306142558,0.384645162589938,-0.160640619711603,-0.92729471222085,-0.9403368731734,2.77215389770814
rin-1,-0.25446161897417,-0.0523721144342548,0.936285743640899,-0.715012505057384,-0.4064480159197,-0.545699921528047,-0.637556283911769,-0.503906723346267,1.07606829867115,-0.741345807024815,2.6935649486417,-0.203270334596283,-0.645845666161058
nmgp-1,0.173289346779469,-0.715046905737052,-0.342240020164908,-0.0480552466750933,0.452202650926785,0.00616155520017247,0.0872642323171066,-0.807941798205685,-0.814735187227437,-0.379722392321673,3.01054226590858,0.141753600985041,-0.763472101785306
cdf-1,0.00470393276016678,-0.14560775215084,-0.245667381440192,-0.268165254991109,-0.59226964152634,-0.56910928759194,0.509856267683892,-0.388640891386762,-0.0707582837745968,-0.71807864238053,3.16318992067017,-0.297270645340182,-0.38218234053174
pkg-2,1.18786059121189,-0.900346262488044,-1.19202213159863,0.277079637934823,0.0582800954759309,0.728156417329195,2.07732312240694,-1.13568815039233,0.576476382714988,-0.370341209812073,-0.336925729615847,0.252875386554362,-1.2227281497212
cest-6,-0.268102483989235,0.93725551801112,-0.557530614209732,-0.557530614209732,-0.542276075838164,-0.557530614209732,-0.538637901869121,1.50397732664968,-0.488633932349171,-0.557530614209732,-0.403508773568863,-0.484648608413708,2.5146973882064
ttr-37,1.10762860005799,-1.00563755499494,-1.08727363000065,0.518011068291621,1.50395425301606,1.22034994415739,0.107609816446167,-1.00170623663959,-0.744131235847078,0.0214046449339334,-0.814976927603198,1.16245950912981,-0.98769225094752
nspb-5,-0.287064659808497,-0.287064659808497,-0.287064659808497,-0.240799006711502,-0.287064659808497,-0.264019329389175,-0.239272098997137,-0.287064659808497,-0.287064659808497,-0.287064659808497,3.32767237337428,-0.287064659808497,-0.287064659808497
D2023.4,0.0605596347458552,-0.971030923512955,-1.01265462897827,0.39788890168806,0.390652867361451,1.41477186108964,0.716174029063014,-0.988252160964205,-0.874698047963562,1.9270845013269,-0.714349995747776,0.594049539159532,-0.940195577267683
K04G2.9,-0.196095107018258,-0.414313177132438,-0.122474382371976,-0.192063445630907,-0.145186603048757,-0.0472087515391144,-0.381940400377426,-0.413172250518689,-0.446231876840538,-0.311464742565028,3.29885343534526,-0.209697964776918,-0.419004733525208
ten-1,-0.718293113742372,1.29045799786001,1.76961634933275,-0.745254526992928,-0.743816672051461,-0.744722642196607,-0.706701254146768,0.699942087091627,-0.0107533584503885,-0.38376385273029,-0.659630991603535,-0.747891791723608,1.70081176935357
col-14,-0.294824022876005,-0.291616121335132,3.32248704458831,-0.294824022876005,-0.294824022876005,-0.294824022876005,-0.294824022876005,-0.294824022876005,-0.294824022876005,-0.294824022876005,-0.294824022876005,-0.0826306944931273,-0.294824022876005
sel-2,-0.51493390789315,0.13297910343351,0.472454470252725,-0.582289498836888,-0.494287338432184,-0.464681161698902,-0.626087221001368,0.00694649405967099,3.07156462770219,-0.727354101669592,0.0819730441719742,-0.544790020057822,0.18850550996984
Y65A5A.1,-0.458546308072061,-0.343787519427939,3.18160151070242,-0.476898429623266,-0.451717588164997,-0.476898429623266,-0.465639147657074,-0.207229669597904,0.235144340516774,-0.476898429623266,0.0807081585851352,-0.476898429623266,0.337059941608711
frm-2,-0.435593196951408,0.71502950758007,0.00640563170618145,-0.98603446962458,-0.106629982326157,-0.74160559768779,-0.754665762093313,-0.162464131440019,0.0846943586914877,-0.294554548017113,2.80440227985884,0.71090992490511,-0.839894014601309
nhr-232,-0.459329015099825,0.604748726419465,-0.588504043987282,-0.528776415324506,-0.38550015579785,-0.487054977077196,-0.215475173668372,1.39660648970515,-0.454974041951635,-0.639245839373935,-0.555973074268366,-0.394671947522291,2.70814946794665
unc-83,-0.555298321774369,-0.178414035135214,2.9744384805394,-0.120206049222985,-0.723757894056368,-0.594744358714416,0.809543950754019,-0.486738696293663,0.382027178339302,-0.837383766108853,-0.07781222110277,-0.292855217841106,-0.298799049382975
T24C4.10,-0.0849814786228182,-0.744864227668872,-0.744864227668872,1.57414540380075,-0.579689826479905,1.8090914976221,0.59315587762622,-0.744864227668872,-0.744864227668872,1.48092306646509,-0.624311566076352,-0.444011835990726,-0.744864227668872
clc-9,-0.304706417757683,-0.329764139318821,-0.131766729155795,-0.332782375356314,-0.212577720020014,-0.305713090214254,-0.300723655645257,-0.304883609480838,-0.332782375356314,-0.332782375356314,3.31804946321378,-0.102845634721248,-0.326721340830929
cec-1,-0.450127409477742,0.844833706263994,0.367366276058212,-1.25083247564273,-0.36001155150772,-0.853386137599574,-0.818208756448074,0.578718049395321,1.20941297878916,-1.26905709659268,1.7043113754298,-0.717501191952732,1.01448223328476
nlp-3,-0.326389229475962,-0.322075697720786,3.27645707186571,-0.326389229475962,-0.326389229475962,-0.326389229475962,-0.326389229475962,-0.326389229475962,0.309510920614696,-0.326389229475962,-0.326389229475962,-0.326389229475962,-0.326389229475962
F55D12.5,-0.460819996759626,-0.215957973285845,3.10021561419168,-0.44357282320159,-0.43692315051362,-0.393636534428008,-0.277035048787642,-0.466523333841594,-0.209904684063573,-0.193189464322977,0.896677469483068,-0.487476802692126,-0.411853271778149
lgg-2,-0.627917194867779,0.282637580158115,1.91710374440256,-1.06923688698123,-0.540339251108523,-0.85130079672306,-0.524323811697799,0.506303255128606,-0.424393334704864,-0.805666923572681,1.79060706994806,-0.556058605496246,0.902585155514832
T23F2.3,-0.482025658942526,-0.534359739818556,1.17167277110045,-0.411224199618464,-0.468453541473889,-0.210409678101556,-0.102051251220258,-0.54451087957089,-0.54451087957089,-0.0896360010047788,2.96242429407292,-0.30226981997947,-0.444645415872091
snb-1,-0.585149424110804,-0.418151925063519,2.66761591014864,-0.929392121572854,-0.263920594992337,-0.759954452984359,-0.277787224865664,-0.039900289907447,0.963073448429828,-0.900118226156676,0.90674821461586,-0.45633980361546,0.093276490074789
eri-12,-0.089745162381236,0.633339202934873,2.63951421598867,-0.634675875207961,-0.170888789887322,-0.86887907459762,-0.672249684893237,-0.176092697157771,0.324016607910179,-1.17824330540508,0.875628431297769,-0.82125421157138,0.139530342970118
C49A9.5,0.0746998215509483,-0.504114286425882,-0.51172195048979,-0.434433786583174,-0.451905437392102,-0.480625418207118,2.71220370980536,-0.51172195048979,-0.51172195048979,-0.51172195048979,1.5635581326605,0.0792270170404083,-0.51172195048979
ugt-46,0.0610649705816451,-0.505381307436968,-1.33517321412388,1.15796898087328,-0.260959784407475,1.26452813241187,0.239147464709902,-0.714918130979594,-0.386775984272195,2.15384916866698,-1.10926077646094,-0.601129712302503,0.037040192739881
nog-1,-0.141376306618234,0.571156581616462,1.32587779389886,-0.937591484675486,-0.155458263250542,-1.61733836266509,-0.319724417879545,0.828060585132264,1.34401653048359,-0.758675839740509,-1.37695391306586,1.14082831167353,0.0971787850905622
nkb-1,1.37368782414578,-0.873354090746981,-0.46541010199387,0.816509174916625,0.455773790926518,-0.0802860389224679,-0.0990245442129014,-1.15557610865093,-0.164662258212078,-0.316084249529261,-0.683912484521335,2.26978950487687,-1.07745041807597
hsp-12.3,-0.294544188482456,-0.21649307615482,3.32675383216731,-0.264177647326157,-0.294414842364469,-0.302350064517806,-0.288439238576867,-0.242197899373356,-0.302350064517806,-0.302350064517806,-0.285047107556055,-0.302350064517806,-0.232039574261904
alh-1,-0.100749528931618,0.439762588998382,-0.832551945503818,-1.2094663155337,0.444829453488079,-0.607375866349397,-0.837886822637597,0.430612773054547,1.85137454383687,1.14747061640791,-1.68391603037757,0.750622625926792,0.207273907621112
ugt-57,-0.380375746959209,-0.372034481668021,3.14446428485964,-0.3818293460483,-0.329211148350933,-0.3818293460483,-0.266163038318883,-0.324297426252836,-0.3818293460483,-0.3818293460483,0.818593632980045,-0.3818293460483,-0.3818293460483
hpo-18,-0.116735634189731,-0.624270225210805,-1.19238778581682,0.667461481936605,-0.221316165966485,0.56960609773559,0.649810167927258,-0.274638873447821,-1.58135893473803,2.17777723482631,-0.64501757068745,1.01111699021013,-0.420046782578757
slt-1,-0.317813504484752,-0.351269849880134,0.558225778388916,-0.355256494434374,-0.301083142263685,-0.355256494434374,-0.355256494434374,-0.342372136206508,-0.355256494434374,-0.355256494434374,3.22264567547599,-0.355256494434374,-0.336793854423588
T04F8.7,-0.485474493880506,-0.682557981099473,-0.686683340426504,0.425461793867278,-0.473104243467632,0.672189136054907,1.9917284776197,-0.686683340426504,-0.686683340426504,2.02859743375714,-0.0434234207189011,-0.686683340426504,-0.686683340426504
pygl-1,-0.482706465580815,0.762756379837087,0.0834783969816527,-0.732798020763669,-0.707911610164063,-0.765038694688256,-0.733239509368964,1.16374295739805,1.13323833225543,-0.505196678698261,-0.683037583493892,-0.780126287969083,2.24683878425479
C31H5.4,-0.759386596283464,0.176353855290324,2.63478119462235,-0.930244698587799,-0.690556569454233,-0.794554376777328,-0.7691274008422,0.720761873586805,-0.259576581084168,-0.684052225699836,0.452370585868168,0.121687567626967,0.781543371734411
mlc-4,-0.595221528548966,-0.304483471570853,0.585482259217296,-0.559399288116239,-0.575325000927677,-0.395090453021674,-0.213256680871538,-0.280500934649599,-0.100139049974785,-0.144798192371071,3.17123481370701,-0.406361515296976,-0.182140957574931
math-26,0.202572143141185,-0.530817322233124,-1.47664868274123,0.444322442611676,0.302348299927845,0.240479674042203,-0.158780170831425,-0.765862463407421,1.69499745498518,0.15237467777872,-0.905851504265234,1.9005640881568,-1.09969863716517
comt-3,0.377221692138849,-0.781114063632917,-0.545811885478069,1.15695336144092,-0.0618998689923956,0.467082482651466,2.65928132793659,-0.818506483208407,-0.825761049183465,-0.455528831007237,-0.309403716446851,-0.0502693168407073,-0.812243649377775
ril-1,-0.0247311178461597,-1.07741246119277,-1.30999669876094,1.37368592596646,-0.148320529042391,1.37799664385822,1.28852185018429,-0.80197122648166,0.0216050784307894,0.972057220712642,-1.18934916965251,0.276175551925742,-0.758261068101714
pqm-1,-0.0949541143918194,-0.102683170840593,-1.76159248662303,-0.0394556402928024,0.115883854056514,-0.203388283871563,1.53210108112735,1.9105944417968,0.411981301025547,-0.916719327415286,-0.90783226954504,0.730648978524635,-0.674584363550709
dpy-22,-0.544887850272347,0.68909535751856,2.79302799538651,-0.699517314068366,-0.496564651589536,-0.602337163654549,-0.597201735698259,0.351303679008249,-0.198194689061946,-1.14301065191745,0.403930854997821,-0.389262012772437,0.43361818212374
snr-6,-0.395054862631476,0.774236714169383,0.526338109586456,-0.816406001727298,-0.472480105862145,-0.867212946782538,-0.847859966739197,1.75444490711,0.42010910398198,-0.427542518465921,-0.656295033720558,-0.950604158640487,1.9583267597218
unc-52,-0.294891139651291,-0.358864462167731,0.0410223265109253,-0.395120417177985,-0.408260194116374,-0.265503011553813,-0.0870467574992211,-0.3822152230922,-0.41204422256963,-0.0782078238542568,3.29326482413321,-0.353354952162652,-0.298778946798978
cysl-2,1.28870351956107,-0.941296655931816,-1.49141504591515,0.664268811060403,1.28577247573225,0.696471556634283,0.48730092429571,-0.932632816724302,0.316280169801306,-0.890277559320706,-1.33487358701938,0.928279502626346,-0.0765812948000154
cox-7C,0.0499629682492036,0.3175742544127,-0.92034427236737,0.411028318304194,-0.138611391426901,0.0519948284732754,0.339290249683797,0.843390685635924,-0.975012460795647,2.11000794784081,-1.18143485709987,-1.64170816407133,0.733861893161209
his-63,-0.53661221731633,0.51182607737195,-0.373225705326377,-0.53786288806424,-0.540330789750412,-0.544116615217552,-0.53608574626265,1.88914920939658,-0.0840730061502622,-0.544116615217552,-0.544116615217552,-0.544116615217552,2.38368152697195
ssb-1,-0.191691983396196,1.03628673798755,-0.523866188591166,-0.371125601741487,-0.367417600288725,-0.715060666787312,-0.0435362812636798,1.66067314489477,0.813262786534842,-1.38409984661143,-1.14341567776731,-0.48731755367827,1.7173087307084
sca-1,0.837994336758288,-0.0878109994022342,-1.57508597019527,1.88685403674523,0.644600742428456,0.637768869648816,0.321239043053599,-0.512428996494498,-1.8432903903181,-0.43484655194116,-0.355865523459667,0.580901259491417,-0.100029856314878
cyp-35A4,0.357691425940185,-0.624858933840937,-0.64932840987987,2.72092653120391,1.32643250187351,0.0540364619745324,0.0215398379113789,-0.694333769864112,-0.468210359500386,-0.742781286013042,-0.276027787602983,-0.372729079025307,-0.652357133176877
odc-1,0.457798120632094,0.306588221025941,-1.82081342870118,-1.00769140627552,0.863730482190402,-0.168637687510414,0.266853176541132,1.3174015910779,-0.215233717709406,-0.302993142821202,-1.42868460041632,0.122281377639985,1.60940101432658
mix-1,-0.506349057930599,2.03619816429609,0.301081115982366,-0.737200631423767,-0.633938386844758,-0.730669598535294,-0.694818832030826,1.2754684952872,0.504334152792012,-0.91477244470673,-0.414891392490666,-0.865129371455582,1.38068778706055
C52D10.3,1.03234266886029,0.727363587098375,-0.961164515978814,-0.669196899019868,0.228879566777527,-1.1037603043793,-1.05728732198728,-0.411333164929745,2.10402054399127,-0.150919037029589,-1.04686598604093,0.460454487101979,0.847466375536067
cox-6B,-0.128733775181967,-0.609072402088461,-0.552691704365086,0.377740754298447,-0.0628939260251283,0.311186411531657,-0.704421064987756,0.188028274868287,-1.42179018125046,2.67653977378657,-0.749380746869457,0.865418212323112,-0.189929626039746
C01B9.4,0.803976568154032,-0.197052904986507,-1.12476238606127,0.873625173466985,0.714676685699632,0.304264270926291,2.28302435562716,-0.627704531138422,0.35531544125986,-0.831505788997896,-1.07607545488032,-0.670263232223593,-0.807518196845951
akap-1,-0.321339306530481,0.995365650061484,1.27785312272418,-0.600399738256943,-0.606312722261005,-0.864298895155993,-0.896310710001771,1.60636940712707,0.230455409014543,-0.902597577619656,-0.879935738265715,-0.594178343544476,1.55532944270876
gbh-1,-0.0427335689875904,0.655318813120455,-1.27740562431819,-0.404024599652522,-0.206849218060968,-0.542102884475001,-0.325824707909886,1.91041814704585,-0.7400282064438,-0.546228978947425,-1.11705825537546,1.08186444260749,1.55465464139705
lron-7,1.67920984728282,0.370194151637035,-1.78430215318947,0.661335464498165,1.22991006165881,0.468607954364343,0.255119306962206,-0.656665496924457,-1.05510499787909,-0.369159803273834,-0.592428548720932,0.78311866815313,-0.989834454568743
F30F8.5,1.04776002833274,-0.0112837109283929,-1.52585514399188,-0.489494156327927,1.09558827875988,-0.316111510624457,-0.527766293876469,0.452324920422393,0.0721005295599789,-1.26431059831366,-0.739895641620045,0.112403237037825,2.09454006157
goa-1,-0.618125186958101,0.396174374055973,2.18088572446042,-0.842540959568766,-0.51899073429029,-0.662212581360997,-0.929204385832631,-0.0080365180785147,0.992851093201583,-1.29705761615259,1.32048903035068,-0.0831514239665855,0.0689191841398224
his-48,-0.18978786715579,1.94015702800286,-0.675316651817172,-0.828831765253714,-0.308106848285866,-0.877228569134787,-0.653142266225248,1.5151046155424,0.736504175915746,-1.20773871831024,-0.768952882009754,0.58757756103448,0.729762187697074
ZK836.3,-0.020286979319902,-0.597360128349242,-0.0387546452964077,-0.184749893007788,0.414237487374898,-0.401451220539374,0.0134707367452454,-0.610771852438674,-0.577075429665162,-0.610771852438674,3.13267329814522,0.0916123312285342,-0.610771852438674
F18C5.9,-0.253568760263888,-0.391159307237602,1.15216157500333,-0.391159307237602,-0.391159307237602,-0.391159307237602,-0.391159307237602,-0.391159307237602,-0.391159307237602,-0.391159307237602,3.01300025763658,-0.391159307237602,-0.391159307237602
nhr-8,0.45043632214406,-0.401232946721851,-1.4790106091868,-0.153409275781904,0.527882781258249,0.357786623017341,0.281315307310057,-0.701218504071245,0.0464062446599681,2.66427263617654,-1.06634040163069,-0.074757024851591,-0.452131152322134
atgp-1,-0.064006573889666,-0.692263588046925,3.15264778902087,0.318499068506248,-0.0827452550064754,-0.19460693903144,-0.249186544174899,-0.711774701748196,-0.628832367599895,-0.209009671873249,0.0920714182427422,-0.0933784185854407,-0.637414215813673
F20D6.11,-0.364037654053133,-0.857920353239305,-0.85358623119319,0.45803198045259,-0.561352985264935,1.01920955156842,0.63816369116746,-0.798502990025678,-0.155595446235023,2.57425426777312,-0.585034618450823,0.321594129879462,-0.835223342378974
rsp-6,-0.466430792730718,0.905139887640037,0.858573049611751,-0.773808749202673,-0.355804174855393,-0.808102201544535,-0.828228300411814,1.37552025688425,-0.260267863009483,-0.675196761649888,-0.431955922536207,-0.768511488707012,2.22907306051169
unc-129,-0.591199293778449,1.74508948382832,-0.527550386239589,-0.572522707735009,-0.601524582144264,-0.611424662294064,-0.60164012443027,2.11473602394599,0.0636139877603033,-0.611424662294064,-0.419965282587141,-0.611424662294064,1.2252368682623
T16G12.4,-0.0458966801490349,0.587935358520282,2.85520073047683,-0.673131034319506,-0.643180016220634,-0.771490957429145,-0.684442218738854,0.157292015795839,0.24123125688213,-0.771490957429145,-0.72684304727914,-0.116464810393746,0.591280360284126
enol-1,-0.660270694636777,-0.54560780125469,2.85429766479742,-0.458458166443532,-0.655649435392317,0.198807669780865,0.00512151096247595,-0.491747792466646,0.211091209353094,1.09992171355591,-0.239556666426296,-0.752897874795842,-0.565051337033657
rho-1,-0.648903990252053,0.18278759332,2.69846885260597,-1.1048230818926,-0.621037528196343,-0.732935176984324,-0.804248240312729,0.629704681399419,0.190613113457355,-0.169767349475486,0.33008461473748,-0.646371893686353,0.696428405279661
R09E12.9,-0.356797402345467,0.0433343542957002,-0.774397231597062,-0.697846167948767,0.0773862147835329,-0.744419382409943,-0.147507609243332,2.2036305123539,1.00139784736389,-0.683682354248553,-0.926038806819256,-0.618583803460965,1.62352382927632
ngp-1,-0.280390165149752,0.852055727951436,0.186695956409418,-0.511640815683149,-0.748471124092805,-1.40573335083063,-0.288569388342632,1.32704714326843,2.01410275520787,-0.145827077318662,-1.23817473349846,-0.543359302016613,0.782264374095545
pqn-73,-0.407885667724812,-0.41192799067461,2.65832621980823,-0.414237346225362,-0.412355932725257,-0.419567746790051,-0.278712954960191,-0.419567746790051,-0.419567746790051,-0.419567746790051,1.77012113588113,-0.419567746790051,-0.405488729428876
ncs-2,0.453870512783697,-1.24219352540799,-0.400171341214308,-0.297179706630577,0.0709456243003525,-0.320077823137353,2.12174673028082,-1.43737375935573,0.348376551009594,0.802403755433085,0.0128180552329723,1.07376759477458,-1.18693266806915
sax-7,-0.403616822780238,-0.387920041122807,3.01517283731344,-0.411162221493001,-0.411162221493001,-0.408515827063061,-0.411162221493001,-0.397481683686098,-0.411162221493001,-0.223488568253205,1.13935667106872,-0.411162221493001,-0.27769545801175
ugt-44,0.851222091508105,-1.06919510570903,-0.617042555005783,1.36830125876781,2.0752420136223,0.467113561744862,-0.0113159493644072,-1.07116699756206,-0.48021408733994,-0.0645505617399337,-0.79202155113663,0.42328549236829,-1.07965761015359
lntl-1,-0.432912248173689,-0.4423291388179,2.13107559466857,-0.4423291388179,-0.370949031352786,-0.43825224265965,-0.375900902648532,-0.421970870178515,-0.357695376625796,-0.4423291388179,2.36685295085152,-0.4423291388179,-0.330931318609526
fah-1,-0.500533798013766,0.101811683301293,-0.456472702912027,-0.458814556543379,-0.509258736628077,-0.545402579965164,-0.220808968864319,1.12327089010118,-0.0528330375868694,-0.495481205447766,-0.602452037138372,-0.337325196394468,2.95430024609174
R12E2.7,-0.411154651881245,-0.397884661156293,2.23342423942826,-0.42110076510355,-0.416702023683209,-0.417622736610117,-0.411301572866655,-0.352479049842022,-0.42110076510355,-0.42110076510355,2.2720772283691,-0.42110076510355,-0.413953711343615
ugt-13,-0.473831636978246,0.415262324252506,-0.560908480143886,-0.453549648100903,-0.231064524999646,-0.550233997696232,-0.273684403501694,0.555634746445325,0.14120710898204,-0.560908480143886,-0.560908480143886,-0.517231083353931,3.07021655538244
snr-5,-0.349656482290335,0.988662912776524,0.223003693720279,-0.532796823951719,-0.379376515165983,-0.567337281978244,-0.434466136908597,1.78888588782767,-0.850871775742765,-0.476775586897408,-0.522378833740347,-1.00362765503771,2.11673459738863
lfi-1,-0.311567917076757,-0.34669688068974,3.31641100064248,-0.317668403324068,-0.334424717359845,-0.139407382186428,-0.182433456448069,-0.339953412448151,-0.107018356285669,-0.34669688068974,-0.230862662284759,-0.34669688068974,-0.312984051159517
F37C4.5,-0.366593839582459,-0.491004376300916,0.00651032843983303,-0.488934652712646,-0.34115287870278,-0.270753064462664,1.01563166280683,-0.541607733871423,-0.467691568720128,-0.666273386199458,2.9912764973141,0.117314027090054,-0.496721015098338
sup-37,-0.668531945148516,0.589138005743781,0.763723307544279,-1.03990789429596,-0.385040545697735,-0.794930809497099,-0.753573207797031,0.481852871118259,2.50780539040493,-1.16685796408515,0.122795197987514,-0.171997819523584,0.515525413246315
mdh-2,-0.400464617163696,-0.922926655813334,-0.745969511260674,0.557102998758551,-0.360252013957792,0.730114388993527,0.49900806740126,-0.963147382032185,-0.506738148932269,2.29329068971692,-0.486563324697074,1.2672285586894,-0.960683049702639
B0495.7,-0.184225338028357,1.94686817179889,-0.886679576896323,-0.598108837608207,-0.433966125864075,-0.604159466861485,-0.804045172329851,1.37050925996237,0.0276334744781526,0.568202693421722,-0.91901595648275,-0.892997989167796,1.40998486357771
oac-14,0.204594437456288,-0.679994058398177,-0.72087151122391,0.667231660391888,2.50701033276537,1.48233816305726,-0.403822841141397,-0.703581166597147,-0.72087151122391,-0.40368355029564,-0.425974124757942,-0.0815043188087732,-0.72087151122391
inx-12,-0.305441523884521,-0.317433711385119,0.30085375195326,-0.344618880821516,-0.335165049323761,-0.325615596307762,-0.334896679932796,-0.302454302044894,-0.344618880821516,-0.344618880821516,3.27730437351289,-0.344618880821516,-0.278675739301231
C14H10.2,-0.644777986729803,2.09601197589185,-0.0925023384956964,-0.64895091112512,-0.641566751624644,-0.588829506546683,-0.645226236180273,1.75383428867518,1.18460126988982,-0.64895091112512,-0.513480475318921,-0.64895091112512,0.0387884938145281
klp-12,0.25025031725033,-0.815229916128906,-0.12858914517021,-0.441150086232922,0.286684744967907,-0.224522963189241,-0.141116855000976,-0.855572327340564,-0.281433673011968,-0.900601232639569,1.13955566040853,2.75270434508436,-0.640978868996775
ZK1053.4,-0.467571537319223,0.192906170487174,-0.364292597673008,-0.486395025943145,-0.481667447315044,-0.486395025943145,-0.486395025943145,1.2172750192698,-0.118263782227892,-0.486395025943145,-0.460030146265741,-0.486395025943145,2.91361945075966
ptp-3,-0.86590215709507,0.55116080244034,1.79298487040621,-0.851476154339395,-0.795491611165708,-0.623919132257732,-0.852987514084054,0.362482008868692,1.0512318722624,-0.906205055180089,0.64240996273774,-0.906205055180089,1.40191716258677
ltah-1.2,-0.520876608435265,-0.520876608435265,-0.503727262087969,0.239585281110597,-0.137683492439841,2.58585977559369,-0.40601995989185,-0.520876608435265,-0.520876608435265,1.7433769114564,-0.490132542647932,-0.42687566891677,-0.520876608435265
plp-1,-0.382709690320515,0.577589240010846,2.35693125255338,-0.883295128533552,-0.452063573719937,-0.843524112000851,-0.772202155460921,0.558347889406345,0.259425949456237,-1.17281247209001,0.525961722131789,-0.784475409099555,1.01282648766674
srh-237,-0.195047356935515,-0.59653288907498,-0.704405052559139,0.392561474788185,-0.419776555359339,1.69382817252086,0.267090673391311,-0.689726579222062,-0.582687933805802,2.46933611519235,-0.448052536252599,-0.489381555089272,-0.697205977593996
flcn-1,-0.595714213804727,0.0695391704619855,2.13800526294136,-0.636074109512262,-0.640424909835591,-0.662169563185576,-0.56028119947964,0.00488668442093412,0.561381365207218,-1.10979029576726,1.87881861217342,-0.627143277404822,0.178966473784962
F44E5.1,-0.323136942998989,-0.240432853500332,-0.438221373736638,-0.172017588106547,-0.453337669769972,0.107601453927538,0.262578372434508,0.00166340610991924,-1.02293942965235,3.03540948412076,-0.924631480614778,0.400766902028698,-0.233302280241807
Y40B1B.7,0.137034761923886,1.05904160539526,0.447017450479876,-0.822717023494048,-0.425740302858927,-1.12485565217025,-0.656680079730454,1.84721282568307,0.256844791642855,-1.32723934329386,-0.972274099104665,0.213158833137751,1.36919623238951
F22H10.2,-0.19526946296048,-0.526337648950612,-0.53471197588688,0.0387975490261717,-0.41478266024105,0.0925875664570808,3.04766032939652,-0.525995505199236,-0.53471197588688,-0.53471197588688,0.859083384652874,-0.236895648633747,-0.53471197588688
clec-41,-0.578313913445134,-0.728939763602391,-0.748472283865463,1.50771739292532,1.3679141568498,1.88470000239292,-0.664621422730477,-0.748472283865463,-0.748472283865463,0.654511732582696,-0.560633695517858,0.111554646006974,-0.748472283865463
R74.8,-0.333057005858798,-0.303095706496206,1.01456480207653,-0.419515353179711,-0.161500720706306,-0.427713913950518,-0.419846334989369,-0.446028193076755,-0.594203095954794,-0.594203095954794,3.02812602614982,0.0191943759418053,-0.362721784000901
Y105E8A.25,-0.302924532179869,0.108098779570402,0.102693494745102,-0.88548625409615,-0.269232819453979,-0.784434115679148,-0.855059934354856,0.033534140099265,0.799037042758648,-1.32385860402327,1.31750615513974,2.34019673850914,-0.280070091035028
Y106G6H.1,1.24015049836364,-0.438786205828005,-1.66872657822231,0.886822412274026,0.00363480241106983,0.598088456119088,-0.236388957442057,-0.845172928921275,1.3803370032363,0.0808777756499074,-1.24996580801129,1.14072229513513,-0.891592764764226
gcsh-2,0.389717920173314,0.120649194836532,-1.3312977555215,-0.299807111027058,-0.101323876345805,-0.381672520050028,0.053482945945198,0.198017860170094,2.02042821431372,-1.34676515080772,-1.18914835877601,0.334214863721723,1.53350377336753
eef-1B.2,1.01749832077652,-0.450374690568926,-0.381927057132001,0.841962209970034,1.0684668263363,0.368645621453893,0.754677809631541,-0.183154996288035,-1.68963034620006,1.29240400876897,-1.54092148840348,-0.0367321061847125,-1.06091411216005
sdpn-1,0.226692183866026,-0.893035721563828,0.146879937526142,0.0463816475174879,0.131907917049468,0.304624220903319,0.529713764435076,-1.04943439798549,-1.26411976893131,-0.312686248480336,2.15199069814507,1.27667151629809,-1.2955857487797
T16G1.5,-0.415714279899505,-0.461873426485583,-0.477232903926581,-0.220682602436689,-0.344053363307357,0.925179223738339,-0.154249553966877,-0.323119195296174,-0.477232903926581,3.08586498037443,-0.469894401869443,-0.477232903926581,-0.189758669071398
ccar-1,-0.346792171661177,0.531737695793326,2.6265494458278,-0.93785574852661,-0.174894933113819,-0.783001147206755,-0.817349519066593,0.569373285709652,0.752197509732965,-1.10907551281792,-0.407820437568649,-0.280064787728008,0.376996320625782
R107.5,-0.195427809053395,0.336385200688078,2.72359900618599,-0.928956857949372,-0.36435334253757,-1.02475029768591,-0.512972690200015,0.0623580178380904,-0.101913510064201,-0.990202906270149,1.05905440169626,-0.0723182366004088,0.00949902395258745
R102.4,1.0773911163713,-0.994692709507189,-0.671301228762027,1.64582751026023,-0.109040820639206,0.406521187878151,0.482983301810181,-1.0035336267748,-1.05850799409614,1.32576383180576,-0.873310297479091,0.782092883938403,-1.01019315480558
rpl-25.1,1.25521513048522,0.0013202310399619,-1.58116042977718,0.389133250166394,1.5749765686454,0.0848539085724119,0.76372474783435,0.0879884652718706,0.197727834566103,0.59175715623637,-1.67845769367985,-0.663872831750401,-1.02320633761066
F25B5.6,-0.155264709314089,0.533977091662599,-0.770185035401239,-0.38384319892115,-0.168512014150856,-0.74524830203098,-0.438944601051695,0.584826464176891,2.92035229490731,-0.431942733393629,-0.892992917490526,-0.424810975481159,0.37258863648853
dlg-1,-0.373188875517662,-0.613612603109905,0.0861328914143614,-0.805714404811244,0.174669527579176,0.0380040590534655,0.306954021639965,-0.825590654383427,1.24478945755296,-0.566106703557839,2.25725891188816,0.684529097716029,-1.60812472546404
acs-7,0.322307443493311,-0.523574455887488,-1.95126705024737,0.161303569215384,-0.278307468790449,0.271904954680716,0.528649241796802,-0.770031531117567,0.955893180015274,0.414746854095764,-1.22828279524037,2.04138163865973,0.0552764193262739
hex-2,1.0247939846394,0.0182580852169674,-2.06419037696565,1.4829727282133,0.976890902967827,1.18187903012118,-1.01357107387186,0.17620499776421,0.0620719856813176,-0.751377045719558,-0.553881370195265,-0.0985433627912218,-0.441508485060635
act-1,-0.570230322875749,-0.334955675399213,0.630040721292177,-0.678570050283506,-0.508745251254786,-0.510678807719685,-0.39478433094693,-0.463910746227136,-0.169149884510245,-0.573055192639695,2.74484183262003,1.30330746320145,-0.474109755256714
ZC250.4,-0.448597337056596,-0.553422375323985,-0.365747455270226,-0.118937778959636,2.9086506213217,1.1097078276381,-0.546861013905303,-0.492454460638037,-0.57342269849058,-0.10838785247859,0.336317920144314,-0.57342269849058,-0.57342269849058
F52G3.1,-0.771480569541634,0.504831459018176,1.9192461057257,-0.912638218998998,-0.64960473295246,-0.833480271240461,-0.743226714293158,0.941217201900078,0.632749355257925,-0.925323396938488,1.07877398762468,-1.02308208106256,0.782017875501194
W06H8.6,-0.748611900255612,0.217281641258609,1.67799851833219,-0.849186111952701,-0.839415402706033,-0.710613120945005,-0.67719413194285,0.392202541344801,1.68763758837489,-1.47532914412736,0.936201661548412,0.362899316683916,0.0261285443867382
ile-1,0.22297121854833,-1.15886685831798,-0.834555518657402,1.13318266530986,0.395062653796639,0.628558795175755,0.197958555126038,-1.23299014976563,-0.737574364074816,1.58707723808116,1.42819791107341,-0.606332467863457,-1.02268967843191
srr-4,0.0791342018453216,-0.947476304316231,-0.30641409593607,-0.7031886188169,1.98465496199441,1.12019652689389,1.55296481190418,-0.964644539500376,-0.49515351422399,-0.888084354652257,0.00135414105413152,0.432929191808424,-0.866272408054536
W03G11.4,-0.400678827234216,-0.426145040666674,2.79016212685637,-0.438618689088746,-0.32270108239693,-0.378276616704725,-0.419449413468493,-0.438618689088746,-0.349818499969538,-0.438618689088746,1.570800033404,-0.335540963489561,-0.412495649063992
mab-20,-0.383900801565102,0.355691453924711,2.47757445213016,-0.7481089432664,-0.54161849514704,-0.735903569689502,-0.807490308125065,0.462271240640722,1.11963560217718,-0.954169898738432,0.37475485404081,-0.954169898738432,0.33543431235639
cyp-25A3,0.114456086556057,0.49994293994763,-0.39497928499305,-0.542592485596543,-0.12679838568448,-0.5645417584726,-0.448072262302408,1.83444851090914,-0.608919165561481,-0.776947427736257,-0.554344831849929,-0.776947427736257,2.34529549252017
cap-2,-0.266216199029553,0.0279259923747059,1.96126166550804,-0.612234575800239,-0.301969432383365,-0.549142810067098,-0.400270234046546,-0.0213697441805521,0.172202039330544,-1.05539101866079,2.12426227527832,-1.21605587820361,0.136997919880156
cks-1,-0.54808458798944,1.68310228123336,-0.357892727833253,-0.59687123586035,-0.600076969489646,-0.636585981009107,-0.623766662719208,1.3449357940693,0.32337180527562,-0.672401528374707,-0.642660313419314,-0.672401528374707,1.99933165449145
cox-5B,-0.0290029277004311,-0.25457283124597,1.00236288260075,0.00889880514430838,0.24638911780873,0.370829016486694,0.461688125139663,1.23981996327218,-1.40116429049369,0.613231789115598,-2.20043580912318,-0.977202508157922,0.919158667153263
gst-6,-0.341885361594072,-0.667766110521765,-0.709560089971047,0.423964332718465,-0.175213645177261,1.34212946709015,0.583122003886878,-0.692241518624136,-0.709560089971047,2.58364285767461,-0.442685389096574,-0.509422489624495,-0.684523966789714
sma-5,1.08422044083801,-1.14764757290517,-1.13334275800066,0.450085908549151,0.839321478896139,0.297792513990131,1.36933774375579,-1.24344518470215,-0.905214693713525,-0.154855782776794,0.82190962824506,0.921185350226542,-1.19934707240252
zip-5,1.36747761142635,-0.879725264183436,-0.919338199685557,0.0816704711635765,1.49750997950962,0.181538922864109,1.55763672378645,-0.919338199685557,-0.707494613487659,-0.776412644719691,-0.469988698980259,0.896830879635807,-0.910366967643759
cyb-3,-0.637630194440391,1.48033755113353,-0.435538220258048,-0.668425881121308,-0.65294943196001,-0.664664892381802,-0.668425881121308,1.26798612579443,1.22348589064107,-0.668425881121308,-0.648517750829334,-0.668425881121308,1.74119444678579
pqn-8,-0.364123159845977,-0.370400768045387,0.948834954235886,-0.370400768045387,-0.350971782547035,-0.370400768045387,-0.370400768045387,-0.370400768045387,-0.370400768045387,-0.370400768045387,3.09986690056561,-0.370400768045387,-0.370400768045387
rrbs-1,0.0226251001280733,1.11408907573502,0.232227838720813,-0.678228013010407,0.00717863189090205,-1.12198187625428,-0.512724772133105,1.7628172373637,0.282800129394819,-1.28710132057291,-0.880559135949771,-0.598065386259776,1.65692249094693
let-418,-0.228659814902363,1.33984403617698,0.312382114278563,-1.09776331591278,-0.058226160882505,-0.810638713583201,-1.09017502045916,0.734201037725668,1.40436399052012,-1.16715337669549,0.265794425966042,-1.02228282696423,1.41831362473236
lap-1,-0.486822989829532,-0.748956802713687,-0.580557048004132,-0.0588761218143461,-0.511452298748676,1.49072826377888,1.63181232617544,-0.653828202790416,-0.892137467071705,1.9745265912812,-0.412622576464383,-0.111460818688313,-0.640352855110333
mxt-1,-0.355726478466851,-0.301453070342625,0.45303756164766,-0.380656472987414,-0.364924975117755,-0.384030604452405,-0.362421313226376,-0.293620203684193,-0.384030604452405,-0.384030604452405,3.23768660503014,-0.384030604452405,-0.0957992350429644
ZK380.6,-0.357222640221191,-0.123843778672312,3.24329774040814,-0.422058555177901,-0.350901450770032,-0.425926373050364,-0.429714961147945,-0.262265810851376,0.224742324216393,-0.429714961147945,-0.429714961147945,0.159268208788622,-0.395944781226144
rsbp-1,-0.426227666002145,-0.40442178233204,2.43153316222223,-0.518583355350246,-0.470967680150247,-0.436013758993525,-0.483154408060901,-0.339965775352738,0.310897447033961,-0.61326605263392,1.93096633557947,-0.61326605263392,-0.367530413325972
hrg-1,-0.509331517991296,-0.608550366571329,-0.221959079411021,0.384611653971104,-0.449282342389292,1.09442578645892,-0.619409420676588,0.658954827531015,-1.0567165303972,0.79516561548248,-0.768207810919011,-1.04853719015949,2.3488363750717
ast-1,-0.355466439907389,-0.335197608930456,3.18157271511036,-0.355466439907389,-0.355466439907389,-0.355466439907389,-0.355466439907389,-0.355466439907389,-0.355466439907389,-0.355466439907389,0.708289292893986,-0.355466439907389,-0.355466439907389
ahcy-1,-0.236787871383107,-0.268271930148732,-0.0497080926061837,-0.426460483643055,-0.164330487377584,-0.453050690427156,0.759961812968507,-0.00464884582205378,1.09905609943772,-1.67961643415555,-1.16528835281312,2.32874621624128,0.260399059729031
gpd-3,-0.480266546497534,0.508967074902204,0.840705222099086,-0.54541712360942,-0.726679162206913,-0.690782144845901,-0.45737310367723,1.53518738043112,-0.927611982514197,-0.12317532427047,-0.51587398303603,-0.715685949013615,2.29800564223889
txdc-12.1,-0.460482827919857,-0.362011991612045,1.78509790258632,-0.458347070676901,-0.460370679361498,-0.461669171601955,-0.323915928925963,-0.441036862914051,2.64104920241582,-0.464631579660962,-0.302606721494157,-0.260844609119038,-0.43022966171571
gpx-1,-0.00823880476492249,-0.340192250694947,-1.18966191537841,-0.422960976912163,0.294837551830377,0.721109703440923,0.886527547383484,-0.16845828358221,-0.0984925572843421,2.39349367331963,-1.50195373065821,-0.88058795551121,0.314577998811997
C14B9.10,-1.03212388369192,-0.472505761720336,1.42190433682972,-0.799002296672635,-1.13414383360875,-0.426390293234892,-0.594555864602212,0.609094517432071,0.0945717814161025,2.37524882889181,-0.257159120556656,-0.136037345577235,0.35109893509493
cct-4,0.322864061634819,0.372475524711222,2.06856865597885,-0.872277782169219,-0.294033407058326,-1.01499198119993,-0.188979308367492,0.132448089111484,1.84676501084595,-1.17988001100248,-0.797033332994621,-0.0735492602357771,-0.322376259254482
ZK1055.7,-0.00354140848272595,-1.21679578774134,-1.02694649989007,0.105376701104159,0.15770599353535,1.29833721416854,1.152766412388,-1.16264103563323,-0.650627731259797,0.213012329326019,0.720403107150627,1.61884593944486,-1.2058952341104
par-1,-0.342105432758763,-0.193763369269514,2.84512330875488,-0.356528830319176,-0.350327236991911,-0.299347844051764,-0.37888871611693,-0.282133096705087,-0.781780338357892,-0.63025882899891,1.40339346382381,-0.247484723010268,-0.385898355998471
T28B8.1,-0.787843719682866,0.0403826008704922,2.46968932792813,-0.815909782451201,-0.6290510202301,-0.839371328308183,-0.801579330485601,0.68197233173904,0.63402090629191,-0.901972666141109,0.504004384646972,-0.423649387703738,0.869307683526248
R11F4.1,-0.201543207708576,0.957536792283949,-0.646579578756936,-0.745534205382229,-0.554136612295976,-0.731249208806329,-0.664311310251528,1.50737613139726,1.60223131227042,-0.797071149797685,-0.783966559246422,-0.505149560253315,1.56239715654736
cki-1,-0.233948344702519,-0.058951401784028,0.262365635231036,-0.893725183715468,0.0196570242592573,-0.62685169141672,-0.559714094868536,0.252857944547959,0.0875894738383763,-0.985805908323414,0.159670585621906,-0.440530202836296,3.01738616414845
mpc-1,-0.373945980026506,-0.418553002321788,-0.596572044793345,-0.337719230651709,-0.341219924049292,-0.0813021018723222,-0.311587827449615,-0.000417035242803335,0.364802579283536,3.20934220268171,-0.60397900771284,-0.438387201300451,-0.070461426544567
C18A11.1,1.33508270642224,-0.238670805555783,-1.26753428988711,-0.525482497415274,2.02088360512557,-0.216445264425157,0.845043863710225,-0.638795714847815,0.9500874955982,-0.578884544081423,-0.730772038512663,0.154205846471588,-1.1087183626026
mca-3,-0.30832878523593,-0.674138974398926,1.76914375300986,0.361870986681672,0.111812676741645,-0.117353221729755,-0.555282425499437,-0.71654856464498,0.247287128331852,-1.82712734630553,0.693447885475952,1.72124916594209,-0.7060322783685
mnk-1,-0.314690589348643,-0.05738203123347,3.09602521083444,-0.693548173097883,-0.552293613373436,-0.690433731771384,-0.162118778495306,0.226097838155698,0.0691481927550809,-0.969195492335526,0.145193220716127,-0.0146483090579605,-0.0821537437477336
ifa-4,-0.56843867352195,-0.613342495782238,-0.372151041431012,-0.356789296511057,-0.586315722014579,-0.279855130682221,-0.173068053935789,-0.595775891933934,-0.0173098658938962,-0.104889791863203,2.89525929595121,1.26257017122119,-0.489893503602523
unc-14,-0.102469995284398,-0.464175251527475,3.14622885080726,-0.422966898912408,-0.138652982283931,-0.319074876664284,-0.189922820189857,-0.422424415762482,-0.717863521814864,-0.225459365065082,0.675777359474913,-0.373266335636901,-0.445729747140484
Y34B4A.4,-0.302973630855785,-0.398973228069059,-0.257853297495848,-0.116350752969426,-0.386190925744675,-0.278600940385935,-0.154955046731667,-0.412177291459909,-0.412177291459909,0.0653596118759999,3.29433412942233,-0.227264044666212,-0.412177291459909
pqn-59,-0.745131736503989,0.773067424113258,1.71237024258965,-1.21518439368198,-0.668089759608907,-1.15041169360278,-1.03910075409475,0.837988526871363,1.3844568656735,-0.157926068405986,-0.0205556663111141,-0.527608046444528,0.816125059406275
kdp-1,-0.157087275315103,-0.440986030729642,-0.823056972091412,-0.0800728329181863,-0.185607754742332,0.169868158878266,-0.395812942358072,-0.243256198270423,-0.952395917048381,2.3940819097202,-0.906065481244478,1.82148165796344,-0.201090321843874
K07E3.4,-0.513500868569655,0.695792007724408,-0.745703609530488,-0.64175218042898,-0.650002648724059,-0.155763937709498,-0.521294532878705,0.856052587979322,1.93843683569678,-0.70150421158181,-1.15503256926825,-0.197431576668195,1.79170470395912
pat-12,-0.39276226147552,-0.306194988029323,-0.214526517300351,-0.376459305275985,-0.386356901932112,-0.135572001638373,-0.373940110433217,-0.33390591670321,-0.395077584827382,-0.343795318716691,3.26581697153153,0.31685170076141,-0.324077765960775
chd-3,-0.615129473089334,0.145364718635048,2.10252600552671,-0.752986544560424,-0.586809913338254,-0.747453513708022,-0.744044946720249,0.460617489949336,1.76406785030386,-0.795053357482527,-0.491180184978508,-0.55001495272484,0.810096822187203
lpd-7,0.00781133578066042,0.688170046809372,1.04218578609978,-1.02625442765736,-0.162317139103827,-1.23190969880461,-0.462565023930301,1.5321770114101,1.34729474438066,-0.131288793508152,-1.35435240247118,-1.01437226861732,0.765420829612162
gmeb-2,-0.258244740895535,-0.280240955509994,-0.280240955509994,-0.276864863086684,-0.270856043534225,-0.280240955509994,-0.280240955509994,-0.280240955509994,-0.280240955509994,-0.280240955509994,3.32813424710639,-0.280240955509994,-0.280240955509994
T23G7.3,-0.156405094797619,0.933232222960922,0.939899851662782,-0.714144462761025,-0.205431569156048,-0.986634898778036,-0.0273398920192849,1.67477553147523,-0.51068932174556,-1.66154565508592,-0.157506763271321,-0.673964208822588,1.54575426033846
osm-11,-0.267895473836133,-0.314443684662219,-0.226887931078039,-0.314443684662219,-0.314443684662219,-0.314443684662219,-0.282306988610809,-0.314443684662219,-0.314443684662219,-0.02480533517031,3.31744520599304,-0.314443684662219,-0.314443684662219
his-7,-0.603521824237561,0.713202164120186,-0.151458190353985,-0.605494304140147,-0.613971588930791,-0.621736219172006,-0.597984549181228,2.17524314342317,0.0738350536103156,-0.624963022782677,-0.483892322007712,-0.624963022782677,1.96570468243511
tag-120,0.381564737179091,-0.36517170078624,-1.80138637066235,0.666566144324976,0.634755886515624,0.322340331513415,1.57185725267138,-0.856957564697818,-1.32233179460218,-0.789031248190486,1.3901154729163,0.117111571234891,0.0505672825833913
plpr-1,-0.343134008923044,-0.350271352161553,0.630761712877573,-0.362016485324845,-0.260911404552338,-0.346718905931123,-0.364616870032906,-0.35507279179253,-0.364616870032906,-0.364616870032906,3.2026806837819,-0.364616870032906,-0.356849967842418
elt-3,-0.398588322662705,-0.357165124840886,-0.400717593116848,-0.400717593116848,-0.400717593116848,-0.370528407385121,-0.335118576809965,-0.34316136732104,1.06303264260166,-0.400717593116848,3.05265671055248,-0.400717593116848,-0.307539588550189
pmt-2,-0.111250946763616,-0.830666242790951,-0.710540743721061,2.62412658167365,-0.869204437928404,0.191820921814869,1.26946706547959,-0.71236902579398,0.500863916939946,-0.174004457757732,-0.461982006063306,-0.00863335653143338,-0.707627268557566
vwa-8,-0.307133150354019,1.53978868496228,-0.707189744772587,-0.227195248900572,-0.351869840777308,-0.365193231956995,-0.634830438487322,1.3846999732732,0.127513501500435,-0.681421463007285,-1.00405715814381,-0.829478311152105,2.0563664278161
cyp-33C5,0.0272537039168947,-0.386239020347882,-0.287794096618861,-0.358908327040849,0.150293957288505,-0.339707356980491,-0.318014239030328,-0.402458265733975,3.27539071530528,-0.402458265733975,-0.152442273556368,-0.402458265733975,-0.402458265733975
C29F9.2,0.859462201387333,-1.03420472799114,-1.06189435282153,0.303800306818174,1.63831686991776,0.602217923131171,0.63869755410066,-1.06189435282153,-0.929864302929904,0.913773086199557,-0.781768522899663,0.975252670730632,-1.06189435282153
dct-11,1.26928245258501,0.00560916420289577,-1.32266371333439,0.256233537306903,1.35024699011718,-0.0276454207503845,0.090912162272126,-1.35330982406292,-0.112498206580845,1.27599540433921,-0.716015128707213,0.760009610927231,-1.4761570283148
hsp-110,-0.616974999825617,0.205172926235127,2.53708198399707,-0.936449668924835,-0.370728984625723,-0.634216992847619,-0.127911588898343,0.211068832520073,1.00536724567977,-0.98313264809139,0.939824825468893,-0.767867113786224,-0.461233816901183
aco-2,1.03683797181089,-0.737890588708361,-0.896943997098118,0.767368759686506,1.13866487413204,-0.0158379456788553,0.359253278768388,-1.0484670682131,0.367601249821197,1.89342285765934,-0.907299747193086,-1.02437959337292,-0.932330051613912
Y94H6A.5,-0.443122924143671,0.993449378653778,0.236060549118303,-0.601802986966005,-0.456820868066149,-0.97375050767655,-0.718923340242448,1.45228445202489,1.76177347131172,-1.05513374613127,-0.783108443466966,-0.603234359536307,1.19232932512067
C06B8.7,-0.605075422938191,0.671661700360019,0.0967980582329644,-0.88749107982228,-0.328142372672956,-0.851677137316531,-0.56597721335553,0.472317478786502,1.18335875119696,-1.01745842810289,2.47488364349031,-0.669333217241077,0.0261352393826977
Y47H9C.1,-0.507011217954,-0.513392677033796,-0.521139215844981,-0.0475916882161023,-0.410563509606822,3.16468271815448,0.0138604894377058,-0.513580204146358,-0.521139215844981,0.454199443724207,-0.0902289636546374,0.0130432568302685,-0.521139215844981
ccch-1,-0.486127489818673,-0.412932035957905,3.17185940154582,-0.0295640859625539,-0.479200452802065,-0.255385825317359,-0.281637461391742,-0.513097160903131,-0.513097160903131,0.043753617195014,0.540251158826894,-0.271725343608041,-0.513097160903131
vha-3,0.324863444610582,-1.0168311167702,-0.667898065908026,1.46070634067654,0.445359120649081,1.60279465171591,1.25405358470744,-1.06117940964379,-1.22140082209475,-0.276731308695086,-0.0853795304046994,0.310559684304723,-1.06891657314773
R12C12.9,1.35208284724001,-0.94350597632914,-0.761489713909287,2.04216165205751,0.173191755877543,0.915832864017405,0.302422541331267,-0.993634224649499,-1.00211277567947,0.107095334601455,-0.659455329487318,0.437785692075838,-0.970374667146321
tspo-1,-0.368316335801648,-0.31106229170851,2.65019263762493,-0.657952657521679,-0.457276582921024,-0.552479669013126,-0.558489562841432,-0.237322109884416,-0.545499324718351,-0.742495017850372,0.923271410236892,1.2532453576124,-0.395815853213661
lin-40,-0.499779219701717,0.704785637227659,0.584677316888449,-0.758642440628324,-0.51536186170355,-0.839052944004809,-0.796928594133354,0.793069426389097,2.06244253633359,-1.04834083911945,0.0790960588534037,-1.04834083911945,1.28237576271846
polg-1,-0.700498715564905,0.58583863971876,0.697595221915882,-0.828445101207268,-0.755588717119952,-0.848924525704022,-0.84773184842366,1.88867104094571,1.53835755114984,-0.889107219786476,-0.139734001746029,-0.622992947432492,0.922560623254614
cec-5,-0.679436296254868,1.24705752496019,1.49740137726235,-0.767622306596187,-0.604334276836304,-0.769918770217859,-0.672514342269473,0.962545422726068,-0.0117607924991361,-1.00047618459547,0.127178070779453,-1.00047618459547,1.67235675813671
gcst-1,-0.655954470536721,0.413304381985328,-1.08416414787112,0.0874170152910114,-0.968012026687639,0.00103382951962057,0.281100612090586,1.88609570714557,-0.193683807413012,-0.861541349965328,-1.19560223837868,0.508163329319655,1.78184316550073
pdi-1,0.0189230888466321,0.29513855895133,2.00055997052847,-0.373129859227098,-0.185108260294965,-0.797858554333894,-0.7272680825493,0.0692045490427766,0.992922487893199,-1.90690376850818,-0.280135976961604,-0.40948801866521,1.30314386527784
F21C10.18,-0.386143043950311,-0.386143043950311,-0.386143043950311,-0.386143043950311,-0.321626476098955,0.00302525326151266,-0.386143043950311,-0.386143043950311,-0.386143043950311,-0.246699091079841,3.23529766923386,0.419146996285911,-0.386143043950311
stt-3,1.00804412259132,0.441348827373866,-0.733985941858513,1.16584715505825,1.67205197780716,0.489813556465966,-0.720155610958342,0.318012630512591,-0.941796864127286,-1.75736856656762,-1.04056351707121,-0.244492892245374,0.343245123019204
vhp-1,0.540165281716654,-0.755385251461812,0.874589154756787,-0.435535906748221,0.692714268432388,-0.368236785663409,1.45665533914769,-0.999665264585121,-1.11359346302185,-1.58609118969597,1.33306591158639,0.831917106784456,-0.470599201247979
ZK1320.13,-0.400848262492033,-0.609317461883341,-0.483107918134817,0.24352330129423,-0.0514251104189694,1.54440054817205,-0.049721476594052,-0.611726210387682,-0.621266926715397,2.67007278009284,-0.516140603531392,-0.493175732686038,-0.621266926715397
vamp-8,-0.288983096857436,-0.279919095064953,-0.272538420572257,-0.288983096857436,-0.288983096857436,-0.213324968177006,-0.249725279823429,-0.288983096857436,-0.288983096857436,-0.288983096857436,3.32737253849714,-0.288983096857436,-0.288983096857436
cdh-3,-0.351280492381545,-0.325361026559814,3.25235326401478,-0.377440432886469,-0.348825961667018,-0.377440432886469,-0.372748489613626,-0.354637612729295,0.0961562315170014,-0.377440432886469,0.291546251851866,-0.377440432886469,-0.377440432886469
ugt-48,1.33168272148675,-0.708915418778254,-1.42235051129659,1.19768811117313,1.35941545671799,1.28978491691838,-0.143765621651595,-0.974796282735006,-0.121793741071462,0.225003428534194,-1.00192560630211,-0.211470524249781,-0.818556928745644
endu-2,0.120460182294461,-0.54123977478298,-0.626434410780182,2.72978311494947,-0.531584200281423,-0.194037338584583,0.0165842089487294,-0.694314554184174,-0.608645212917516,1.32808628756285,-0.670184666319799,0.287690058863464,-0.616163694768316
unc-116,-0.459506663736283,-0.619467294047084,1.68243734166052,-0.804613291999543,-0.345509069081776,-0.651211985609029,-0.43729040435039,-0.153236594386445,0.262765158687411,-0.726088161631147,2.50506379124824,0.237521242684962,-0.490864069439437
F16F9.4,-0.16650812336061,-0.801334413690872,-0.780929005013662,1.48712232885262,-0.462818952971324,1.82514087439932,0.783199826908934,-0.79629702195202,-0.651397246146544,1.43635703926169,-0.473839761545023,-0.585802384557935,-0.812893160184567
par-3,-0.668658516405026,0.180953361268928,0.748465420785267,-0.745818489725971,-0.575518563276436,-0.714195383899954,-0.810738759466893,0.646152389241333,2.52094274729144,-0.943719938610989,-0.281896605252285,-0.368992106807453,1.01302444485804
klo-1,-0.449166557700603,1.90566537423075,-0.717230468808808,-0.715026181891616,-0.282865341202617,-0.709397597559313,-0.717230468808808,1.9058248014371,0.678624197373307,-0.717230468808808,-0.63262822749827,-0.458206275894126,0.90886721513181
F13E9.11,-0.29366884890165,-0.257210980223205,3.31413084911339,-0.336484199885708,-0.306385800236123,-0.333593769029987,-0.333665864743138,-0.313362567145399,0.000280895814547271,-0.336484199885708,-0.214707104402692,-0.336484199885708,-0.252364210588622
F14H12.6,-0.328749370623787,-0.216482367603993,3.31541834261966,-0.334677493557506,-0.334677493557506,-0.334677493557506,-0.334677493557506,-0.154768074142999,-0.199059639165634,-0.334677493557506,-0.334677493557506,-0.334677493557506,-0.0736164361807037
swt-3,-0.389225709233314,-0.225521985545382,-0.397636604147769,-0.394856202854891,-0.388376692836609,-0.389877970624765,-0.397636604147769,1.17021308991236,-0.397636604147769,-0.397636604147769,-0.397636604147769,-0.397636604147769,3.00346509606922
F07C6.4,-0.445030841734422,-0.635415029061139,0.359819729852263,-0.55706904913953,-0.509095054868479,-0.299951908645652,0.362360575167308,-0.682440183013096,0.29901913885327,-0.69016662928073,2.98582613505237,0.412863024603573,-0.600719907785735
unc-5,-0.250081554547404,-0.45027495894129,0.217974267853347,-0.518730614648204,-0.424105229695395,-0.640624822230716,-0.433774157179808,-0.383826177221113,-0.691831698738319,-0.691831698738319,2.81163649950584,0.193595199251762,1.26187494532961
acds-10,-0.774512344751803,0.467905540779328,-1.34367850057736,-0.456489007557568,-0.285077163298357,0.737985469052516,-0.51764043224617,1.73150113163502,0.675574653398242,-0.228354334151799,-1.05953022504574,-0.716936680619662,1.76925189338336
cdf-2,0.678091079432911,1.23618891475119,-1.27307215518062,-0.0439596941290537,-0.0253623675598206,-0.683955409027098,-0.86804479375426,1.11001808193685,0.897005938512493,-1.38954486530656,-1.0296316667194,-0.0688843623454829,1.46115129938885
hel-1,-0.366832166034802,1.15350076757435,0.540618810075172,-0.7785612553922,-0.457415657602705,-0.760230584434558,-0.656298519331858,0.960213727043259,1.84720698123393,-1.31104930421169,-0.571393069811431,-0.789555557523252,1.18979582841578
kin-18,-0.595730441444614,-0.9733560099865,-1.07838254099323,0.182217975590115,-0.797258213797208,0.272755007884027,1.48675369824624,-1.01379844019152,0.208126480068882,0.997065710288833,1.84892695166917,0.421625074074405,-0.958945251408593
inf-1,-0.263313433541606,0.88385590095832,-0.371051888830058,-0.576327838245967,-0.207290574246737,-0.636176089894227,-0.826074798077737,0.901813936668421,2.29128574956729,-1.17958577350887,-1.08117655392216,0.107858909537053,0.956182453536274
C01G6.3,-0.510683612596955,0.498534248166066,-0.215473861372719,-0.533996746452122,-0.527820408848404,-0.538941761429648,-0.538941761429648,1.02969998510618,0.0623868476770028,-0.538941761429648,-0.538941761429648,-0.538941761429648,2.89206235546919
nhr-205,-0.42936353346085,0.462681085021717,-0.496477287335781,-0.557273178849947,-0.343779825347498,-0.55458672177487,-0.382298320117782,2.16418509248942,-0.389070685321598,-0.503482219467382,-0.572522432922646,-0.572522432922646,2.17451046000986
F44A2.5,-0.298751840361204,-0.30406692713683,-0.0915586034949828,-0.307399794880305,-0.207068881939009,-0.261543601403727,-0.309887059528066,-0.309887059528066,-0.309887059528066,-0.309887059528066,3.32158423584687,-0.309887059528066,-0.301759288990484
idh-2,-0.603948164850629,0.695567915986044,-0.36333302156343,-0.719300225010746,-0.383599721376635,-0.717868956339331,-0.688703259478671,1.86185295609422,1.17308797719618,-0.470456466711983,-0.744512120793649,-0.800995327132536,1.76220841398116
pfd-6,0.0221270232792712,1.11971185402634,1.11458652428939,-0.72277371142729,-0.254296674291048,-0.688680016730715,-0.506245808165899,1.84590878410628,-0.424351014674519,-1.23782037064326,-0.503134770875562,-1.06264664475609,1.2976148258631
oxy-5,-0.274638392304279,-0.604259559055664,0.438422632168832,-0.148370858149513,-0.132083174154688,0.662706610887706,-0.39664312631149,-0.531015849065636,-0.57462619878293,3.05773767899629,-0.525457538909214,-0.588489641276996,-0.383282584042416
clec-265,0.325234176624217,-0.638416086153118,-0.638416086153118,2.65817977023182,-0.376065748042243,-0.346206467319291,1.11347616381305,-0.638416086153118,-0.485935533577698,-0.638416086153118,-0.567697524393098,0.861794451274472,-0.62911494399876
sph-1,0.15318253943065,1.48038459336825,-0.954326856516679,-0.545203340266013,0.592678169785547,-0.781153964599705,-0.576762696850098,0.00486629880734391,-0.567178357005138,-1.43758947489599,2.18162040902787,0.355168675140034,0.0943140045739344
C33A12.4,-0.314326013760253,-0.303452581030359,3.31795200479464,-0.300477798579275,-0.307884242010926,-0.312752415084306,-0.167704278341469,-0.328331665799677,-0.328331665799677,-0.328331665799677,-0.243936042141318,-0.0622583185172892,-0.320165317930416
ric-3,-0.369845806097215,-0.40982378252842,2.30682469128057,-0.420718355405473,-0.370619862953144,-0.41436335477098,-0.394327622299414,-0.431916008782729,-0.431916008782729,-0.431916008782729,2.19739850626306,-0.431916008782729,-0.396860378358069
tank-1,-0.651358178243095,-0.953632037069161,-0.64573044056831,0.170068636553943,-0.94763772994812,0.97275466538787,1.19625958168179,-0.724411210205034,-1.03707348123226,1.09793881203863,1.81553279663443,0.486241898253181,-0.778953313283862
C56C10.4,-0.317951089485828,-0.317951089485828,3.3135998578832,-0.317951089485828,-0.317951089485828,-0.317951089485828,-0.317951089485828,-0.317951089485828,-0.317951089485828,-0.317951089485828,-0.075324088436722,-0.317951089485828,-0.0587648745881975
C50B8.4,0.563362890508143,-0.841655797892188,-0.135430742621357,-0.413009647259817,0.879189712734737,-0.00693090924145062,0.16375202160669,-0.981672997384967,1.10857916533357,-0.673088249176776,2.30849518596429,-0.802670034023412,-1.16892059854747
larp-1,-0.297671009469035,0.784321191957509,1.77109042451662,-0.438798222874007,0.699646153202371,-1.01460509567045,-1.03995111026929,0.794767046686215,1.30886738747027,-1.34654609493061,-0.978745425457239,-0.453761031254257,0.211385786091899
swt-6,0.454064473644968,-0.916864613644218,-0.822772101727294,1.444756786506,0.800865390543681,1.89801894459214,1.00725632672292,-0.951843565974223,-0.578130925837408,-0.519476980580865,-0.688825225047794,-0.169325828418888,-0.957722680779013
T24C4.8,-0.388855936931225,-0.364438090472734,-0.391822901079088,-0.314535371183374,-0.407011585232486,-0.318991163666132,-0.130081837362531,-0.266279511037824,-0.326337242894844,0.459991593374629,3.23689707152145,-0.424215308897061,-0.364319716138779
nfya-2,-0.315353645496045,-0.221730712718779,-0.306530663405005,-0.332779248724881,-0.295249200012751,-0.336232977240918,-0.26824148315964,-0.283163640768839,-0.0109079424865244,-0.339418793078166,3.3155345300434,-0.339418793078166,-0.266507429873686
Y54G2A.26,-0.575158528683097,-0.288113614177541,2.15069217851516,-0.614801439404741,-0.428352020619014,-0.618942656927127,-0.636653087115426,-0.154727314140368,-0.441201190169571,-0.804704458691218,2.17095686311198,0.0845918616084329,0.156413406692528
C31H5.6,-0.468988770799366,-0.478801965389826,-0.336414972117704,0.172119546324125,-0.442134492364988,2.12343327731819,-0.470447944280603,-0.468136086283229,-0.486736936198608,2.30738751497524,-0.477805298786012,-0.486736936198608,-0.486736936198608
F53E2.2,-0.730311505016972,0.19688857115382,1.59105101719711,-0.980727022065619,-0.200046067410651,-0.491803124298028,-0.401652772246441,1.28253195024006,-0.283984774081196,-1.65980908554554,0.927958926550404,-0.591642602423857,1.34154648794691
W09C5.1,-0.260412048093158,0.719794026082052,0.421422339918311,-1.0943896961244,-0.384043643595439,-1.47698224626117,-0.673848847952436,1.75984370983242,0.881355539946515,-1.11160175489171,-0.616300221911685,0.714449742902107,1.1207131001486
C04C3.9,-0.309816452686279,-0.335975148694036,-0.335975148694036,-0.335975148694036,-0.335975148694036,-0.335975148694036,-0.0890103500211268,-0.335975148694036,-0.335975148694036,0.12651907938526,3.29608406156847,-0.335975148694036,-0.335975148694036
cbp-3,0.790126016810641,-1.01463919836051,-1.05287132467578,0.186007540178594,0.806406135960876,0.273993695214379,0.554807668639546,-0.997149752839199,-0.875180461227708,0.9063979262233,-0.575905107229372,2.04147145025054,-1.04346458894531
pcbd-1,-0.708273647863143,0.864765527184551,2.5564113504686,-0.798004552165589,-0.712358373290049,-0.752600401225258,-0.744478555955264,0.522719985019749,0.703260967728119,-0.865595292193241,0.387268670771829,-0.527113420386418,0.0739977419061159
col-125,-0.280745899360378,-0.297377991668757,-0.0827514200456253,-0.294372676954134,-0.285555105535724,-0.297377991668757,-0.297377991668757,-0.297377991668757,-0.297377991668757,-0.297377991668757,3.32244903524592,-0.297377991668757,-0.297377991668757
drd-5,2.20893451513715,-0.630878223641655,-0.555523477515806,1.05799084004295,-0.657338688715709,-0.65608858079407,1.64111201711437,-0.663574992752723,-0.169947989517247,-0.663574992752723,-0.547052765781314,0.299517331929494,-0.663574992752723
puf-12,-0.369009681422946,0.706683230308091,1.05139552631875,-0.89806672290539,-0.57397580820162,-1.13275411486913,-0.916589140992403,1.18233171315192,1.38002546035807,-0.999851717726116,-1.11880649919593,0.743726682015941,0.94489107316077
cpt-2,-0.660987424356158,0.838439132363228,-1.1012208642726,-0.396104200691733,-0.318891693771357,-0.478011806454471,-0.464257251190225,1.72322912935653,1.22834450634591,-0.43173806310221,-1.34429463965265,-0.159003752221454,1.56449692764719
cyp-32B1,1.013104037639,-0.765740896753952,-1.07991416013916,0.170900242437594,1.03929843640326,-0.143260573634245,-0.293437287838244,-0.949591163800516,-0.178189710912971,0.358057194570853,-0.507117002942317,2.3699912026057,-1.03410031763499
gdi-1,0.0505164306723539,-0.262041778147851,2.08603776128831,-0.889476578078507,-0.131347826726649,-0.748855015218307,-0.623168105522302,-0.279814983444395,0.422871321856057,-0.80271490064818,2.1099784349597,-0.592307292991002,-0.339677467999227
itr-1,-0.609580654744366,-0.925631272243558,-0.655848907775332,1.31903801527132,-0.513334254597911,1.11719595831269,1.46618378849966,-1.2010700338516,-0.253473820233922,-0.22108034578374,1.33110594881237,0.363346726280438,-1.21685114794606
fpn-1.1,-0.441601252112755,-0.52988457799044,-0.304002120580835,0.55116172338429,-0.408407520138018,0.644441485634938,-0.326491328737175,-0.536335112445819,-0.536335112445819,-0.247426810681947,3.06005461660343,-0.388838878044029,-0.536335112445819
T28C6.10,-0.446690037633659,0.382747783027726,-0.386370257098941,-0.463140792440931,-0.456841968489232,-0.463140792440931,-0.463140792440931,1.24109634602067,-0.463140792440931,-0.463140792440931,-0.432827084328453,-0.463140792440931,2.87772997314748
cest-8,1.76271874860712,-0.894234889411028,-0.922839788304704,1.04931954450803,1.1362878863658,1.12125744082431,0.506715866791206,-0.907022320753239,-0.922839788304704,-0.727073441149476,-0.48735570588302,0.207906235014414,-0.922839788304704
inx-10,-0.368761806078015,-0.419975983145185,-0.0495838796626163,-0.413961380166223,-0.406127680941889,-0.407076864282674,-0.358293221421602,-0.440031061195706,1.18805900768204,-0.440031061195706,2.98030663724177,-0.440031061195706,-0.424491645638482
lipl-2,2.36043714929553,-0.570769468705912,-0.575659442104023,-0.151308666644583,-0.41507138656907,-0.554879399709001,1.96186253921764,-0.575659442104023,-0.575659442104023,-0.575659442104023,-0.053337861450562,0.301364305086072,-0.575659442104023
pho-13,-0.223943615258362,-0.731495243847931,-0.739979554022358,1.68902828333855,0.384698664916278,1.46249696754331,0.0349081550085923,-0.739979554022358,-0.739979554022358,1.75623570211516,-0.672031143703815,-0.739979554022358,-0.739979554022358
K10G6.5,1.7635580921139,-0.766504161220488,-0.766504161220488,0.856717325454236,1.01327079149164,-0.521430716236719,1.75444042940632,-0.75103414063987,-0.610767789969354,-0.766504161220488,-0.67284320153077,0.226300571445839,-0.758698877873751
cyp-13A2,-0.303066627703132,-0.280197724225436,3.31917041345887,-0.309319502419521,-0.275935039503104,-0.305499124363333,-0.309319502419521,-0.266110771443564,-0.0373361961529291,-0.309319502419521,-0.304427417969764,-0.309319502419521,-0.309319502419521
snr-2,-0.537515556013674,1.03760647681894,0.0215987250713072,-0.778298498248217,-0.567999520824988,-0.674010221370379,-0.691278761645296,1.73466447682428,-0.312734523504413,-0.0545705205823702,-0.825241501484229,-0.522401765069125,2.17018119002816
irg-3,-0.0913580873117282,-0.821812397330405,-0.821812397330405,0.174480314191518,-0.491038304403437,0.61333378783368,2.29781606473745,-0.821812397330405,-0.665679445767212,1.68278217622321,-0.290328530499677,0.0572416143178209,-0.821812397330405
F42H10.6,1.1241431109384,-0.486357472428823,-0.989900624749523,0.682428315525108,0.561489786910158,0.717111492845393,1.85574593201916,-0.869934273879752,-0.741248859078706,0.919380746309284,-0.77782926382243,-1.12837585062739,-0.866653039960875
eat-16,-0.45440796633643,-0.287864543823967,2.25160821704185,-0.552375061104187,-0.262739427913932,-0.405016085534421,-0.303327167718653,-0.46348981770875,-0.0269206395430638,-0.727850787466363,2.19191351382389,-0.462973175329171,-0.496557058386796
trap-3,0.437355244034768,-0.815349071181045,-0.156525075993327,1.63437030889525,-0.197239772381177,0.446901057094552,-0.180219081731267,-1.07720093205675,-0.523662462780854,-1.52874716205143,0.64206388698403,1.90899915739961,-0.590746096232347
Y46G5A.7,-0.607080114012782,0.859318458990491,1.94662459243975,-0.721552612753816,-0.620866183341271,-0.728400361516414,-0.710047095429982,1.65338459339202,-0.51837131115547,-0.741350008546202,-0.39574768410629,-0.509094867770585,1.09318259381055
T12B3.3,-0.55289545162021,1.24594890654823,-0.439246135226169,-0.650032492804051,-0.620931950967146,-0.618090494105999,-0.707348694923625,2.15074987959344,-0.116013255971108,-0.772502395108475,0.330929679438117,-0.772502395108475,1.52193480025547
ifa-1,-0.367963086429276,-0.378748819936088,1.01128053426035,-0.378748819936088,-0.341408404136564,-0.378748819936088,-0.378748819936088,-0.370736512148915,-0.378748819936088,-0.378748819936088,3.07531397772099,-0.378748819936088,-0.355244769713976
B0395.3,-0.435236303277887,0.293846025253836,-0.721206671872362,-0.501546860252565,-0.412806120557101,-0.120673038281255,-0.302690262157212,1.08905653319313,2.62530588566242,-0.991058454626282,-0.456204804468539,-0.871580979315913,0.804795050699726
C37C3.2,-0.462172971309291,-0.6640619130238,0.523051531080031,-0.497430033137257,-0.488489943658313,-0.0661488055493399,-0.114862291697563,-0.799000488061068,2.28977223335362,-1.08158067960341,0.673144456760228,1.53285710230935,-0.845078197463187
spsb-1,-0.383400408439736,-0.316232571154476,2.85800848561272,-0.341106108660446,-0.440173775672309,-0.345289855537733,-0.195414784660872,-0.383753305446812,-0.565904136372329,-0.4548642334107,1.43432984928009,-0.50521776013243,-0.360981395404963
sid-5,-0.67684984102822,0.375714596063358,-0.307807878476008,-0.631856283784509,-0.620114520144656,-0.714202156798521,-0.60965367098701,1.70201580570574,-0.229850414700106,-1.05296222956594,1.17962952075016,-0.417997599572589,2.0039346725383
C08F11.13,1.11826046486963,-0.183432605513696,-0.951380774198906,0.390716460008632,0.339702470528237,0.0269239189216801,2.68024297407267,-0.772171750156328,-0.0502899573415359,-0.768357440271407,-0.491668882842596,-0.543782831678129,-0.794762046398252
cbl-1,-0.226993512789472,-0.808127390466129,-0.808100046671554,0.0165404462391759,2.39087921044663,1.39556744038749,-0.608926450780041,-0.815088286985513,-0.33429618738286,0.990224708852741,-0.428560377022032,0.051968733157082,-0.815088286985513
T07D3.4,-0.396906500575747,0.982027935489727,-1.47674062264513,-0.868801992612952,-0.112480480628704,-0.793061607641719,-1.11090278332317,1.11116693039146,1.3898890721064,-0.652411771694058,0.967749933368914,-0.253550561790901,1.21402244955587
cld-9,-0.412429870003484,-0.835140192354266,-0.815365313009318,0.700444140004131,-0.495062095788264,0.625340180092745,1.62541450646614,-0.829989325221364,-0.838467937299004,1.90959656363938,0.786372957940664,-0.582245677168356,-0.838467937299004
R193.2,-0.0769848628908587,-0.471236007202968,-0.471236007202968,2.98769058085856,-0.0489838306428254,-0.223493053219082,-0.458111526640984,-0.471236007202968,-0.471236007202968,-0.471236007202968,-0.471236007202968,1.11853474295597,-0.471236007202968
C33D9.13,-0.497455255814968,0.052538630397801,0.543210044719692,-0.792355154991183,-0.469921767004027,-0.663274027731725,-0.375083900733422,0.129467804466687,-0.342701119723333,-0.936939814188886,2.99133672607127,0.175846934099714,0.185330900432384
mct-6,-1.14199193463633,1.5475378716179,1.83860359384637,-0.75513870962171,1.03767921893638,-0.304152754145933,-1.06129169227825,0.781212817175209,-0.313208708008509,-0.382433191216734,-0.550001414193223,-0.92056604679979,0.223750949324622
daf-41,0.462731970605822,1.12785884415413,2.77239766419146,-0.697815524040312,-0.0171740707066614,-0.796131979437942,-0.50069606121384,0.177656638203441,-0.779904971650835,-0.506721863954338,-0.5817476121168,-0.293141942499345,-0.367311091534782
ZC443.3,-0.316816813807455,-0.442894372485553,1.32921157428998,-0.630813590699189,-0.186533634663346,-0.691035447209051,-0.531269366491388,-0.366819616031905,-0.695899683932591,-0.650338797958397,2.28992547799607,1.46144751531798,-0.56816324432516
snu-66,-0.564355249718767,0.726808478944534,2.09202335401349,-0.963572660914632,-0.670085363323398,-0.74468619657273,-0.425366999417342,1.04609180816909,-0.158299743101116,-1.21312581724762,-0.0883481233143036,-0.413320757424395,1.37623726990719
F41G3.18,1.32811347594296,-0.737711527730276,-1.04685824627887,1.59150829792196,0.177167913672826,0.835526703864678,1.17825870967053,-0.981230377438914,-0.80258617847571,0.73233190904061,-0.670219368017185,-0.620566635007271,-0.983734677165337
scav-6,1.77839066338905,-0.754729171355031,-0.972862208359855,0.841967863091344,1.16374717826021,0.183621105471068,0.0920960785374747,-1.05867983221736,-0.7855610257971,-0.0617152588391822,-0.69183129045097,1.34937679156621,-1.08382089329586
guk-1,0.476880867584984,0.504295129757971,0.578724873692628,-1.03676835232315,0.0854825315611023,-1.14482899599331,-1.01859401840581,0.905789463023683,2.24775094235567,-1.34064498901231,-0.057600275627711,0.0720966483300636,-0.272583824943813
T19D7.6,-0.497086103992763,2.38758761978048,-0.533022399954855,-0.529053585471031,-0.533022399954855,-0.526765071993113,-0.517993962104449,1.02448589324644,1.63415636013961,-0.533022399954855,-0.507107192051386,-0.533022399954855,-0.336134357734365
C05A9.2,-0.734696250314687,0.5452037916725,1.34477456194497,-0.628823777717458,-1.06065020044331,-0.0486904083617752,-0.0669725160875585,1.183908004617,0.106284803470554,-1.00681413215533,-0.868757163217177,-0.775769949437151,2.01100323602942
fmo-1,1.21543277432686,-1.16753135814363,-1.18177513327231,0.365152287255219,0.969147718165189,0.971232465375697,1.00190405091408,-1.15903828171081,-0.555477512338441,1.19705534972592,-0.598875169887094,0.0800451191004982,-1.13727230951119
vem-1,0.363617653339007,0.38825602357488,-2.08813561838322,-0.693435498607747,1.08265760864221,-0.449005173936151,-1.14608358035489,0.589035665480813,1.78837410113369,0.666599545233516,-0.283042379990903,-0.327315478285901,0.108477132154683
myrf-2,-0.625919188874543,1.62742607103782,0.617702782738644,-0.811195296978282,-0.646910596029988,-0.796526246213883,-0.827317461907149,1.30938381628231,0.52408600122505,-0.83752628144145,-0.300990242749951,-0.862454899116663,1.63024154202809
R10H10.3,1.02020767208452,-1.05817548556949,-0.883870961559975,0.978708588820317,1.56690018654952,0.992420474657924,0.120703654778317,-1.06387860074287,-1.06387860074287,0.802811586888321,-0.723780613680754,0.354797619447228,-1.04296552093018
cdh-4,-0.71769878898881,0.875115093368377,1.16241168392223,-0.80277629023363,-0.762038280445095,-0.793760047545981,-0.849124404214983,0.641464762047584,0.0953980414216784,-0.85837539984513,2.06055579098235,-0.85837539984513,0.807203239376538
cky-1,-0.285872977267441,-0.285872977267441,-0.218479489112118,-0.285872977267441,-0.250309103906072,-0.285872977267441,-0.285872977267441,-0.285872977267441,-0.285872977267441,-0.285872977267441,3.3275183656926,-0.285872977267441,-0.285872977267441
C46C2.2,-0.424365004638342,0.197580935543639,3.21259140936031,-0.469531020442235,-0.501176512622775,-0.539489794115667,-0.471913657266438,-0.021902602250282,0.00209958615877598,-0.546520527515216,-0.0713967564180443,-0.410483068110367,0.0445070123166439
mel-32,0.0245965967835399,-0.81130325415164,-1.62296030693419,0.341472451279174,-0.529913285074115,0.306409414814524,0.631735968649848,-0.827918626102184,1.03073071042039,1.91347344400729,-1.24962205680546,0.912081683342636,-0.118782740229818
T04D3.5,-0.733298061757581,0.676744032563835,1.88625341060008,-0.764601515285052,-0.758712784750222,-0.773242593021835,-0.77732730807861,1.52500726792316,0.570280345663181,-0.77732730807861,-0.347188397157242,-0.77732730807861,1.05074021945751
hgo-1,-0.331230362556288,0.0676612970277636,-0.608064536931703,-0.838414192759784,-0.243546949878871,-0.717030922083377,-0.584342802402617,0.661724172213573,2.42570399864355,0.0565297437002063,-0.73474863004334,-0.733731481984693,1.57949066705557
ech-4,-0.377180250332734,0.988687746011534,-0.769699885842049,-0.560101095233433,-0.337920543323749,-0.332047018651803,-0.490027024429738,1.34582202043979,0.230388717132046,-0.370286339715681,-0.83573180734382,-0.930062849313526,2.43815833060316
gcs-1,-0.534991688963619,-0.540326335381394,-0.212608098758377,0.151580350091679,-0.440783631982748,0.496818993827236,0.861409251836926,-0.698652979568529,-0.673597971629673,2.93528974154013,-0.485181029894841,-0.364565348327043,-0.494391252789742
F39G3.5,0.764389001761034,-0.0645162598718747,-2.36318040905583,0.451202169548599,-0.277848961349045,1.09302616957373,0.974641073449481,-0.447251798970608,-0.440253552148768,1.26032805523812,-0.846497454523446,0.538428492474534,-0.64246652612592
cest-5.2,1.84248291565811,0.706166636130083,-1.9966488278984,1.06731006176897,0.688543220208119,0.351887525094222,-0.641052717090514,-0.213366247806027,0.0994565592149791,0.0271415173262347,-1.31251345359607,-0.284353332995735,-0.335053856013976
T25D10.1,-0.0900550476396642,-0.353568009326372,-0.959037982017264,-0.693297619992341,0.326347046381058,-0.180373278137472,-0.229844972554862,-0.566186167105486,-0.10768553151108,-0.362238378049109,2.84926244933741,1.08491968911247,-0.718242198497281
nova-1,-0.3821481172858,0.529158687836568,2.39859353134739,-0.741033084406831,-0.493657857090819,-0.724326962531037,-0.707575397646439,0.605628883480617,0.539906580249326,-0.864833593581118,-0.541812184336201,-0.864833593581118,1.24693310754547
hpo-8,0.778989412964959,-0.486031252648532,-1.1776909925734,1.18305078940092,0.504443779222514,1.25576112257594,0.274464176918096,-0.0800164460255748,-1.44450487285756,1.46917617336517,-1.12249757853462,-0.955062666891352,-0.200081644916565
ugt-21,1.20062625097801,-0.698717813851367,-1.08233844492766,0.0734868063812449,2.4325075382371,0.590489508841343,-0.579615353583206,-0.965969915424847,0.139102129138954,-0.2287526276228,-0.342132329595133,0.44647404258427,-0.985159791155915
crn-6,-0.653460685158754,0.257095333372056,-0.656636479070086,-0.59652022956152,-0.440638010358597,0.983979833039047,-0.663798128586105,0.772782322502276,-0.374510190503145,-0.125361774375724,-0.591154797232392,-0.663798128586105,2.75202093451905
K11H12.4,-0.0900491497436343,-0.503234409943159,-0.503234409943159,0.183375771317037,-0.487275122515911,-0.144071858492092,3.21498166356297,-0.503234409943159,-0.34167992900725,-0.446255010195194,-0.0910096320012567,0.201165721969701,-0.489479225064893
fkh-9,-0.532549932361175,-1.09970356769184,-0.348425634248009,0.462750876969256,-0.753724902220309,1.09198053877405,0.857829587275432,-1.08972732079081,-1.10750639099973,1.32879319825966,1.33195910969994,0.854146287165305,-0.995821849831766
K11H12.11,1.21494612506957,-0.854017925282463,-0.854017925282463,1.26052002205135,2.08226607096771,0.30523391241568,-0.160055613268983,-0.854017925282463,-0.709142938507866,-0.633843989185134,-0.544976105344486,0.601124216932007,-0.854017925282463
col-33,-0.270920961881641,-0.271755201052925,3.32818910353492,-0.278551294060036,-0.278551294060036,-0.278551294060036,-0.278551294060036,-0.278551294060036,-0.278551294060036,-0.278551294060036,-0.278551294060036,-0.278551294060036,-0.278551294060036
acox-1.1,-0.724017481602399,-0.195881239335758,-1.25883674183984,-0.250855939417323,-0.575940012539208,0.54609755012007,-0.102115099109987,0.552342310219407,1.62866772333089,1.9512542349061,-1.06952752840629,-0.997238468335058,0.496050692009393
fust-1,-0.680269768930351,0.579060557274654,1.18043153396789,-0.890147300934027,-0.33398287214692,-0.820173595387591,-0.691337475760844,1.220891870867,-1.01424502258038,-0.587861088515585,0.0963117848605881,-0.253159847111438,2.194481224397
tba-1,-0.50604127326641,0.0466307734058873,3.10575620502627,-0.549397585444303,-0.505015584004583,-0.498248850988838,-0.453262614724106,-0.0860535244078287,-0.173814029346234,-0.577212809684383,0.589474981255243,-0.577212809684383,0.184397121863664
dpy-17,-0.511384894982088,-0.129920291118151,0.447205477178806,-0.553579581717727,-0.566704301186848,-0.543323979841598,0.823682797329823,-0.453615487916092,2.96950478623776,-0.566704301186848,-0.485363840581501,-0.566704301186848,0.136907918971311
mthf-1,-0.338331595971445,0.694237221994505,-0.240083690595143,-0.0242860111002307,-0.861217610757954,-0.546014054410711,-0.506463003574758,1.16428147544837,0.691259856171085,-0.986357046503058,-0.770655978319076,-0.744944125582915,2.46857456320133
col-34,-0.397841921822955,-0.397841921822955,2.77255724407338,-0.397841921822955,-0.397841921822955,-0.397841921822955,-0.397841921822955,-0.397841921822955,-0.397841921822955,-0.397841921822955,1.60370389597913,-0.397841921822955,-0.397841921822955
dgat-2,0.836135481319715,-0.689265194536006,-1.35262526982693,-0.0779774465677238,1.3442290768242,0.0855323639120506,2.17514450409492,0.177308505618543,-0.62797017355982,-0.886518802746749,-0.872405646618339,-0.538274899199185,0.426687501285316
T05F1.11,-0.102741116322892,-0.599138724210639,-0.730530024501735,1.87453991910641,-0.672294125254723,0.206135179875944,2.35278492331519,-0.759417216129554,-0.0709548378668927,-0.0427904894062226,-0.0667009048823574,-0.706582809198092,-0.682309774524428
M01H9.4,-0.556555071357792,1.00898982713572,-1.16078206842656,-0.513738905520213,-0.489701699214167,-0.128069093670678,-0.267405963340517,1.21420548634745,0.0121277416320962,-0.998162114864786,-0.949490283632915,0.589552330507147,2.23902981440522
F22B8.7,-0.552998499662058,0.10187615261967,-0.199776544183761,-0.551036062534152,-0.553965198517748,-0.428780986407118,-0.527556254822848,1.33324872879065,-0.214413394068902,-0.138805096547244,-0.553665867360586,-0.561362546884519,2.84723556957861
F27C1.2,-0.171021998392525,1.40546404824174,0.0378929462510061,-0.846341147135641,0.0289872803622442,-1.08404982161632,-0.73399047627667,1.5953342250041,0.513730061746894,-1.53531186999821,-0.490746032049085,-0.177486647213412,1.45753943107588
unc-32,-0.432469689434109,0.140586376204508,0.986915191786144,-0.552841468243986,-0.669581749002833,-0.741200717388021,-0.904221077226605,0.756900682027762,0.903433038967941,-0.643056516386709,0.0873891229411906,-1.24321651937115,2.31136332512586
psa-3,0.0371907828734186,0.586613482513075,-0.958386477324015,-0.381052153112438,-0.853251872858052,-0.891029275141669,0.815012098797625,1.35188545132178,-0.242987256357209,-0.359258073024042,-0.645966688276939,-0.775979349446467,2.31720933003493
bet-1,-0.469014294056731,0.109793348281728,2.43111111293859,-0.538627691957862,-0.492154485111316,-0.671850212985195,-0.617674693636697,0.143132716056364,0.37962796187804,-0.999667659870401,1.59467161918218,-0.88613211355833,0.0167843928396325
F13H10.1,-0.263948924971791,-0.31597650951408,-0.235566173902323,-0.296060458459101,-0.30616580191247,-0.0282489019970667,-0.292030087212673,-0.31597650951408,-0.31597650951408,-0.31597650951408,3.31787940553991,-0.31597650951408,-0.31597650951408
pyp-1,0.768404746875561,-0.426402631864309,-2.04555485726705,-0.337011927208193,1.19202669270744,1.42069078992372,0.673949778880889,0.167402684227518,0.468033113092099,0.0143673435975816,-1.65990800877981,-0.0635111044164661,-0.172486619768988
hprt-1,-0.543844752819473,-0.0080174183077284,-0.365760581778649,-0.37313802191656,-0.541391499376982,0.121782069133794,-0.49673664257077,0.83280798214965,-0.17447021707491,-0.399574749817642,-0.516550948628853,-0.59623053404947,3.06112531505759
slc-17.4,-0.557292116391116,-0.631119801495541,-0.22720383794504,0.54323984192281,0.700820881430937,2.55850011232153,-0.612825310136307,-0.62881008219864,-0.638167867611055,1.28424915409213,-0.515055238767599,-0.638167867611055,-0.638167867611055
Y69A2AR.28,-0.497054444529619,1.48639506380746,-0.239353634257859,-0.678633832550359,-0.727646282735857,-0.723289712514155,-0.672537024963947,1.56983902501132,0.283913507241327,-0.768787350154338,-0.760030444456902,-0.212405444813488,1.93959057491642
col-89,-0.308279774110879,-0.308279774110879,3.31016746924333,-0.308279774110879,-0.308279774110879,-0.308279774110879,-0.308279774110879,-0.308279774110879,0.0687687432808298,-0.308279774110879,-0.296138471415369,-0.308279774110879,-0.308279774110879
inx-17,1.6586621619115,1.30370189696808,-1.75442801433355,0.63193086194273,0.771236101100937,-0.287376169253714,-0.14872738992743,-0.55305870940952,0.0769343212499622,-0.102605171652263,-1.07420181260739,0.67700358988536,-1.19907166587469
T20B3.1,-0.731629866440085,0.517771752646591,-0.550717798848995,-0.760292829707392,-0.744112200498908,-0.654346405600845,-0.301974764830907,1.0008217451838,1.44673688096016,0.0574899286574414,-0.733751799001768,-0.781105336817746,2.23511069429866
gcp-2.1,-0.288186884692053,1.12112111693474,-1.38862238684212,0.636070184478143,-0.870085220403182,-0.660977231575508,-0.100234111176488,0.889223373238873,1.3758732891,-0.684749595918067,-1.20834627336398,-0.363314150463749,1.54222789068339
unc-54,-0.254857680840213,1.84984025076052,-1.00934157110394,-0.747826311208694,-0.253274965131139,-1.0641236751774,-0.531276984222178,1.23933907519071,1.03745595571056,-0.714148198042661,-1.07977049573087,0.743933285330189,0.78405131446513
ntl-2,-0.503746270093669,-0.0567247763008524,2.8551964737146,-0.715354934196979,-0.615067985054454,-0.485889932231846,-0.67350252435935,0.1867421078207,0.400990057136573,-0.485403732624388,0.888778442162555,-0.884376682576556,0.0883597566036741
lact-7,-0.309693685316853,-0.309693685316853,-0.309693685316853,-0.273198259721136,-0.309693685316853,0.0591285071462367,-0.309693685316853,-0.309693685316853,-0.309693685316853,-0.309693685316853,3.31100660574343,-0.309693685316853,-0.309693685316853
K02E10.6,-0.0755765996946168,-0.3311263406204,0.18697149821189,-0.401275636296854,-0.208283785020195,-0.400505430006256,-0.237103634638932,-0.21978251984461,-0.707548008277114,-0.597779704650875,3.23910545370084,-0.118214675382651,-0.128880617480226
hsp-60,0.106002468474511,0.675963678597943,-1.26073305469106,0.896996793575146,0.161976451459495,0.16471874345387,-0.422013459691021,1.07053794716104,1.5920459674028,-0.49748850397406,-2.14415942641004,-0.572941009071968,0.229093403713346
ceh-5,-0.389221717377665,-0.396084198114809,2.8442469931512,-0.396084198114809,-0.396084198114809,-0.383909148296642,-0.396084198114809,-0.387704463964285,-0.396084198114809,-0.396084198114809,-0.396084198114809,-0.396084198114809,1.48526192140586
ZC247.1,-0.3880454555223,-0.35926759911807,3.27054334181343,-0.369746460629565,-0.407762132405823,-0.107256749644257,-0.391622390100819,-0.378617881001963,-0.258246371402553,0.246769145144408,-0.129525043802341,-0.407762132405823,-0.319460270924326
cal-5,-0.357954262361137,-0.587279642474814,-0.469665601698594,-0.345705338630907,-0.147955409140775,0.416536640571356,0.208473193733235,-0.621202105495578,0.129332758303958,-0.119993632413711,3.12515179193636,-0.550451454091864,-0.679286938237532
Y71F9AL.9,-0.325663265217672,-0.437072151040906,0.109520558404418,-0.708620617802235,0.169137273814001,-0.337495356945045,-0.340212692473651,0.108664277778088,3.10687182498801,-0.506075472338004,-0.0133888585749527,-0.991151161766632,0.165485641174578
tbb-2,-0.919890060629119,1.44721502093373,0.465139601494998,-1.11953750491204,-1.03847565637014,-0.826898929918811,-0.7525388120831,1.15766408418624,0.671198712431633,0.296521681797261,-0.758022927323797,-0.275293654942183,1.65291844533532
mtx-2,0.213169337621108,-0.544371238697798,-0.989915472781878,-0.64575732152699,2.22000578690078,1.73995389830538,-0.57321658895405,-0.926505185235505,0.194536143076795,0.22145178660592,-0.488525260816603,0.383026144960542,-0.803852029457702
F49F1.5,-0.579376348995252,-0.546011459898785,-0.690396010400815,-0.395838663824118,1.94825837054193,2.20384708563347,-0.679156573230898,-0.673748887376314,-0.220567091741788,0.327370125946523,-0.538919744694374,0.516692092061657,-0.67215289402124
B0511.6,-0.315904427171877,0.481197601659252,0.759898140159159,-0.851719478201902,-0.274567873811459,-1.05853148510142,-0.321314083465357,1.03966509739382,2.04186541782157,-1.74013170988021,0.000524508826083873,-0.496900389891618,0.735918681663957
his-2,-0.59517675042951,0.827191725021338,-0.363121407483058,-0.609248907386993,-0.597071982869504,-0.609248907386993,-0.602281741505647,1.49435746994504,0.474883046091638,-0.609248907386993,-0.609248907386993,-0.609248907386993,2.40746417816467
taf-1,-0.464184097560377,0.169746887582716,0.750263744958551,-0.56903010375684,-0.366194490633077,-0.573510824877439,-0.511161072701421,0.00189351023813507,3.02856446601084,-0.872541633427664,-0.44477705257326,-0.108126231763244,-0.0409431014969179
pccb-1,-0.637767282889462,0.756482448328684,0.721238629077539,-0.716830221875445,-0.720628447153653,-0.713087955057806,-0.64512173938596,1.23053460822172,0.397896789588726,-0.785359574389479,-0.676839928043427,-0.553431870403218,2.34291454398178
cpg-19,-0.346888342596563,-0.345690482677832,0.466626107966317,-0.349314317142025,-0.329265072474896,-0.260338058231651,-0.349314317142025,-0.349314317142025,-0.349314317142025,-0.349314317142025,3.24399738697985,-0.349314317142025,-0.332555636113073
pkc-2,-0.400599066688153,-1.06739965503367,-0.635190107734396,0.225786735018659,0.762352496513926,0.645403626293872,-0.34761282862511,-1.07494749364959,-1.07494749364959,1.71886217346206,0.926129160473421,1.37599880599393,-1.05383635237537
dgn-1,-0.762160940680175,0.472751155855395,2.03304839701039,0.237877198670785,-0.990090818078306,-0.344624415381855,-1.16591829554022,1.49066092695954,0.27141478529739,-0.500224376622839,0.111436439479829,-1.32823781140907,0.474067754439146
mth-1,0.0646972036314619,-1.01977432166712,-1.0294239711042,-0.0684989392654934,0.190485624922828,2.2669714178025,0.93268554799852,-1.0294239711042,-0.310863274673827,1.21325629326347,-0.356561802611225,0.175874163911497,-1.0294239711042
mdh-1,-0.156054797360993,-0.603732869680898,-0.050268335199147,-0.570509533019655,-0.210898035089399,-0.184904105834299,-0.439089471371914,-0.107415969487992,2.66166927587211,1.11714197291849,-1.35307091768386,-0.696243254773757,0.593376040711315
mig-14,-0.577634640570492,0.140186322177578,0.624708818983258,-0.600784363165929,-0.485436949438845,-0.547130104075188,-0.525813709241934,-0.140554639206661,-0.119306131549569,-0.445154174114956,3.0882316103334,-0.544837050972242,0.133525010841582
F55H12.3,1.18778395303755,-0.797369804822352,-0.815427821579257,0.601392237017464,1.31611246277807,0.0530887650652797,-0.0685650370896078,-1.17450022195418,0.962454879694255,-0.929044334130699,-0.648712538473504,1.48839681345809,-1.17560935300111
Y71H2AM.11,-0.725650377002698,-0.581135001934027,-0.680392248105374,-0.657616446583196,1.51874009705632,1.21415035245439,-0.7692177672106,-0.430064198780131,-0.828961882172704,1.76852313281394,-0.457399641437317,1.16921515497418,-0.540191174072784
B0507.3,-0.19511379290302,1.36651193426915,-0.961494727646889,-0.550047507422324,-0.202787499527357,-0.730550935423376,-0.51450682615814,0.657541134669218,1.05043315268986,-0.902134126219637,-0.735696272110887,-0.494156162726099,2.21200162850951
crb-1,-0.677187503669625,1.70800242161288,0.144045924804475,-0.691660911664278,-0.657999171774963,-0.659711325301955,-0.696068098195372,1.30900975917917,0.507207596949559,-0.702621771895655,-0.702621771895655,-0.702621771895655,1.82222662374708
mam-1,-0.279400380973107,-0.289625834907962,-0.296115585086301,-0.296115585086301,-0.175279392536571,-0.27357672899123,-0.25808848790715,-0.283730121642251,-0.296115585086301,-0.296115585086301,3.32642052612113,-0.296115585086301,-0.28614165373135
Y57A10A.14,1.00843736640162,0.120453368766567,-1.60632317044713,-0.0604957292281642,0.618440618420263,-0.186488935587304,0.092834146190278,0.536230020646498,-0.616458170175975,-1.54680572331452,-1.02412317249349,0.944528110476224,1.71977127034513
cyp-37B1,0.993289506914176,-0.972506778281482,-0.972506778281482,1.70820155344454,1.16244825995507,0.817153961866025,0.587321743227498,-0.972506778281482,-0.972506778281482,-0.575998065049886,-0.487811152563134,0.657928083613124,-0.972506778281482
inx-16,1.07920274670951,1.05130668598567,-1.62704937738479,0.0533752196594081,0.411997515840704,-0.55345257306184,-0.540517656529663,-0.0525893567356141,1.78318785486803,-1.20365407689978,-0.673900558845199,0.907168999285654,-0.635075422892092
vig-1,0.636297257177316,-0.17537252189014,0.551852705136095,0.278691341811543,0.912691187670872,-0.137468929261993,-0.433391497433775,-1.1020816590301,2.11082798620309,0.584470362240109,-1.36129350086196,-0.413960897635567,-1.45126183412549
har-1,0.147638624030764,-0.137405983582908,-1.19418006846458,-0.111016201455416,-0.0328844534001738,-0.0646475285330551,0.652157433962887,0.746493517724242,-1.23317115927375,1.25035640006531,-1.70884081780497,-0.183995838215362,1.86949607494701
pycr-1,-0.361045911436334,0.860724828934617,-1.04063504348087,-0.927407337177683,-0.043087334379313,-0.875257950320282,-0.847814689332778,0.993540775925035,1.2562636173171,-0.683455919403267,-0.931678316261838,1.75763486801858,0.842218411597022
ugt-4,-0.48386845134543,0.605250174689688,-0.624974647031121,-0.40693935102185,-0.367910367075292,-0.561045046279348,-0.559282138129228,1.34996786401165,-0.327764685637629,-0.308879157016508,-0.617895684538667,-0.432735953235294,2.73607744260902
atf-2,-0.663123809879268,0.822141801786399,2.49644361738259,-0.730237054086265,-0.650264439965883,-0.690066842829687,-0.661932832030674,0.231102391075816,1.41376795265378,-0.238112662342837,-0.208518109912429,-0.5807407915279,-0.540459220323639
drap-1,-0.133111461544834,0.0271816764476085,1.18346119657608,-0.919697620711338,-0.202279402346254,-0.752198826464274,-0.220852258620761,-0.835665764075674,2.57013224561004,-0.608511377245162,0.903581208710762,-0.309998880739129,-0.702040735597059
pes-8,-0.166018299801588,-0.278549554400936,-0.29175678928445,-0.29175678928445,-0.29175678928445,-0.29175678928445,-0.29175678928445,-0.280079805298056,-0.29175678928445,-0.29175678928445,3.32623694565099,-0.29175678928445,-0.26753497187481
C25F9.12,0.628822554285081,-0.237888951995716,-0.411618362311948,-0.244026733567264,-0.397070365097471,-0.405348129107133,3.18882696584893,-0.386343132699523,-0.411618362311948,-0.411618362311948,-0.0992139996331754,-0.411618362311948,-0.401284758785938
pfd-1,-0.373389263405092,1.25881572657063,0.143209016798762,-0.777771435139751,-0.532928351363933,-0.735619295308901,-0.686357861739889,1.99923675337665,0.173332267269542,-0.908623667481205,-0.28798396009405,-0.891690232585673,1.61977030310291
fkb-6,-0.417673280012778,1.30730720400421,1.16301908378914,-0.857301057193748,-0.570192061502769,-0.923384628530761,-0.652179495919369,1.55109646277924,0.852987268528686,-1.10958272900337,-0.545144673036087,-0.833223326749082,1.03427123284669
K12H4.7,0.363239274553416,-0.660838275549566,-0.674382788256746,2.43086543585642,0.146386876758941,-0.325684122911041,-0.645913545846496,-0.674382788256746,-0.164559365925708,1.75777711760068,-0.674382788256746,-0.203742241509666,-0.674382788256746
H01G02.1,-0.279783926571755,-0.401352456125168,1.14442210638789,-0.39718848707305,-0.394489689627328,-0.401352456125168,-0.278988923586331,-0.401352456125168,-0.401352456125168,-0.401352456125168,3.01549611334675,-0.401352456125168,-0.401352456125168
Y54G2A.11,-0.375666713212926,-0.453716935903983,2.71895807144695,-0.428759174101694,-0.449789702633939,-0.405872204208853,-0.275825576165973,-0.526431224317111,-0.526431224317111,-0.0107013500924358,1.63445012874915,-0.415966536402939,-0.484247558839135
elt-2,-0.399737274361065,0.96006969344208,-1.06301376778816,-0.749414063767728,-0.0510990365225192,-0.765297646508068,-0.523881994193556,1.40545781983921,1.08398201053573,-1.12902477089631,-0.941424877429191,0.498896316741427,1.67448759090815
rml-1,-0.097026841375983,-0.278800235049753,-1.59566312624501,-0.685405274800364,1.16338162204202,1.0858598729285,-0.179713331548024,-0.664186306714238,0.441887522681654,1.73190270005457,-1.57558052329789,0.339153021973417,0.31419089935109
dep-1,-0.0633193413434347,0.0230857771623495,3.24016694729329,-0.25206927209917,-0.131611105931686,-0.440500160881664,-0.54141413048279,-0.310023005072964,-0.110665787593749,-0.580627794851898,0.113750511234392,-0.578570916766256,-0.368201720666419
gei-4,-0.881906435391771,0.156389024249735,2.5366887095483,-0.763441705913517,-0.784311405909673,-0.544576583796452,-0.86270429610306,0.172259657000728,0.0533806114507243,0.943339295932673,0.942170323541635,-0.834545892756673,-0.13274130185265
atg-2,-0.522285259649331,1.14483046799137,1.97373052630255,-1.0719795542845,-0.247971967023536,-0.969491187736307,-1.1100649744319,1.03896220921538,0.621475026250706,-0.894925143269069,0.287766802230843,-0.740468548498376,0.49042160290218
cbp-1,-0.677891165648776,0.830185974801567,1.17397468319984,-1.29854672687299,-0.648716920753228,-0.891885843143249,-1.17365590949911,0.2629783988018,1.71811595863464,-0.553853074298086,1.29095011220179,-0.330602203557272,0.298946716133086
paic-1,0.0728331797589199,-0.999536257069937,-1.1834358299387,0.218111330611275,-0.404189842532977,0.469538719750598,0.869972587276113,-0.722626238793216,-1.20301053714007,1.32823582226308,1.93703158866866,0.459614131262335,-0.842538654116076
Y43F8C.13,-0.605204727179471,0.163468654057964,-0.616462744017294,-0.538829046773328,-0.599515107345796,-0.152579211890869,-0.40678223472471,1.01102288750543,-0.152549581641959,0.125566214040585,-0.551571741610493,-0.616462744017294,2.93989938359724
arf-1,0.0211235177391041,-0.0248920472118915,1.26067201443434,-0.588062108574093,0.183898751863357,-0.18567810940621,-0.329579496251659,0.500579906624941,-0.194518042321454,-2.1162234207867,1.70504596370055,-1.16162773508617,0.929260805275883
grl-12,-0.279285569322958,-0.279285569322958,3.3281321968912,-0.279285569322958,-0.279285569322958,-0.279285569322958,-0.279285569322958,-0.279285569322958,-0.279285569322958,-0.279285569322958,-0.255990934338667,-0.279285569322958,-0.279285569322958
gpx-2,-0.400841820597172,-0.574512159137638,-0.23569075272192,-0.113469797683128,-0.430226593893796,0.36297986232629,0.901049763233044,-0.526286653949571,-0.499392932511698,2.96594335851054,-0.811543853368649,-0.0672361000693806,-0.570772320136917
T28F3.8,2.48751301064263,-0.463012275602992,-0.579753089309143,-0.385218493379776,-0.573953223592506,-0.554036501830321,1.30393942813946,-0.569679007737041,-0.579753089309143,-0.579753089309143,-0.121951651381325,1.19541107197845,-0.579753089309143
clec-78,-0.390775356661027,-0.410584556340585,2.3116138574003,-0.435966880645112,-0.284584196413437,-0.435966880645112,-0.425084259549005,-0.435966880645112,-0.435966880645112,-0.435966880645112,2.18931859173467,-0.435966880645112,-0.374102796300252
T27E9.2,1.16495623121161,-0.808336276999021,-1.34354846441801,1.50105492240786,0.450001286563774,1.04628460251285,1.14835940584597,0.0977415835419591,-0.66413096105916,-0.181737834030323,-1.49593818759739,-0.753505367399085,-0.161200940581048
tbc-12,-0.335426520077812,0.146118503062401,3.2862626842579,-0.378802380345606,-0.304853413014077,-0.353033131103793,-0.38039220319692,-0.166465268274093,-0.386850976963423,-0.386850976963423,-0.28114961095834,-0.386850976963423,-0.0717057294593933
F53A9.6,-0.354332030544976,-0.590229799532862,-0.594185194831563,-0.323168894449116,-0.491588307820377,-0.27221375025849,0.986633571928562,-0.594185194831563,-0.594185194831563,-0.594185194831563,2.42597168172094,1.5793131859451,-0.583644877662531
msa-1,-0.324061116837585,-0.324061116837585,3.28186979617017,-0.319228903098173,-0.324061116837585,-0.324061116837585,-0.324061116837585,-0.324061116837585,-0.324061116837585,-0.324061116837585,0.277970275303856,-0.324061116837585,-0.324061116837585
F01F1.15,-0.252006315243786,0.349273788539843,1.13275758441932,-0.732408874999434,-0.37310016998222,-0.856957912466295,-0.834387867846572,0.164276636130248,-1.31396358520989,-0.461721158872915,2.48361730737354,0.503638586960457,0.190981981197714
W02B12.1,2.11676724484381,-0.788467049419986,-0.764438561969,1.49266176046599,-0.0857976073979884,-0.637763958006513,0.0158121686350512,-0.83961693238684,-0.322398659979485,0.307863324388611,-0.751522653237393,1.16993832090879,-0.913037396845055
F43G6.8,-0.455946564668414,-0.578588567414783,1.68166767841975,-0.6342213793353,-0.316789670256546,-0.507209641786395,-0.346463320130948,-0.654788964575471,-0.767757654902806,-0.305323613875337,2.05617118916433,1.43107983711648,-0.601829327754558
tres-1,-0.594379872201792,0.465588319957025,2.59017297928406,-0.728158366513985,-0.593445942092572,-0.696152992914012,-0.742962185877729,0.5496458288065,-0.0702103915828091,-0.885043669103822,-0.0477443464434044,-0.468058634729613,1.22074927341215
sre-13,-0.332846636509487,0.00079221149183629,1.04252506403239,-0.778933325572277,-0.272947459600489,-0.971316845705473,0.0997725214191479,0.0204352667794025,2.401504866192,-1.42639209817346,-0.809514032806577,0.815844206916868,0.211076261536118
rsp-3,-0.388802963630696,1.23726640138179,1.08320217267657,-1.12152553551103,-0.707500238472236,-0.863883306866015,-0.955068179220314,1.36392054570293,0.68151670745596,-0.916854089168881,-0.638738943398248,-0.224139302140146,1.45060673119032
acp-6,-0.482477676296187,0.843365942231089,-0.278670689546044,-0.574044563811725,-0.514626543425432,-0.548760876204167,-0.568089590359352,1.04370202657488,-0.581190629787749,-0.581190629787749,-0.543546094805003,0.0107097217329928,2.77481960348444
C53C11.2,-0.488092606943039,-0.16351425660701,-0.363623454539884,0.0743444717069934,-0.452484000633414,-0.185931960078949,-0.471751180952826,-0.277684980396622,-0.299907356795336,3.26344314301941,-0.124679519471238,-0.548868692908383,0.0387503946002938
dnj-27,-0.417972609887635,-0.403294465807757,2.45995870713629,-0.428271331261628,-0.357257775007574,-0.428078403404936,-0.432571977767818,-0.405930019429458,-0.314841648190875,-0.432571977767818,2.02597545692485,-0.432571977767818,-0.432571977767818
mul-1,0.119528424755145,-0.924925010537376,-0.934567682655791,0.341850487317936,1.85042564610954,2.0803081357813,-0.0383614370873283,-0.924145657922073,-0.539133132381426,0.40814125080589,-0.445572761251197,-0.058980580278829,-0.934567682655791
F13A2.5,-0.277350098112615,-0.277350098112615,3.32820117735137,-0.277350098112615,-0.277350098112615,-0.277350098112615,-0.277350098112615,-0.277350098112615,-0.277350098112615,-0.277350098112615,-0.277350098112615,-0.277350098112615,-0.277350098112615
ces-2,-0.636459178926277,1.98392195645624,0.261736667770485,-0.679779276685753,-0.667514807849229,-0.675276856697323,-0.679779276685753,1.24933228689644,1.71388455109338,-0.679779276685753,-0.664603736569895,-0.597872848631332,0.0721897965147695
ubql-1,-0.196514629809229,-0.361858577518265,1.11273651262992,-0.883560796383683,-0.27082611951117,-0.813978785587394,-0.256024104091399,-0.0537497423678362,1.20339791250474,-1.06232091438224,-0.172144091238214,2.43645487791507,-0.681611542160307
exc-5,-0.277793090471973,-0.535302706353301,0.270693279857082,-0.509765561390495,0.0467283417985478,-0.296116730646349,-0.0811410472548533,-0.617563608904098,-0.0839344696823646,-0.617563608904098,3.17355215205024,0.120580406053708,-0.592373356152043
ostb-1,1.03591961259315,-0.314348324019476,-1.71163421794093,1.64584886271104,0.584012750244025,0.608100600549589,-0.335250420895226,-0.637716530331226,0.660735395474341,-1.79035607962595,-0.262322776712387,0.498509121065836,0.0185020068872242
kin-1,-0.235527989963074,-0.534245604415698,1.17961491257698,-0.443089709942494,-0.42648783577228,-0.271094612426146,-0.150064459882963,-1.05197612437281,1.64075058787774,-1.25270701312855,1.48430409136933,1.08392300698686,-1.02339924890688
bcl-11,-0.543897732296529,-0.514118055400403,1.48967122445215,-0.332865433918191,-0.540309672166125,0.110900065483126,-0.15606657885321,-0.515801910218633,-0.547247588748647,-0.382610931979366,2.77501418532441,-0.338637720991047,-0.504029850687537
C02D5.4,-0.380482288171963,-0.311464789349251,-1.21524723102975,-0.86593838231599,-0.270051515690394,-0.659556300538057,-0.186409124672848,-0.0102904081680104,1.07624566068598,2.77899791550637,-0.124993342636437,-0.112485210460038,0.281675016840386
C46F11.6,-0.823603463776526,0.868553516373881,1.39512564845907,-0.841275134195333,-0.802533886624306,-0.843361796026808,-0.812512459662461,0.87120779563227,1.78485132946612,-0.857787674473683,0.28782739188509,-0.857787674473683,0.631296407416368
clec-37,-0.735023112613754,-0.767255745188012,-0.767255745188012,1.15625758330581,1.70972071846804,0.349334142749895,-0.767255745188012,-0.767255745188012,-0.31838861039699,1.71921958866981,-0.755950126492687,0.711108542249937,-0.767255745188012
fip-2,-0.317173569547144,-0.312629630750357,3.2878896616812,-0.322612792131874,-0.322612792131874,-0.317728596557769,-0.322612792131874,-0.322612792131874,-0.322612792131874,0.24054447222906,-0.322612792131874,-0.322612792131874,-0.322612792131874
ZK686.3,1.25347029278462,-0.159603013366219,-1.36519733946875,1.46539157570648,1.59031308831643,0.520254883543183,-0.349735956609259,-0.0710199512886319,-0.55744245566578,-0.967916560551024,0.0305553785522236,-1.48566930827156,0.0965993663182896
F23A7.4,-0.303533786275094,2.28449867632992,-0.375933274717123,-0.551521958795415,-0.466648135363547,-0.752177846018324,-0.629147694975752,1.835965562695,0.72544117134336,-0.0749017784480263,-0.828956274004534,-0.657153873354906,-0.205930788415555
H01M10.2,-0.162823859774902,-0.288136209151546,-0.288136209151546,-0.282031408568527,-0.288136209151546,-0.288136209151546,-0.288136209151546,-0.288136209151546,-0.288136209151546,-0.288136209151546,3.32621735985889,-0.288136209151546,-0.288136209151546
pnc-1,-0.348837794564386,-0.279845134309275,3.29175853718361,-0.350878656020588,-0.350878656020588,-0.350878656020588,-0.323812629471066,-0.270645727542207,0.197368508539145,-0.350878656020588,-0.235498692634562,-0.350878656020588,-0.276093787098315
swt-7,-0.123732817589419,0.127762360232378,-0.865351396477401,1.54741769138696,-0.0975772788449902,2.27215666860434,0.407393684425155,0.0538155231412114,-0.407004183436177,-1.29514934425111,-1.25060582919223,-0.250682167794648,-0.118442910204061
spin-2,-0.417132454815379,-0.417132454815379,1.77229922530968,-0.417132454815379,-0.340178828579025,-0.417132454815379,-0.33583254516249,-0.417132454815379,-0.417132454815379,-0.417132454815379,2.65790424177024,-0.417132454815379,-0.417132454815379
slc-17.6,-0.228433854974115,-0.595727048402747,-0.684701150302105,2.4595286785402,0.00686832069771719,1.77266946872916,-0.260167725410729,-0.64318914636086,-0.337502984091959,0.391276218510345,-0.605497851198917,-0.684701150302105,-0.590421775433883
C49G7.10,0.685743655132421,-0.886719282435782,0.00162818657718407,-0.70847988820722,1.29213685829095,-0.196999626197339,1.81365497237575,-0.95644963914845,-0.97413427617235,-0.97413427617235,0.913936982541549,0.888150443101176,-0.898334109685547
hecd-1,-0.906173446208124,0.406157346792182,1.21204929167389,-1.03928253302131,-0.690216160960335,-0.745805370447967,-0.589661240621086,-0.0791225856019253,1.29924305415192,-1.24208876151618,0.945496055098211,1.69749189601421,-0.26808754535348
Y110A2AL.4,-0.391271629506754,-0.613376872716259,2.87406212714834,-0.410584904345678,0.137658756095365,-0.699593163809536,-0.786146825757932,-0.703174906307157,0.641159367793758,-0.388138951593578,0.337651527219852,0.611309005827246,-0.609553530047674
T24H7.2,-0.641306592856089,0.349356905546686,-0.228769119340069,-0.788885731870783,-0.677732983657267,-0.638413763326072,-1.16151499790949,0.264964910749961,2.3267380934804,-0.323062559790242,1.6627734277936,-0.398032123730012,0.253884534909382
cki-2,-0.509767696669872,-0.567078478045283,0.105004921797813,-0.603180883785028,-0.627176039543078,-0.534333744667277,-0.639462973756314,0.740002968203367,0.570066229708126,0.317338484221743,-0.513887148823775,-0.623637703824716,2.88611206518429
W01A11.1,0.00956626658047078,0.170797463010561,0.819589429465297,-0.807739408266693,0.556150213690919,-0.788010035485256,-0.766474117536519,0.608145941435881,0.620274167451204,-1.16886868131906,-0.952545681401789,-0.676409314681768,2.37552375705675
scpl-3,-0.421105933322473,0.0444843238326175,3.22843470728259,-0.437466322511593,-0.263974425505839,-0.433708584342733,-0.388907051280221,0.075286888860352,-0.50067408303538,-0.515510916377496,0.0904775969617039,-0.515510916377496,0.0381747158159668
ttyh-1,-0.0990289844881896,1.66119573380669,0.835719493250204,-0.916063760303657,-0.573388105178671,-0.966434265418814,-0.949733502902488,1.01289951324516,-0.0890537652489423,-1.7467367253822,0.608095104380158,0.207404796885212,1.01512446735555
pqn-87,-0.414680983937223,0.26263164979156,1.45522661704294,-0.920171188729612,-0.525589850435263,-0.660045266138002,-0.795155124146197,0.0910846504820458,0.416019979008932,-1.65773508684872,1.78979963338298,1.13435708098432,-0.17574211045776
rfip-1,-0.0423822755809234,-1.06843271706397,1.54238041320841,-0.633666833397423,-0.00776000976606433,-0.108482085333738,-0.337735829762276,-1.06554014896021,0.059986261736097,-0.559491604771267,1.77099651834757,1.50188614266603,-1.05175783132224
ceeh-1,-0.559383047902401,0.740683153299985,-0.287221571012901,-0.686707838371258,-0.567169638285829,-0.719320080524452,-0.684576119645208,1.31754382324293,2.15845988882325,-0.765120993877275,-0.719375823583916,-0.474355779292507,1.24654402712958
R09F10.1,0.401285175724456,0.102854586602534,-1.92537157410483,1.66603795082743,0.375271627288847,0.987036815883778,-0.784422462453903,-0.00987388460008453,-0.889741060842013,0.50502269469167,-1.42175440107758,0.333396688403855,0.660257843655839
mct-3,-0.411795472668849,-0.869164112752508,-0.107072586537072,2.54157988148614,0.920682946962625,1.11566922126785,-0.292944217339553,-0.859254391862544,-0.589974598256055,0.271493588231029,-0.152006961397547,-0.698717291747192,-0.868496005386322
vps-32.1,-0.308913285180903,-0.725950398072882,1.32043755637616,-0.753996297013339,-0.0583007886390829,-0.40687447535244,0.795817890492576,-0.677190218130258,-0.0933619280437455,-1.67330710613958,1.80673044451672,1.23346098849025,-0.458552383303475
egl-4,-0.503030896487206,-0.392863561672816,2.30640570907391,-0.683910520385804,-0.720012423460227,-0.376123401148642,-0.520962030304392,-0.40025292257396,1.92252370795583,-0.977452871113634,0.0634029672480963,0.237354816110843,0.0449214267580048
ram-2,-0.303130820143398,-0.302538029898192,3.31637663640614,-0.279663520915646,-0.311249087924222,-0.311249087924222,-0.311249087924222,-0.311249087924222,-0.311249087924222,-0.311249087924222,-0.248741097047502,-0.00355955293184423,-0.311249087924222
nrf-6,-0.672943902797534,1.61869016382442,-0.704935522653799,-0.642653430674417,-0.717624024840427,-0.565052172525501,-0.681221252285275,1.22271094629813,1.52626870947587,0.00185189618613424,-0.864360940373547,-0.768390384068249,1.2476599144342
tba-2,-0.93012282572374,1.72533400019211,-0.234725321911928,-1.1305815056055,-0.760189634836025,-0.788156960040756,-0.589279540022134,1.3535580353287,0.602843651406395,-0.777970181367563,-0.000114696279070417,-0.0440423140920622,1.57344729295157
mlp-1,-0.363338830821421,-0.294349532725006,0.377117587258654,-0.376784812302786,-0.329091964785726,-0.126106878370279,-0.355886465090368,-0.3915447920185,-0.3915447920185,-0.3915447920185,3.25348547999806,-0.3915447920185,-0.21886541508713
aqp-11,-0.422016424134142,1.12601488628474,-1.02485909277853,0.128326748448814,-0.307025210370657,1.04398621164993,-0.240908279214914,0.657078018685101,2.01116057984641,-1.15230476483511,-1.0913209907964,-1.06570184388097,0.337570161095734
unc-39,-0.286664094135048,-0.185826388468326,3.32691785777618,-0.286664094135048,-0.286664094135048,-0.286664094135048,-0.286664094135048,-0.286664094135048,-0.286664094135048,-0.286664094135048,-0.286664094135048,-0.286664094135048,-0.274450527957375
trpa-1,-0.156558146131622,-0.315608728516275,0.0439080568202749,-0.404147310313951,-0.181193711395083,-0.388693520573366,-0.210475706842629,-0.462971628502085,-0.269767937411606,-0.553825196433976,3.26314362583468,0.113289063738909,-0.477098860273269
rpc-2,-0.497423388469857,0.274158410072314,-0.888250473264618,-0.363339743649047,-0.632265438720455,-0.450457311946007,-0.565603257240383,0.971420552918436,2.70275822008097,-0.406174599307408,-0.740571311820871,-0.291355175066405,0.88710351641333
mig-10,-0.247396393173643,0.0421441054588315,2.05142353486493,-0.542977773953747,-1.17475788573961,-0.186401017287583,1.11258572624712,-0.72974374261362,-1.13913227845322,-0.511455195642011,1.39485017793645,-0.643451906771509,0.574312649127605
F53E10.1,-0.461874715421316,0.809441031033099,-0.962690935608401,-0.500085099552116,-0.638761303804142,-0.542082682962759,-0.295557175651961,1.08295297554401,1.34185506416037,-0.055428694303995,-0.888810928797258,-0.990727015510331,2.10176948087481
Y18H1A.9,-0.283742455194119,-0.283742455194119,-0.241723896476133,-0.283742455194119,-0.264127374902828,-0.274905349438635,-0.277258487976522,-0.283742455194119,-0.283742455194119,-0.283742455194119,3.32795475034707,-0.283742455194119,-0.283742455194119
smc-3,-0.516652730674138,0.703634560220061,0.138989783639764,-0.565337673344885,-0.509718784873893,-0.564219095011052,-0.570694199325558,0.32603918310149,2.92127919880638,-0.626243003802183,-0.586698022913367,-0.626243003802183,0.475863787979568
dpyd-1,-0.461794474113044,-0.037532786830319,-0.872262755456622,0.1341103784975,-0.61385393241037,0.214412810962679,-0.679303388258444,0.605608235843204,1.3526015618717,0.316812606323236,-1.10554575280899,-1.15084459333047,2.29759208970995
ZC449.5,-0.530757493382695,-0.521208326951281,1.89232928885448,-0.258969560551704,-0.222959667224936,-0.365891405120247,-0.534950723425422,-0.541581487975309,-0.550890062424088,0.116852027929737,2.49643835344681,-0.550890062424088,-0.427520880751255
C07A12.18,-0.194618897077236,-0.285086640736267,-0.285086640736267,-0.285086640736267,-0.285086640736267,-0.285086640736267,-0.281680965983082,-0.285086640736267,-0.285086640736267,-0.285086640736267,3.32716627042298,-0.285086640736267,-0.285086640736267
his-61,-0.44142779382411,0.399628797671216,-0.232888713137126,-0.476943307421171,-0.34763212985767,-0.419954822297162,-0.521956687215049,0.984498009972206,-0.394540850763819,-0.556197307414518,-0.415900351064,-0.556197307414518,2.97951246276572
sup-1,-0.411634938809824,-0.391513042651902,2.44424155282154,-0.41360116461564,-0.402160791763358,-0.418106631716157,-0.390161549162881,-0.418106631716157,-0.418106631716157,-0.418106631716157,2.04705698568034,-0.418106631716157,-0.391693892917491
hex-5,1.30844165625405,-1.03892107714583,-1.04785141928209,1.08673999423171,1.4367595606315,1.2953088966236,0.224921598393611,-1.04110328650923,-0.720698473992857,0.125479874323246,-0.644860183794543,0.0636342795489216,-1.04785141928209
dnj-12,-0.0571171129984465,1.40874968584648,0.777442827578835,-1.33709467282439,-0.543011068299904,-1.42964850821185,-1.15357962613026,1.77062473227921,0.526245398929479,-0.579801871951948,0.358661122452606,-0.0124178316487703,0.270946924978964
dnj-13,-0.524765890970364,0.62091838361043,2.19145602645394,-0.95963154601666,-0.459347160321666,-0.932851696737634,-0.755639126011044,0.892191759073673,0.590790156721532,-1.0641661260874,0.594085093571242,-0.907213567777466,0.714173694491412
R09E10.5,-0.378584687470495,-0.367169830757024,3.07255648813157,-0.378584687470495,-0.326405567482715,-0.378584687470495,-0.378584687470495,-0.36810876015676,-0.378584687470495,-0.378584687470495,1.0178051700289,-0.378584687470495,-0.378584687470495
lpin-1,-0.873875113527268,0.660029998691433,0.500185999758262,-1.01320037074241,-0.539241459346953,-0.936114566411346,-0.576487405070704,1.28963063456626,1.08168071337701,-1.33674072492226,0.61972671112857,-0.53055766776994,1.65496325026935
F58D5.5,-0.459929245515079,0.23659609666649,2.41066391650807,-0.714199858751357,-0.506887809255424,-0.463487443477085,-0.249214888828901,-0.00667288645401326,1.48056732919538,-1.23246303292237,0.577869110993649,-0.894697982098758,-0.178143306060604
tra-1,-0.320618477054691,-0.300285041603771,3.29720976854501,-0.320408782725852,-0.324331435534385,-0.296340111691004,-0.324331435534385,-0.312628106174459,-0.324331435534385,0.175790258590834,-0.312233677090435,-0.324331435534385,-0.313160088658095
cab-1,-0.73528366931111,0.524198214041085,2.78542220678777,-0.0722639735762926,-0.82639993898959,-0.553769486472267,0.120860978587215,0.980336519426879,-0.0646866894244676,-0.4996884792202,-0.947347274951839,-0.195781084505778,-0.515597322391405
ilys-5,-0.525888925939043,-0.525888925939043,-0.525888925939043,0.196247817067215,-0.489515541887585,0.338325968246364,-0.192920421995487,-0.525888925939043,0.692018625507612,3.04092870536218,-0.429751596666044,-0.525888925939043,-0.525888925939043
C07D8.6,-0.299735311219818,-0.703981532743944,-0.966620370865091,0.592854879383974,0.00529824543809062,1.01692375130138,0.117009543886972,-0.710147012666345,-0.614794762297117,2.6138507936351,-0.737945274185732,0.465305974484549,-0.778018924152016
fkb-1,1.01156082398644,-0.250747414899126,-1.7304370794644,0.0450969166952981,0.647146779269618,0.740468645408943,-0.299928510352861,-0.544791811931215,-1.82890089321426,0.100568176828301,1.76638352024244,0.293135266330972,0.0504455810998384
nst-1,0.15686171340323,0.714490133194305,0.526342002501863,-0.684240599506078,0.014711628299154,-1.09153043413157,-0.57335657320416,1.14774477536871,1.21491973348461,-1.83699362200041,-1.13395482966708,0.247138763790523,1.2978673084669
let-721,-0.186686867473988,0.505768319651503,-1.1772571667587,-0.407830300567268,-0.276938252308784,-0.380852658830692,-0.485044266265947,0.658457281553029,2.22729915733774,1.01505714547023,-0.769769714056816,-1.46154957550527,0.739346897754968
ZK484.3,-0.766320765126781,0.0455088373963742,2.34396433316553,-0.843882901920137,-0.570048552567214,-0.742812641694606,-0.6002410936262,0.40930163612719,1.13728065541666,-0.685260591259159,0.378933761513794,-1.02470196005753,0.918279282632075
C25F9.5,0.749898426047084,-0.98976696440328,-0.995026127850549,-0.100593288101068,0.946130407242485,0.696157066709796,2.18975761083234,-0.995026127850549,-0.995026127850549,0.209069341479765,-0.199386295916532,0.4788382075116,-0.995026127850549
C25F9.16,-0.197538265220799,-0.39886872449042,-0.39886872449042,-0.186659728999495,-0.328843021170995,-0.304747170064013,3.26810882442694,-0.39886872449042,-0.39886872449042,-0.39886872449042,-0.128311929903116,0.271203637873992,-0.39886872449042
Y42G9A.1,-0.215964560020785,-0.681475626318583,-1.24694577028269,0.082894091160242,-0.298892813801907,1.44666947240279,1.57746133767079,-0.65794669789266,-0.155043507922042,-0.346138766900626,-0.970264093646096,1.88703620227709,-0.421389266725534
kin-3,-0.30097422469259,0.693891681712867,1.84543332870829,-0.841901408673953,-0.3047644839531,-0.863885279412326,-0.415703349634096,1.29874523947789,0.437434300305697,-1.84951090700979,-0.237720536304696,-0.363369734015493,0.902325373491316
K10D11.3,-0.540155053975069,-0.537024001909958,-0.540155053975069,-0.488208571537463,0.868686404835451,1.90439598079696,-0.514108848605542,-0.529062755550989,-0.540155053975069,2.24236823081406,-0.246271168967172,-0.540155053975069,-0.540155053975069
faah-2,0.350218091182768,-0.955634279633019,-0.988163488415877,0.477375859872574,1.76656817048363,1.29217540653059,-0.0567199910873007,-0.890686735733224,-0.869390914005699,1.52169054215141,-0.37343913053336,-0.362801570294654,-0.91119196051784
C50F4.6,-0.622294793372607,1.88234287838573,1.30478244330536,-0.974309383827975,-0.639519706408452,-0.972599701934525,-0.698448182261692,1.45394636138837,0.576579623427663,-0.442442299986608,-0.678508792781215,-0.571492137826103,0.381963691892057
rbm-28,-0.386960124109309,0.571224190908204,-0.28240885185776,-0.26580117114263,-0.428613966577371,-0.628933720870277,-0.484768925816208,1.04572883415701,2.6617152069314,-1.15307180514104,-0.74045290404868,-0.453281046525162,0.545624284091813
asb-2,0.236062593874813,-0.658143738251509,-1.62408719596709,0.828314299107664,-0.282941519565619,0.666249576798827,0.387347307333658,-0.708515300784586,-0.21103097208518,1.61505885805668,-1.28770099765441,1.55894697787541,-0.519559888738672
cyp-37A1,0.205597717175774,-0.878170593557969,-0.888521771193135,2.23095495311481,0.116500001275755,1.76820340437289,0.419422720044922,-0.888521771193135,-0.236833880192091,-0.147859406121521,-0.648111189319725,-0.164138413213435,-0.888521771193135
mans-2,1.09566768767463,-1.12893422409838,-1.23492027603626,1.10826438952117,1.2237688324687,0.923903825457944,0.190380191527313,-1.18766770625684,-0.766535076400705,0.0288525452409621,0.240464008308978,0.803582121345924,-1.29682631875344
tat-2,0.336737118267964,-1.10806088369614,-0.98947261665847,0.180985193605944,0.219309752323691,0.774020439121264,1.10883035042781,-1.15988930171854,-0.401028771234858,-0.720207703022181,1.14990156971014,1.760078869541,-1.15120401666762
clec-10,-0.299401668545423,-0.726525445962923,-0.731639724843845,0.794995533358576,0.612025495484469,1.56171088086364,-0.540705485759666,-0.731639724843845,-0.731639724843845,2.23127929247905,-0.724241308569406,0.0174216060270591,-0.731639724843845
cest-4,0.167065673510749,-0.440177954976379,-1.11012356809996,1.57878199692117,0.00678364851904601,1.56680331910894,0.783604683421965,-0.829117502752276,-0.779438561602592,1.34292496948864,-0.809883630662407,-0.474947675812113,-1.00227539706478
pgp-5,-0.271687394248551,-0.569655204671492,-0.586585165763677,1.15498652931632,-0.586585165763677,1.86935962867198,2.10851699998424,-0.497309985476509,-0.586585165763677,-0.586585165763677,-0.520609618492457,-0.426551740711595,-0.500708551317222
Y97E10AR.1,0.393587817085214,-1.15142311436472,1.92334609096997,-0.326364488737222,0.446432231935747,-0.0990342791983968,0.347197305119642,-1.17210490081736,0.522027376994544,-1.24268794174943,0.347388690113157,1.2452774865574,-1.23364227390853
nhr-31,0.166333575931924,-1.26529136245915,-0.107121389140594,0.425430701493882,0.96963632612877,0.38190253755665,1.02056352111981,-1.27404079528593,-0.59081335151426,2.13016354804372,-0.491082992310735,-0.254022247793685,-1.11165807177039
rpia-1,0.275720662868161,-0.836752827997888,-1.01140614042459,0.867193703684297,0.448831066420236,1.15165626682468,0.651929898765775,-0.537798325549954,-1.24570200520029,1.97528102864254,-1.10417831598684,0.0904521475219768,-0.725227159568093
C08B6.11,0.471751976084397,-0.895490793519266,-0.91237503862045,1.60745325692288,0.306410506102599,1.94241002477648,0.911253138767105,-0.91237503862045,-0.91237503862045,0.0595518246825288,-0.573156331757196,-0.18068344757772,-0.91237503862045
Y34F4.5,0.275459507018927,1.37337283126084,-1.51093501160598,-1.08300616166964,0.303283507182387,-0.510481251867423,-0.430052425211879,1.11897439016392,1.65249917389726,-0.738043635738827,-1.02186598905458,0.67906355324281,-0.108268487617815
fln-1,-0.561107401864361,-0.472527465878394,1.1997071460679,-0.64434370700267,0.104020599110533,-0.527363461876167,-0.536141826916949,-0.673620032996452,-0.457301095321997,-0.383786592738014,2.67553814580553,0.854001449886543,-0.577075756275508
acs-5,1.05973382989794,0.129200622966813,-1.92549091477628,1.69477171531732,0.969247224466115,0.0509791651505999,-0.238068231374189,0.110072318730528,0.567049844501619,-0.40439552290177,-1.49410351126648,-0.716427286291515,0.197430745579291
snr-3,-0.589894833513368,1.16066637189384,0.972959345994726,-0.72221539219835,-0.52933104860919,-0.6733718968991,-0.644979619941134,1.71482620743322,-0.224253484917316,-0.798303337412748,-0.746374714456239,-0.667803512441356,1.74807591506701
Y69H2.9,0.898206349376289,0.596984980105718,-1.34961337783043,-0.310820622360369,0.57885651735199,-0.297927245013735,-0.605799455741519,-0.0526485978317103,2.19320837949574,0.778963017907815,-1.151748388203,-1.17056752543065,-0.10709403182614
ribo-1,1.02626007748906,0.0966793709682366,-1.68002432256414,1.66465400865234,0.833283816937805,0.0773379913958777,-1.15099722914259,0.254148419110003,0.596727256290487,-0.096081860612309,-1.69806135825577,0.0736627637201022,0.0024110660108961
exc-14,-0.511660684871941,-0.693692854425337,-0.693692854425337,-0.268766397789705,-0.614304803931096,0.70804929260069,1.61058975298932,-0.693692854425337,-0.693692854425337,1.79643028232674,1.44181968522801,-0.693692854425337,-0.693692854425337
hif-1,-0.513449574557386,-0.582911952537239,0.868916937864975,-0.52365074310209,-0.12881045067009,-0.449455037008726,-0.233589251840103,-0.359373904003353,2.99103737006602,0.379268650176943,-0.370516269520397,-0.819039084514837,-0.258426690353714
F53F4.11,-0.167852382804092,1.13704431814671,0.574771701682527,-0.4700779787401,-0.274181742912657,-1.01589747070132,-0.735784780333185,1.72969506399504,0.190385377806769,-1.46441976914019,-0.938615361230874,-0.117963132982706,1.55289615721408
C16A3.6,-0.0620675990857622,0.663389788215134,1.52985052315133,-0.753793535085464,-0.373086105414539,-0.970109102577488,-0.336807034682914,1.64640407519519,-0.574815178861541,-1.20198255301806,-0.909532403178195,-0.115929730351004,1.45847885569331
cla-1,-0.351720738028529,-0.351720738028529,3.29176626423653,-0.351720738028529,-0.351720738028529,-0.351720738028529,-0.265368188535535,-0.351720738028529,0.0770033820375904,-0.351720738028529,0.0229929319304334,-0.351720738028529,-0.312628485440783
tppp-1,-0.45440928871915,-0.468502748675137,2.3734410183278,-0.492303352720025,-0.320269665630635,-0.361209147958865,0.0172989232128926,-0.554659748060833,-0.603966242599154,-0.083310262726816,2.04415950447972,-0.603966242599154,-0.492302746330643
cisd-3.2,-0.288533192211067,-0.303135177050826,-0.499347207817713,-0.299629338464474,-0.537416405103056,-0.388672375311724,-0.527921381808792,0.035299731499412,-0.0987065944395667,2.76834644648942,-1.08955686095489,1.37283409645635,-0.14356174128307
ldb-1,-0.488668813619472,0.253120156863108,2.67599764387301,-0.534601108939671,-0.331163347021452,-0.487790851863293,-0.382181527248293,-0.0764158725940163,-0.504909652799937,-0.800122874982293,1.5208763986781,-0.727339111300343,-0.116801039045443
cdgs-1,-0.118224851648379,-0.158624529244327,1.26005944018484,0.0381509697195048,-0.300423107199044,-0.714772325493434,-0.308960961843688,-0.361142291452092,-0.48227122205205,-0.751533783319662,2.8672641486599,-0.652157710191654,-0.317363776119911
unc-76,-0.323164276276326,-0.173922246735463,3.22142456000361,-0.436343978471575,-0.318872269426242,-0.426314975606371,-0.429017486630407,-0.129386309688676,0.0983360215385405,-0.590856525480568,0.273464759032081,-0.590856525480568,-0.174490746778037
wsp-1,-0.417245540022782,-0.376714823812852,0.40947671728992,-0.441412238288347,-0.316585155185594,-0.201849798149465,-0.244857784442985,-0.419547269751849,-0.269889760392062,-0.600794068124382,3.21309993053214,0.0891433001849966,-0.422823509836734
ztf-7,0.869890209950666,-0.861803962146643,0.900215300961819,0.0591916382185858,0.0983161626316744,-0.877956945551747,1.27541635821856,-1.27708025513474,1.38142289606571,-0.936299188675398,-0.857676765654258,1.1384586057643,-0.912094054648523
T03F6.3,0.241979840293292,-0.930027368917656,-1.0850464885761,-0.439682696880253,0.53773731942891,-0.398508421629222,-0.52260733332577,0.240681089083178,0.690926033091249,-0.339177535327197,-0.845122581982913,0.089843303516895,2.75900484122559
F20C5.6,-0.325087966632144,0.457893352839624,1.33360361488783,-0.854447778566807,-0.21006420814234,-0.971637420591368,-0.777965775819383,0.5962873936874,2.02072268276705,-0.866191120420986,0.545983161060546,-1.3814602713696,0.432364336300179
F10A3.17,-0.563959226138392,-0.79978782709709,-0.430086039116685,-0.278602074095909,-0.0958858739890042,1.21990134123172,2.1526512996334,-0.854094613477395,-0.871872894013441,1.38553578151707,0.385205628447503,-0.230361151333352,-1.01864435156843
T05C3.6,1.67060750780473,-0.763627365891053,-0.804144892335803,2.03586618108569,0.665785938564758,-0.362987381412723,0.226206793657839,-0.781128868241443,-0.585033241983174,-0.804144892335803,-0.5510765829723,0.834347598997533,-0.780670794938259
C05D12.3,-0.277960405322282,-0.920032714508447,-0.920032714508447,0.662846364102088,0.538431124851726,2.10001108071194,0.274296527386257,-0.920032714508447,-0.920032714508447,1.56036843238146,-0.191727385899551,-0.0661021656693967,-0.920032714508447
cdc-14,-0.641353580254909,0.131616566147874,1.12119313621795,-0.709087767141615,-0.595831903640062,-0.706863418205671,-0.67376165373663,0.973188450688898,0.130516398758771,-0.911701268728699,0.403493141191672,-0.911701268728699,2.39029316743112
C10C5.3,-0.33900546541598,-0.237385738984986,-0.359158201432976,-0.341392781461641,-0.352066701102785,-0.349396309041484,-0.345770814306714,0.521693428214694,-0.359158201432976,-0.359158201432976,-0.350463933191959,-0.359158201432976,3.23042112102276
die-1,-0.693604830575952,0.238448763303034,1.16249290332812,-0.685868932287033,-0.693604830575952,-0.693604830575952,-0.693604830575952,0.565340527759593,1.63834365301362,-0.693604830575952,-0.693604830575952,-0.693604830575952,1.93647689891434
F54E4.3,-0.297037392660002,-0.269543699606785,3.32610409563447,-0.290277913366731,-0.297037392660002,-0.297037392660002,-0.297037392660002,-0.297037392660002,-0.175505233566705,-0.297037392660002,-0.234879017904839,-0.297037392660002,-0.276636482569388
hrpa-2,-0.282480633416068,-0.195674057277185,-0.546562269444973,-0.624222466689557,0.354787315081876,-0.495057740306245,-0.730946863305985,0.503255051789279,1.4085026180769,0.0801776335885055,-1.99227044843693,1.93074498186632,0.589746878474054
nid-1,-0.0618979691745514,1.42218970692381,2.04850950613426,-0.872743760980168,-0.429568681854132,-0.824538361847635,-0.852782387775349,0.77490891576656,-0.0654172155343821,-1.00097320084218,-0.154207573212563,-0.938632991271373,0.955154013667701
Y54G2A.45,2.20545561978876,-0.570997615755829,-0.574482830405152,0.888953883005304,-0.336716202554684,-0.496728586570604,1.92831864898187,-0.574482830405152,-0.574482830405152,-0.574482830405152,-0.481041826686882,-0.282886097448816,-0.556426501138513
F10E7.5,-0.0863545516348962,1.06011282315769,-0.17826726908447,-0.814288289178636,-0.206466434106071,-0.962473926585718,-0.631739168877195,1.83351343185595,0.0868146575048653,-1.28738894995688,-0.826449308031548,0.275048048955634,1.73793893598127
fut-1,0.529967160153656,-1.1946844970261,-1.05175634152749,0.89258880416397,0.28542508051452,0.403736303730787,0.0444846999682043,-1.35631428124821,0.0319268345298004,1.79594053490785,1.08569264850217,-0.0925218654126498,-1.37448508125651
zipt-2.1,-0.823802918366606,-0.475380564541072,-0.639771840381037,-0.175652197043951,-0.19338164501507,1.11059132630355,-1.05245926347578,-0.310777701708181,-1.01912075171225,2.26216437249082,1.40838236653891,-0.180451816972264,0.0896606338829291
F59B2.3,-0.533838960305724,0.232511699130489,-0.564898740026385,-0.73157342352522,-0.438683549319072,-0.665534972287574,-0.569952249553915,0.437811161898557,1.27788311912278,-0.349957868732177,-0.874863747179903,0.11253356835629,2.66856396242185
Y41D4B.14,-0.60798689916116,0.520968635569347,-0.524965350531155,-0.71174283621125,-0.606650670513445,-0.73643002289733,-0.735132218121939,1.48770517315338,1.57232302745981,-0.751672163220611,-0.655471581290958,-0.104320488021816,1.85337539378712
pfut-1,2.0183166124994,0.165198183386827,-1.15247482594382,-0.351502234424555,0.878292922305117,-0.745289108062378,-0.50308034853481,-0.945919988922243,0.828398442769402,-0.83754433493341,0.813435616949252,0.893110934521876,-1.06094187161066
lin-14,0.0803032184969583,-1.23254659144117,1.46725110557057,-0.57614286156305,-0.0865992535184755,-0.257036085196148,0.0854268510976662,-1.27983330664428,-0.220386201450798,0.324040694838445,1.79764616029772,1.14903335479332,-1.25115708528075
dohh-1,-0.112785533308834,0.859227332472671,1.94976436608023,-0.364358839947546,0.159747177391698,-0.878414615930639,-0.429956508984126,1.18238544977973,0.226069237896777,-1.38669467884285,-0.899320608738579,-1.17877440895214,0.873111631083605
hum-6,-0.512102842281064,-1.08294125594238,0.0886334169682366,0.404040217462663,-0.546073734349793,0.518943238850103,0.172710316038622,-1.08818008376142,-0.866973335048611,0.924278487382091,2.35879594709811,0.643199103588469,-1.01432947600502
dnj-19,0.0748978600781574,1.19704537784147,1.19154104575807,-1.18548405804314,-0.413698931405958,-1.14522075368074,-1.07808026780822,1.62064874977976,0.24620314018542,-0.99615333145598,-0.14442766817562,-0.455297313111305,1.08802615003809
mtm-3,-0.784641759694493,0.0773536821976509,1.36162308295224,-0.741198548740482,-0.831905433899992,-0.845635465332753,-0.763710759033375,0.540327739576637,2.36260658322981,-0.532526284008895,0.290910959914373,-0.672238714106781,0.539034916946072
moag-4,-0.486384434198482,0.0390892437658286,0.90572344324152,-0.599764243635189,-0.496412456941128,-0.707034648711905,-0.566500023842146,0.693008321129377,2.67971547416225,-0.869296115133596,-0.548676214469035,-0.652528466593384,0.609060121225886
lmp-2,1.97626716189932,-0.809693866744232,-0.9458514860488,0.214830117618719,0.116073385505632,-0.188974897283109,1.29789125872653,-0.848706242608558,-0.816692040448047,0.042213086983717,-0.615959895946939,1.47850375268598,-0.899900334340212
K08D8.4,-0.151311784296745,-0.578873194575394,-0.48525701999377,1.22254722219739,-0.482656333741699,0.619195689577339,2.79301623582002,-0.584774058514114,-0.379449319239858,-0.584774058514114,-0.366553143379131,-0.436336176825806,-0.584774058514114
sams-1,0.165025906722855,-0.452714146009472,-0.610680170456132,2.43826747139784,-1.03872776430645,0.127635690191936,1.7682497129719,-0.349921474017378,-0.0717553450265661,-0.68274293574878,-0.447828212627559,-0.226634419084582,-0.618174314007612
prmt-1,-0.338425199196559,0.322180699913741,0.781573570430059,-0.319361645879596,-0.306277218189036,-0.952972310313783,-0.678345261152213,0.733186554707194,1.67261655331362,-1.98832827063612,-0.74592532899896,0.680582663393459,1.13949519260819
brp-1,-0.380625754013688,-0.380625754013688,0.976836956656661,-0.380625754013688,-0.380625754013688,-0.380625754013688,-0.321680402130074,-0.359391464169543,-0.380625754013688,-0.380625754013688,3.08853097898705,-0.380625754013688,-0.339290037234591
cest-25,-0.503576433939794,0.908806806253343,-0.936118365164296,-0.47252853813873,-0.270136375806383,-0.795234492426823,-0.865222844642911,0.354525249975697,2.49523402979441,-0.435680440415352,-0.856869423145015,0.955967312426078,0.420833515229774
C29H12.2,-0.484035986580701,0.598660106121642,0.264239824073321,-0.605714963565442,-0.609378809602555,-0.557934692355167,-0.576266830567598,1.74297809295251,-0.480541536797748,-0.702568025314417,-0.260083234125833,-0.702568025314417,2.3732140810764
acer-1,-0.48621750142992,-0.935670711904515,0.212203913897845,0.964182618885834,-0.672095323876417,1.43063828794101,0.582574955379894,-0.764250131901901,-1.12989255150354,2.07619622374855,-0.7550878322025,0.0530120976026014,-0.575594044636948
fbxa-105,-0.348678101114212,-0.953723877554281,-1.00170173178378,0.0242114661627518,-0.166034215875314,1.05702209025888,1.78153523792008,-1.00170173178378,-1.00170173178378,1.38299435016606,0.59048167398888,0.628641909489413,-0.991345338090905
sdn-1,-0.736613443651429,0.82553254835221,1.90212083354035,-0.853349721070307,-0.77790461901381,-0.849809115722362,-0.785052247780889,0.853779152056025,0.194381127531143,-0.883713370444644,1.28759073153462,-0.883713370444644,0.706751495113742
F55G11.8,1.29150647126908,-0.905685929670261,-1.016290830919,1.23709947768275,0.329131098845101,1.33054964806862,0.73778546059733,-1.016290830919,-1.016290830919,-0.0745340551594791,-0.781251900694545,0.9005630527374,-1.016290830919
let-805,0.704091666987873,-1.11413989239715,-0.101465840778703,0.33459906822169,1.04478232423731,0.689689411014278,0.169968476138497,-1.20094059162114,-0.439061177435077,-0.989133784746181,0.136725682904069,2.05873700025494,-1.29385234278041
hrg-10,-0.566741488340464,-0.121278136179482,-0.676923755172459,0.341557270433431,-0.575226171123844,0.605561247913771,-0.0961949321671734,-0.0650746055436917,-0.676923755172459,3.05906654473684,-0.584566478155898,-0.239743865908101,-0.403511875320466
cgt-1,0.937789766553714,-0.707502673208173,-1.03087002259878,0.873671960491035,0.847117559836185,0.12665883565333,2.21854353572622,-1.06578796335097,-0.672611520107283,-0.453805823561529,-0.206960543858594,0.2473699526722,-1.11361306424736
Y17G7B.17,-0.546886149523389,0.31264779850187,2.59123933626072,-1.17435391225293,-0.557862210743561,-1.06170301887161,-0.75397074141709,0.619175674020249,0.934034120669987,-0.417589953773883,-0.109404151829506,0.235528533924096,-0.0708553249649497
vgln-1,-0.77567860289656,0.525393248229499,0.35393538837546,-0.606475187648483,-0.766013324308634,-0.633470798286927,-0.863912208273135,1.25832958075068,1.22027241434332,0.539703587293109,-1.62630337924214,-0.298272569004026,1.67249185066785
ina-1,-0.285559212175274,1.25134598929218,1.796566663282,-0.861735352497176,-0.452703353187502,-0.971405757633584,-0.771105263891402,0.217134794831551,0.526198152279996,-1.14389844439136,0.860090315413495,-1.14389844439136,0.978969913068431
pcm-1,-0.442798397220962,0.150408748849843,2.89546952316954,-0.672733957997782,-0.455631058837688,-0.672411348155609,-0.570161213318857,0.280533656454009,-0.421528548674933,-0.314262147776891,0.0136269980050696,-0.784890085022664,0.994377830526923
math-4,0.893064121429469,-0.582616023207367,-0.555377137050336,0.14574833413076,-0.545216283713175,-0.36969466266675,2.9943960327895,-0.580035679027264,-0.30254999420118,-0.589282279906407,-0.0196313741140693,0.100477225443221,-0.589282279906407
ZK185.3,-0.629966328122396,0.365791978258016,-0.662837185568436,-0.683198013580998,-0.477036605744142,-0.66366685029597,-0.688960251176639,1.33797736961135,1.31934995908232,-0.756010447870921,-0.0155396855788043,-0.656526843032688,2.21062290401931
gst-42,-0.461583889221701,0.483802321366068,-0.155955063865234,-0.741077146101932,-0.410355325852836,-0.692431194826348,-0.384288137917451,1.22260873269755,0.288700161353131,-0.780114211862519,-0.67716067275437,-0.407400394326277,2.71525482131192
C54D10.13,-0.315130081959761,2.32340206313254,-0.628929496202972,-0.739205810236032,-0.580395232711933,-0.731486915813578,-0.665800464722234,1.30806452908763,0.321110572840825,-0.759213235622356,-0.556348047928003,-0.202528571563843,1.22646069169971
F32A5.4,-0.24309375026877,-0.336940532685425,3.30268325652574,-0.311407885598101,-0.197747736138974,-0.336940532685425,-0.300868970419845,-0.336940532685425,-0.336940532685425,-0.336940532685425,0.109018814697922,-0.336940532685425,-0.336940532685425
C50B8.5,0.434554181639402,-0.896462939074523,-1.03489754279048,0.137110876747604,-0.173718038038489,0.200428821804885,-0.0409015792360635,-0.999881731412296,-0.536677348458139,1.10963947961537,2.474964826878,0.360738535115217,-1.03489754279048
C33A12.3,1.09116260789634,-0.837333025874779,-0.190291006581829,0.410753861393656,0.840210453230522,0.819495787327742,2.1208410601311,-1.09294265373436,-1.02939270841517,-0.936230105474894,0.0377525590865279,-0.35790123257481,-0.87612559641004
pan-1,-0.699476926195766,0.455756229071491,0.761567191006841,-1.00188355257352,-0.641051539413587,-1.06135159632891,-1.08922082206729,0.844847976221295,1.78565068053339,-0.712741913705827,0.716647109579884,-0.645275351553779,1.28653251542578
his-3,-0.488113534031368,0.749584460402542,-0.295113485225439,-0.50189159327127,-0.499178214291295,-0.492055787625188,-0.527360110845391,1.37653896761073,-0.443051562123049,-0.540071430546917,-0.479994436099715,-0.540071430546917,2.68077815659328
ZC53.22,-0.294304320605442,-0.294304320605442,-0.244154617630319,-0.294304320605442,-0.286430491889994,-0.294304320605442,-0.145958967093799,-0.294304320605442,-0.294304320605442,-0.294304320605442,3.32528296206309,-0.294304320605442,-0.294304320605442
ugt-50,-0.428403204262073,0.103475935474479,2.01646018458766,-0.592812425594878,-0.680923296893774,-0.511084492451577,-0.417109872490177,1.25416256910234,0.30977165718738,-0.888893101312185,-0.893678794802148,-0.853259195442686,1.58229403689763
C48D1.5,0.134528815099451,0.159008492736904,-0.592063056936817,-0.601821803944941,0.177847756885618,-0.572141133493085,-0.610197921389512,-0.24236609165642,3.11799636923726,-0.622925142988101,-0.392008852399274,0.329682814800465,-0.285540245951543
kpc-1,-0.833050076327329,0.63954793956887,1.88257538048575,-0.807152318997041,-0.885219237611172,-0.763198591623869,-0.795488468666786,0.871669304349986,0.803164133468616,-0.909640937992053,0.301648718763839,-0.814650010464178,1.30979416504537
ran-1,-0.293197564391761,0.726471783915998,-0.552884269638179,-0.816420029612185,0.110331453791729,-0.0200784649370967,-0.800103877248979,1.10605946979305,-0.703005282900522,0.534546025306868,-1.9051478440705,1.9039548726023,0.709473727389284
slc-36.2,-0.733414082139853,1.11714139946068,-1.06288956884972,1.22387117125136,-1.00600594943537,0.669381541661343,-0.061540342962556,0.826071939353222,0.214126148338017,-1.08489360482063,-0.972729810794177,-0.767043909919371,1.63792506885706
snr-1,-0.543687176599551,1.24021981343031,0.601877349392282,-0.910305739762092,-0.523626697873341,-0.836857178966925,-0.79762723017518,1.53901564184515,0.00865206814971314,-0.380425514252565,-0.86580141874032,-0.495208577998935,1.96377466155146
Y51H4A.25,0.616194728585303,-0.901373832327901,-0.927900742900118,-0.0217313453352182,-0.288430144978353,0.31304948127928,1.84662407157559,-0.927900742900118,-0.817179677412415,0.153981089623563,-0.100258579873972,1.98282643756448,-0.927900742900118
acs-22,0.65817290062978,0.2131831930403,-1.64835232543326,0.214873582524003,1.14857211018967,0.174615130297677,-0.898103746509156,-0.844923823232144,1.34514527540685,0.668946197383892,-1.14845211343124,-1.01545769828683,1.13178131742045
tftc-1,-0.497429081667833,-0.0508730124857846,0.433433870622667,-0.383112227920462,-0.534650644079808,-0.566232138629931,-0.667571162572196,-0.0181972648591936,3.1629145209547,-0.564108041972445,-0.108601626529968,-0.0406851832934228,-0.164888007566324
efl-3,-0.589581301268923,1.14190458054531,0.48714287423895,-0.794591915250569,-0.395489739850562,-0.760392024350793,-0.796030492758236,2.03111143888981,0.18277559948807,-0.875760077202197,-0.284349459700038,-0.875760077202197,1.52902059442138
ptc-1,-0.329518125484291,-0.559717201452763,3.11900289379623,-0.339116614765037,-0.243986348535019,-0.383107190732535,-0.436428216522625,-0.420324001675247,-0.0535901816439562,-0.723980175161975,0.527539903003257,0.336284974031958,-0.493059714857997
twf-2,-0.00976716456603727,0.149458834344277,2.98211376305378,-0.673213121031344,0.0407741183818282,-0.78778396665649,-0.949178367984101,0.0556612094343084,-0.414491035384343,-0.465186044117194,0.709729448116763,-0.250027830648626,-0.388089842942816
kin-19,-0.885578346604493,0.195438018501688,1.26648890176376,-0.749221309131747,-0.731772862550677,-1.06212347275904,-0.521026972643944,1.55072343426137,-1.35763774622404,-0.255312163708979,1.10396845216433,0.223141487299964,1.2229125796318
pitr-1,-0.590760009479949,-0.266147240636398,2.76113636685474,1.04054793432706,-0.828083059715099,-0.445375287724646,0.796668928946442,-0.0939954725337198,-0.692896528332558,-0.160083392494696,-0.600887477014349,-0.627161371262732,-0.292963390934092
ttbk-7,-0.382920196959331,-0.28344450902032,3.19170405529604,-0.382920196959331,-0.332727177451549,-0.374673987001925,-0.382920196959331,-0.342876496019652,-0.257658623467727,-0.382920196959331,0.664642346528028,-0.382920196959331,-0.350364624066245
fath-1,1.44553847130458,-0.934411884779951,-1.228423556402,0.119781920064158,0.650062780773434,0.114382529770579,0.937650079847201,-0.967358553973592,-0.641236275244662,-0.158607251460152,1.93853665479347,-0.28085693132867,-0.9950579833644
R10E12.2,-0.497521790451876,-0.147720619790108,1.63556130901415,-0.498197226486008,-0.46469176577746,-0.508655714506707,-0.472543305224505,-0.00699635152068622,-0.513230768092467,-0.513230768092467,2.69816055173169,-0.513230768092467,-0.197702782711096
gfat-1,-0.6043830694461,1.54432093366682,-0.115247918531255,-0.74461536900544,-0.590143586291179,-0.743025151338858,-0.670576690284664,1.72517877703004,0.762499669849715,-0.572936246074773,-0.642806200140505,-0.861682243834404,1.5134170944006
EEED8.15,-0.62435915232159,0.553520360741776,0.848036809716127,-0.657106148328272,-0.63577770787944,-0.657106148328272,-0.657106148328272,1.99037145517695,-0.219138480832486,-0.657106148328272,-0.5524059397987,-0.657106148328272,1.92528339683872
alh-12,-0.484334271741237,-0.372634327375701,-0.711210612698902,-0.498646187484175,-0.559337330296306,-0.570001620760738,-0.355946828046585,0.645346038067723,-0.500184012777545,1.54425508913289,-0.649004717270129,-0.0633805611899098,2.57507934244061
fat-3,-0.48951783735677,1.72177772735077,-0.18395991761269,-0.405807372697145,-0.560989478115743,-0.478195617772124,-0.426378369881135,1.16954572120004,2.00085930414222,-0.912188241410692,-0.853070682994496,-0.912188241410692,0.330113006558458
mlc-5,0.00588740573247187,0.0472501740626859,0.492803560583313,-0.931348945058016,0.191582211438109,-0.571812516711124,-0.188720802917957,0.0705437012519627,0.082682741269456,-0.880416600649975,2.89840168428723,-1.13763987806733,-0.0792127352208233
his-4,-0.727095067579058,0.745259841663482,-0.0977305592563141,-0.755966923607874,-0.270152250613217,-0.649075365048184,-0.702825415316368,1.6321756844318,-0.0563097367674624,-0.755966923607874,-0.737214002271868,0.0160359979016519,2.35886472007129
gpdh-2,0.680578689041396,-0.806863831539581,-1.12942310342283,0.101473212860827,0.258599733262391,1.03245594435369,1.60660501728247,-0.667898743286186,-0.756606705264352,1.39326606032402,-1.10058269383501,-1.17982317901984,0.568219599243007
nex-3,-0.353553826271804,-0.353553826271804,0.565523825686323,-0.353553826271804,-0.353553826271804,-0.353553826271804,-0.262112756880534,-0.341637881703854,-0.353553826271804,-0.353553826271804,3.2202112493443,-0.353553826271804,-0.353553826271804
C52B9.19,0.52153876428531,-0.977790264818899,-0.988759135023355,0.188389031596977,1.19838587225417,0.507570514261085,1.6973124393521,-0.988759135023355,-0.988759135023355,0.185898413181873,-0.687091867872861,1.32082363785366,-0.988759135023355
grl-4,-0.322024440006645,-0.322024440006645,-0.322024440006645,-0.322024440006645,-0.307014951368025,-0.316488526920295,-0.207679476199977,-0.322024440006645,-0.322024440006645,0.10248123812561,3.30489723641585,-0.322024440006645,-0.322024440006645
ahsa-1,0.743897779401194,1.55096291621461,0.978369576804232,-0.993158173894738,-0.014779300099654,-1.07907568146225,-0.411256750721435,1.74678557722497,-1.3283932321745,-0.54600200393169,-0.39039260291897,-0.610339162404221,0.353381057962449
dad-1,1.41839124657185,0.323562113991161,-0.804313990018056,0.308575969599818,0.546582331937113,0.351745577384002,-0.299014369117418,0.359506267412327,-2.3995817277676,1.27529145252664,-1.04749225698168,0.0783697623126275,-0.111622377850793
T13C2.2,-0.280851187319554,-0.327905865101707,3.31512485658448,-0.333827371057264,-0.333827371057264,-0.319819305189802,-0.325125493094775,-0.295896602019576,-0.333827371057264,-0.333827371057264,-0.157686836378101,-0.236856914996259,-0.0356731682556486
cox-6A,-0.126318055594132,-0.865196122776817,-1.74123260116245,0.764616594949687,0.0158070829927158,0.911646269276527,0.614854436143938,-0.369262411309412,-0.494430594292847,2.36911175065763,-0.356796424803398,-0.244086779546981,-0.478713144534452
hrpr-1,-0.729965457861536,0.831231671706986,1.74927245513089,-0.902616649836215,-0.464507664631763,-0.902795488326895,-0.693291171660053,1.17879484708457,0.547926061611851,-1.24692372800689,-0.030517910041046,-0.649246432086901,1.312639466917
let-716,-0.338003527249307,0.738892002132956,0.442306804765318,-0.646166572908738,-0.498143781330816,-1.06194977632758,-0.735789055942328,0.991771189146643,1.38717068492499,-1.20393272206482,-1.15514678746781,0.347909923638901,1.73108161868259
knl-2,-0.676099849960006,1.70309252512498,-0.419491303284651,-0.698459867568742,-0.626945494399788,-0.692181033973154,-0.69974823984437,1.00589128765986,1.02137495646338,-0.712813586016918,-0.343210405772843,-0.712813586016918,1.85140459758917
cest-35.1,1.66812832614002,-0.595446278635445,-0.892487463342072,0.295311889147943,-0.391940697171267,-0.297998415924435,2.14491877240821,-0.80520015185742,-0.669804098302659,-0.962754217440466,0.296203932428421,0.813368688903876,-0.602300286354704
F58B3.4,-0.53102376321204,0.743745795213035,0.0326624467584394,-0.858961484396248,-0.438113870495189,-0.948595365977407,-0.646958492383849,1.09343335032254,2.25896238958222,-0.315019755003409,-0.801799847073453,-0.740283701302332,1.1519522979677
spp-16,-0.454346116193348,-0.446205143425535,-1.30317860081337,-0.0301257923175363,-0.304796968364736,0.652144655658146,0.121772926877881,-0.56266442850338,0.459883830232204,1.85190571698643,-0.797687857774554,1.89621163021928,-1.08291385258147
Y43F4B.5,-0.552583262684266,-0.335185527711184,-0.529884830646047,-0.347320064436087,-0.48627119575486,0.428117257771388,-0.377900113466123,-0.203614055793641,-0.173946946827289,3.15985679206411,-0.734994185082884,0.00651679231789666,0.147209340248993
ncbp-2,-0.47566777109831,0.844829727194811,0.72181095902088,-0.929721153979952,-0.406538807112856,-0.886317071001498,-0.805526411825768,1.87295670262253,-0.633632370898734,-0.319933831653411,-0.891461055054852,0.10434639846141,1.80485468532575
dod-23,-0.281241474343356,-0.281241474343356,-0.281241474343356,-0.277539893308761,-0.248406731534595,-0.270940508491743,-0.281241474343356,-0.281241474343356,-0.281241474343356,-0.281241474343356,3.3280604024253,-0.281241474343356,-0.281241474343356
sqst-1,-0.656548523674104,0.0888517611477882,2.04842820259642,-2.00131626560587,0.278098788898456,-1.09654990701816,-0.00149860960119503,0.244796737945587,0.865521088852355,-0.11860945780311,0.563203227304331,0.569813911434871,-0.784190954477386
gst-27,-0.418088683447211,-0.881949583831457,-0.881949583831457,1.39881129882719,-0.550145313408592,0.916671752631049,2.04351951968117,-0.881949583831457,-0.881949583831457,0.447837318323752,-0.119453164932719,0.680574683075604,-0.871929075424411
dct-1,-0.666761475734643,-0.614777776014999,2.84071969433674,-0.738689041575138,-0.5103758930694,-0.49792078540843,-0.437580583625308,-0.551886114189637,-0.428017669451879,0.122183559848742,1.0993629453212,0.388477261335159,-0.00473412177240909
pbrm-1,-0.731206578335126,0.881936626855375,0.629272642665634,-0.942388250118832,-0.717881296623653,-1.05157268276413,-0.731611405099832,0.318391790246148,2.42902614172083,-0.756020482596652,0.380929797998851,-0.347610955574243,0.638734651625633
clic-1,-0.934993692690902,-0.793470224259213,1.23377784274146,-1.18271265724339,-0.434514316045794,-0.91053856905445,-0.368017098680967,0.171716712252522,1.30746555396041,0.599721113888669,2.01649500373056,-0.287189248958224,-0.417740419640684
F57G12.1,-0.420361914167088,0.0343816316780811,2.45334907671443,-0.738532111155718,-0.569659724005891,-0.848713320294226,-0.614319101828144,0.621244245054992,1.51288378336298,-0.965860698337196,-0.213536467996954,0.149182250941898,-0.400057649967167
T10B5.3,-0.174841081369304,0.980189769228136,1.13408794909055,-0.768990844453943,-0.525455773877708,-0.994482551881642,-0.525659835458069,1.41411123527675,1.0185528719403,-1.25388563820428,-0.912057036569409,-0.686593990357264,1.29502492663587
lron-8,-0.800094883081888,0.119873748240862,0.18362929309486,-0.815682804712744,-0.772477602371359,-0.815682804712744,-0.784804919599955,1.585911115463,1.19789384712737,-0.815682804712744,0.892126773493973,-0.815682804712744,1.64067384648412
dhs-6,-0.535659539488353,0.342039731637136,-0.486935816538035,-0.519897603075495,-0.537331435961085,-0.0884681999024193,-0.558962425943117,1.13134030349657,1.36110073115639,-0.942212042790334,-0.687525551458486,-0.792398609144422,2.31491045801165
ifg-1,-0.358669260664635,0.0211891410649399,0.44423820141276,-0.610589463573687,-0.00478974686350786,-0.890420937937305,-0.749356850441525,0.290527198058142,2.91494696739621,-0.91071418417262,-0.539220911141828,0.485982517954008,-0.0931226710909562
nab-1,-0.540532427440558,-0.365220994939511,2.05535786023916,-0.585466388748541,-0.447461194535993,-0.494282957616673,-0.528817483185276,-0.345822474423392,0.661055375143347,-0.59272141057811,2.20086167789128,-0.59272141057811,-0.424228171227619
sod-1,-0.338377869274229,-1.01350429125418,-0.477145845098732,1.09195840258273,-0.582748700751927,0.667018888894255,1.57890650936736,-0.850335710785114,-1.30835716508497,1.00122944216401,-0.377536223064903,1.39888078873496,-0.789988226429256
B0035.13,0.124872688251474,-0.399435092240828,-0.399435092240828,-0.297354673419181,-0.378088643122724,-0.388758397165889,3.2403111996432,-0.399435092240828,-0.217160785628707,-0.399435092240828,0.312789164886798,-0.399435092240828,-0.399435092240828
glp-4,0.0159708846335177,-0.800498404219034,-0.7388842917275,1.63860855063644,-0.317515739327173,2.23384164677474,0.425959442443458,-1.05240726537094,0.438998555836259,0.146382482927725,-0.370563731171981,-0.60427434966232,-1.0156177817732
F26H9.5,-0.373110610789583,-0.363096557044194,-0.821125846738489,-0.447770172401971,-0.369313302269318,0.0692453763094723,-0.683422800797635,-0.093478196061026,-0.146824251321209,2.92716144234545,-0.579542307703305,1.1200449393931,-0.238767712921293
F56A8.3,-0.514329286256198,0.902656981676383,0.916086314997733,0.329144377739032,-0.487162212976661,-0.30129059249179,-0.604380377561807,1.14779192401568,0.353313467005837,-1.42846636830082,-0.598524355855407,-1.50029614726753,1.78545627527555
ell-1,-0.943495304364174,-0.512077600774263,1.82451111818708,-0.648155237678108,-0.820760320751089,0.0399668123967508,-0.712424418155242,-0.148682601674044,0.0467976728785812,-1.04485674144699,2.0023674562457,0.888571181845879,0.0282379832899177
T24C12.3,-0.486287010280442,0.750518529713482,-0.475426462330407,-0.503011471987815,-0.49515813098835,-0.503011471987815,-0.484320615330717,1.19271402487167,-0.268150760275117,-0.503011471987815,-0.503011471987815,-0.503011471987815,2.78116778455896
clec-48,0.873589124527067,-0.5763820695939,-0.419386307960195,0.115147318790528,-0.565028563916502,-0.347529459167874,3.03939318861608,-0.5763820695939,-0.5763820695939,-0.0414016211582694,-0.161956533739015,-0.218200417410942,-0.545480519799179
pes-4,-0.496406454466365,0.930880469443235,-0.27906625609039,-0.893301758448108,-0.357699118314962,-0.691316787284475,-0.960108384289041,0.26238265210527,0.309592257173389,-0.293019213542603,2.16570613317299,-1.17112193539167,1.47347839593273
asah-1,-0.415678124393652,-0.596798524077187,-0.435086446940036,1.58888339636302,0.0835472550832784,0.370432210195402,-0.615108391597659,-0.604699956006138,-0.615108391597659,2.60320064951684,-0.606515193236775,-0.206018967367298,-0.551049515942143
F59F5.7,-0.304644483605525,-0.304644483605525,3.32174306671573,-0.304644483605525,-0.304644483605525,-0.304644483605525,-0.304644483605525,-0.304644483605525,-0.304644483605525,-0.304644483605525,-0.132862315208478,-0.304644483605525,-0.142435915452003
klp-4,-0.627891076665035,0.0727875197424598,-0.182264878684313,-0.667551140526699,-0.643586047085829,-0.651002429634114,-0.378632418084764,0.237130832205239,2.80884924274566,-0.727972370380956,0.62730712513409,-0.727972370380956,0.860798011615218
wrk-1,0.687378901768869,-0.123530124604544,-1.08124813265665,1.63266180297667,1.55445021784452,1.09108947952578,-0.504682367697276,-0.623565689900168,-0.603066489799639,-0.325602564229418,0.583006001890185,-1.10669806848107,-1.18019296663725
F53A9.1,-0.314803321472527,-0.463100903160519,-0.319847717965498,-0.233489031481081,-0.0902575413596556,0.0580489306458656,3.26419963175882,-0.463100903160519,-0.463100903160519,-0.463100903160519,0.0210092948754072,-0.0693557291987417,-0.463100903160519
prp-8,-0.59040431336207,0.992828936508306,0.237232662623526,-0.883748742785944,-0.629369105444345,-0.798824163638632,-0.6885822301384,1.24734648578415,2.09037465593235,-0.83636521556908,-0.653767842581002,-0.49697354321904,1.01025241589019
pop-1,-0.675464964175177,1.03789137285435,0.0631921475016088,-0.744577971910635,-0.731173506100324,-0.733958969255108,-0.530999703838089,1.44429752917163,2.00900157091543,-0.759493181166089,-0.585699840860948,-0.759493181166089,0.966478698029447
ZK1055.6,0.138434387243414,-0.7861547752635,-0.757722512168087,-0.206272896940202,0.0900594881926829,0.0685333301549409,0.378613351376829,-0.789522495617196,-0.155319861849364,-0.155913136237139,-0.0807434553950044,3.04723112305569,-0.791222546553062
vab-1,-0.660516839287952,0.366940465511313,2.38878735669952,-0.778460669521437,-0.739616948728151,-0.778460669521437,-0.762540358350059,0.365318634481871,1.16964347656696,-0.778460669521437,0.190579869342963,-0.778460669521437,0.795247021849283
pxmp-4,-0.305187739211355,-0.373939415807695,-0.957521928219032,1.0803676511127,-0.336630730849408,1.03528597631563,-0.298123625382005,0.358862154028048,-1.07019777057825,2.45949033227408,-0.926580411536835,-0.385646771395991,-0.280177720749885
hmp-1,-0.732372991197142,0.411470721330733,1.30378144657973,-0.70010148325795,-0.614728497024652,-0.574480943276191,-0.749317483242193,0.025315447048089,-0.168454501155098,-0.661750876066442,2.66987882704317,-0.434666608143175,0.22542694136112
gly-12,-0.316557372391725,-0.333047930352531,0.0933324018000337,-0.359133096989836,-0.341902749347139,-0.334161465664865,-0.277199917583913,-0.236066802412841,-0.359133096989836,-0.359133096989836,3.3019782383261,-0.154834572651946,-0.324140538751665
C06B8.2,1.62011734263296,-0.980352449130131,-1.0231251847215,0.445959280548535,1.91623430655928,-0.0159987886669938,0.214613443183747,-1.0231251847215,0.753383384412086,0.106985746046682,-0.115278713768083,-0.889693170679924,-1.00972001169516
F26A10.2,1.01398241338482,-0.841017894365213,0.577009119350533,-0.566991038479453,1.22700500743719,-0.68935056770057,-0.681190644235611,-0.926879166443753,0.0347891269243934,-0.964062998466239,1.98349174942579,0.761433796904919,-0.928218903736812
F13H10.8,0.821078709721844,0.558488086610866,-1.74918513961858,-0.239765622277187,1.42798167549572,0.196832849680251,-0.920698455243765,1.44765327580441,-0.531891761445285,-1.24341265567376,-0.732919546220809,0.336380745827082,0.629457837339201
dpy-21,-0.426697848081913,0.0254514199629384,2.22908261345279,-1.00143461500991,-0.5771007214653,-0.770002601669974,-0.469318081850702,0.0499084120483925,1.66719344650599,-1.23668943111726,0.363796090518516,0.422897245724277,-0.27708592901784
mrp-3,0.276364400191804,-0.135364369238586,-1.31234670500896,0.513451740015999,0.203916816250199,-0.0224717113197672,-0.70441214364985,-0.267853901118607,2.81513025176277,-0.237060162287845,-1.1418758628384,0.1164168022537,-0.103895155012472
C42D8.1,0.512819282099647,-0.779697047402706,-0.712377123766037,1.30530107539979,0.292758154434771,-0.0762259010341346,-0.17667195939266,-0.859162573713488,-1.02058394129109,0.866435462848655,-0.756272635926354,2.23603231000341,-0.832355102259798
wdr-62,-0.922758789321786,0.358385740436496,-1.31203669848621,-1.33428448354308,-0.48405267348395,0.129726847647291,-0.565831382319195,-0.235511814263596,1.73052549567342,-0.125413978434624,1.86509315870871,0.470257400245347,0.425901177141172
nhr-97,-0.319203463855028,-0.498545325232191,1.04140784928578,-0.423018143215624,-0.328567103257338,-0.414084665392453,0.113627548521177,-0.585972302486401,-0.417162853690932,-0.877341578222027,2.8581152176895,0.485138251786352,-0.634393431930808
gsr-1,-0.760530073484915,0.182865062653502,-1.43153661722956,-0.247821285348491,-0.983200329856871,0.313371712352102,0.446955726629224,0.508430700414626,0.212280620670992,2.6070715899649,-0.929710029876587,0.190397933652671,-0.108575010541597
crp-1,-0.285689481480546,-0.183702331388801,-0.329391505873207,-0.354207101711759,-0.242934869572713,-0.286592229779097,-0.337773271520571,-0.326914433167469,-0.455222095623237,-0.23402408097226,3.29577021513916,0.126112356957619,-0.385431171007117
sos-1,-0.5036440139123,0.383158054736438,0.0470578867478938,-0.796284291804464,-0.234510761766549,-0.706561377896249,-0.782268643353001,-0.258630594013945,2.59830256140092,-1.08034331602231,1.3362983603624,0.113117395160752,-0.115691259639588
swsn-9,-0.794381115051524,1.32436570304387,1.87182703210006,-0.774052834506852,-0.831673208324759,-0.68163746395638,-0.755325446765759,0.930246974677619,-0.286282457228785,-0.831126305148268,0.0907792111234155,-0.597596841527157,1.33485675156452
F07G6.8,-0.0544631203991581,-0.301762579965042,-0.270750998982952,-0.301762579965042,-0.301762579965042,-0.301762579965042,-0.279476064012459,-0.301762579965042,-0.301762579965042,-0.301762579965042,3.32055340307994,-0.301762579965042,-0.301762579965042
atp-3,0.0178531421250353,-0.884018958664873,-1.0799554856807,0.953786252306466,0.456182731439341,0.975803676018119,1.67856696362459,0.0488113801689194,-1.72767649334061,0.891782065675493,-1.09288020815201,-0.401087967308249,0.162832901788479
agxt-1,0.160310136374547,0.232155029226597,-1.05537081606435,-0.639843163362245,-0.0286110550338753,-0.248254954664357,-0.148282292573061,-0.47836464353536,2.00717229568837,2.1134873728883,-1.13239171195281,-0.402857395485979,-0.379148801505783
W07G4.5,0.0850001045840205,-0.786112582422578,-1.45019018807877,0.83610947487572,0.126155966203353,1.23828317021055,2.2919574485352,-0.809912382621238,-0.845194053343357,-0.142621937201049,-0.511580276811976,-0.258297100456596,0.226402356526711
tat-5,-0.325546662176809,-0.277116406127773,0.81230469064857,-0.524804769431992,0.109158990083787,-0.496113852196127,-0.28231473792054,-0.586861035730196,-0.457669015821969,-0.8163579083188,3.01302689192062,0.256382039160119,-0.424088224088888
riok-1,-0.289505277589029,-0.0185852802756702,3.08574686260479,-0.474775669991494,-0.232643902098633,-0.454516387751365,-0.357186122375677,-0.0263344687982731,0.583448827509854,-0.673920705479877,-0.0067605826132578,-0.980345092582768,-0.154622200558601
lat-1,-0.167208672271061,0.348839671081013,3.01427753818998,-0.696332921181748,-0.11766977743848,-0.672086059821765,-0.638150665736004,0.178652066654641,0.533525339403452,-0.710970463612617,-0.00125919456574763,-0.608587639108369,-0.463029221593295
R12E2.11,1.13833461441055,0.359894356261637,-1.27094909584595,-0.527260911688981,1.28642823711757,-0.287727733093994,-0.355896350468826,-0.0282629031444046,0.21191810067559,-0.796798168385733,-1.01681638467491,2.10543966161705,-0.818303422779587
hlh-30,-0.605550358988794,-0.264229762707009,3.06384640097667,-0.0739017460535662,-0.630114732119549,-0.253128508929683,0.141870438930334,-0.172322616415119,-0.584132370813699,-0.823214415791212,0.71291963339509,-0.285122057219963,-0.226919904263501
acox-1.5,-0.46961766314627,-0.862639200993042,-0.565698749239918,0.231676547917667,2.0695670898661,1.45068301606612,-0.851822692130164,-0.872105104104121,-0.6629683032427,0.649652135071125,-0.301624205315068,1.04592113751101,-0.86102400826073
cct-7,0.68857897612294,1.25301403762235,1.57679472002975,-1.17419150561762,-0.0104573490652239,-1.23262979100295,-0.179688709316302,0.775743151918993,0.551621150238171,-1.85365064648605,0.0655236958789105,-0.0222978977802981,-0.438359832542659
trap-4,0.265929331460429,0.261793924928702,-1.0798244711559,0.75930022199951,0.0710502057611052,-0.383465540743826,-0.84172940640173,1.27397072548994,1.02080308025492,-1.58440882803234,-1.17069332122739,-0.224118527038752,1.63139260470532
cap-1,-0.606219524036604,-0.316027853620421,2.93741713128393,-0.708102589965824,-0.53452792866965,-0.391547304207126,-0.333022607942669,-0.0472514258096799,-0.504845420270842,-0.228293716821951,1.15504373623393,-0.45647610229358,0.0338536061204871
ptl-1,-0.501888488072029,-0.784417602603433,0.741461012052242,-0.791166508744695,-0.224269578674074,1.10169177880205,1.84427865233772,-0.791663161504099,-0.812998225574258,0.165677551528761,1.64565604339451,-0.812998225574258,-0.779363247368434
utp-20,-0.2263705586727,0.778281022795836,1.23717511445676,-0.300471201188366,-0.450802963276004,-0.944889679533379,-0.895289093277658,1.20175614763813,1.41252593321989,-1.28284348900044,-1.04271689280461,-0.61503100436422,1.12867666400676
wht-2,-0.365729171264258,0.976414869052055,-0.705045280960255,-0.343652650778886,-0.487738606009823,-0.481304433992536,-0.528211677533415,1.23939472434949,0.228498879171876,-0.705045280960255,-0.674369966593957,-0.705045280960255,2.55183387648022
rpb-6,-0.0232299946824384,0.772055618912149,0.183116647134908,-0.517005413722917,-0.207939298933758,-0.767023183588416,-0.560656142128604,2.13535243733516,0.323491049413658,-1.12761541185282,-0.723760659511225,-1.07854236134129,1.5917567129656
manf-1,0.714787563440452,0.983733660474083,-0.571684383265035,0.193992579857421,-0.0190796744624175,-0.561649598804824,-0.47845449647504,1.86870120772738,0.625219028391625,-1.8076764545715,-0.419178114685059,-1.30022300942329,0.771511691796213
xpo-1,-0.463312224491691,0.323699132524537,2.88803856562627,-0.747641405578068,-0.447190874841588,-0.620757178259914,-0.654160988797043,0.294151694357604,-0.617627347804622,-0.822874177348384,0.624016661333325,-0.19706618027068,0.440724323550255
lin-33,-0.440355719104108,-0.375832678940171,2.59897049880371,-0.440355719104108,-0.377853713943033,-0.394272741710859,-0.432646979469552,-0.375383267666846,-0.385652264000419,-0.440355719104108,1.85255870894157,-0.440355719104108,-0.348464685597961
snr-4,-0.460213760789513,0.836656080098227,0.95288649996526,-0.836457197585401,-0.577678683997418,-0.46136286630163,-0.743552857601665,1.32075258148441,-0.867933060124105,-0.563918738088222,-0.628488377092495,-0.232615809705937,2.26192618973849
ugt-11,-0.455758704031862,0.139953013026969,-0.552029884783749,-0.508593464954978,-0.542098198402669,-0.552029884783749,-0.544710898946031,1.08062144574797,0.850559033015687,-0.552029884783749,-0.552029884783749,-0.552029884783749,2.74017719846366
F37B12.3,1.48861378819773,-0.758537715244852,-1.14582140404706,1.3734005345712,0.415100609128234,0.568434442727082,0.556220912845868,-0.830061805238486,-1.12220674863892,0.483898656540353,-1.16646878857078,0.977588001405891,-0.840160483676257
dao-3,-0.441999584329613,0.172402570337234,-0.347617846243249,-0.573843524564287,-0.66131461027886,-0.737485564069863,-0.380842034013211,0.895698093356992,0.800570467914044,-0.5057312519766,-0.611723807132082,-0.426523148397064,2.81841023939656
Y54G2A.18,-0.651357394476468,1.70169269363831,-0.398896408105913,-0.236614758090447,-0.80699905651161,-0.375819351104098,-0.45799402431741,1.55532515885325,-0.3144632219113,-0.911324471187956,-0.117981605338782,-0.831763324979908,1.84619576353233
gmpr-1,-0.607943358929427,0.312513352782214,0.36796523612065,-0.857719007029269,-0.947155409580513,-0.940075891763835,-1.16755930455612,0.326896591321711,1.19691989222302,2.33416579936776,-0.276813265364806,-0.328688412824702,0.587493778233314
F46H5.7,0.271805211382636,-0.648989013540451,-0.872181092420332,-0.142322654311236,0.682811185900464,-0.58438711984427,0.0204660225479836,-0.870152414987764,1.91852186128371,-0.895935300711896,0.0193783394110145,1.97681124819857,-0.875826272908438
pqn-35,-0.325495210181349,-0.325495210181349,3.30403914719848,-0.325495210181349,-0.325495210181349,-0.325495210181349,-0.325495210181349,-0.30394616358436,-0.325495210181349,-0.325495210181349,0.0968241653156649,-0.325495210181349,-0.167460257297649
B0272.4,0.31227359565135,0.575843715358055,-1.8069292876555,-0.364223869479268,0.492371121087561,0.316894653111862,0.68408181138491,0.277287030526501,-0.968859051482348,-0.448314267599885,-1.49337807851754,0.511359242226616,1.91159338538769
asp-4,-0.447970742707919,-0.304913858219297,2.01849752169148,-0.504926756482881,-0.509109266954621,-0.569667539935355,-0.28008432345689,-0.474057795323591,0.208413867584968,-0.578190897885972,2.37712703122619,-0.578190897885972,-0.356926341650147
let-526,-0.927492568345916,0.699434925331351,2.3581503731006,-1.06734118257733,-0.763083010203373,-1.08261308379023,-1.00177013214424,0.357159908063285,0.278572875473394,0.346037564384068,-0.0400462350351997,-0.0838459289097321,0.926836494653324
R05F9.6,0.884094863858404,-0.52668176803662,-1.53148852446683,-0.332117716987981,1.02645969899068,0.476410134675158,-0.296862872542535,-1.02314697954751,-0.0699025309140475,1.8164235337853,-1.3935657472571,0.905044238241392,0.0653336702016961
stim-1,-0.600706722670899,-0.825771067961015,-0.796105227430164,1.44977005383094,-0.635352466375109,1.10263000416063,0.499875695616189,-0.577182604032777,-1.10987623978345,1.98745754835154,0.440692796625835,-0.147078653349555,-0.788353116982167
cgt-3,0.639624555527987,-0.815836056968138,-1.42542332963671,0.896509299372021,0.980138884356127,0.216622717570049,-0.376970836040658,-1.00894765127167,-0.893580061800195,1.80841446564569,-0.216864937922359,1.04338220519973,-0.847069254031872
prmn-1,-0.363557761247571,-0.297958967242012,0.443408502491329,-0.369746315682108,-0.25275149260202,-0.369746315682108,-0.369746315682108,-0.24379872202072,-0.369746315682108,-0.369746315682108,3.24662372370218,-0.369746315682108,-0.313487388988544
T28B11.1,-0.314319597895837,-0.0919447660923778,0.119273444406854,-0.7055018899257,-0.261289755926716,-0.56167906245986,0.00218065192997811,0.0235055993391019,3.21763925196724,-0.368850790000065,-0.540120194313184,-0.0583627522836131,-0.460530138745822
F57C12.2,0.929128952390533,-0.532349831915756,-1.18623989144717,0.0595516191409454,0.803403482999769,0.483520739889063,0.162746600054359,-0.885672362887404,0.292111895906468,-0.771606078536729,-0.597225094821318,2.34512071380922,-1.10249074458197
ets-9,1.7834737693617,-0.672722458778005,-1.15045424605834,0.549700882424347,1.58898627430714,0.379844213500107,0.869925308353992,-0.863550849592576,-0.0232689952791609,-1.05359268012996,-0.661800801059858,0.235852142664899,-0.982392559714289
unc-30,-0.341682389820261,-0.323313604249183,3.23639328982414,-0.341682389820261,-0.341682389820261,-0.341682389820261,-0.341682389820261,-0.341682389820261,0.503744212627656,-0.341682389820261,-0.341682389820261,-0.341682389820261,-0.341682389820261
Y71G10AR.4,-0.475299984284787,-0.278254840437009,0.180990628988037,-0.526913245538579,-0.621081926210105,-0.501646284525965,-0.556105778504023,0.154334840343546,3.13162204835138,-0.289845095968185,-0.622565054712361,0.0362001419355623,0.36856455056249
lonp-2,-0.0408218336695932,-0.1618896265835,-2.14545561438506,0.717713993301278,0.184974680433502,1.04564238642661,0.194541686892094,0.137305902152981,0.970037691359059,1.41073612938673,-1.32757458326061,-0.9879967413355,0.00278592928200522
pct-1,-0.553967439189898,-0.191727443619306,2.50576376853266,-0.431892403656647,-0.382392145254065,-0.568509390102849,-0.549413162220961,-0.220831730935521,-0.0984436900181053,-0.609638053218024,1.89329752592368,-0.609638053218024,-0.182607783022931
dnj-8,-0.251351256180041,-0.000874601363921301,3.2586525196786,-0.366423018490156,-0.407116552746454,-0.374643335604183,-0.354273754998143,0.0723652225024766,-0.18466115498188,-0.586545770886772,-0.129672480671285,-0.586545770886772,-0.0889100453714684
syx-2,0.381574235569595,-0.838208250272368,0.104034265884376,-0.687829811930352,0.575798499726831,-0.329338343443937,0.704480261818613,-0.902620122645796,0.409211528938499,-0.903096432743073,2.62717390155402,-0.134340895296051,-1.00683883716036
acp-5,-0.219181552002895,-0.384596689489098,-1.46877753863601,1.73272223527701,-0.61591896968598,0.976602918091979,0.781933220264198,0.000745186431413145,-1.43322442829412,1.04846684813754,-1.0110756287613,-0.121448271842109,0.713752670509377
cpi-1,0.469892464318599,-0.868707214959709,-0.436470218446234,-0.0651311294477929,0.298087154233706,0.438698663428345,2.61146519784813,-0.862945338796192,-0.910096419085459,-0.910096419085459,0.562342465102074,0.528508421423779,-0.855547626533786
F42F12.3,-0.541350118150081,1.48026359052344,-0.158636083007966,-0.491124634596757,-0.577314050485036,-0.523515122178648,-0.486166314497814,2.47585774605786,-0.455603216377824,-0.617286496717882,-0.510400975171566,-0.617286496717882,1.02256217132015
atf-4,0.235733817325453,-0.875367817706947,0.922902055775543,-0.801392253791742,0.379295785954632,0.0596363571102769,-0.386629483871877,-0.466511600969698,-1.87037271614033,1.13492972002764,1.24195015100924,1.38555576709846,-0.959729781820644
cpr-1,-0.433030378823932,-0.450995959248657,-0.450995959248657,-0.350145362166527,0.386181794196209,0.728930640135461,-0.433456207540323,-0.450995959248657,-0.450995959248657,3.08663434488221,-0.438127207401995,-0.292007827037818,-0.450995959248657
T02H6.11,-0.620429682112138,0.259079831894217,0.0871745107062806,0.0421677364098419,-0.655352053894767,-0.0824760394558784,-0.396454250430844,0.671322191740062,-0.717077628840621,1.76297095361567,-2.08920078940109,0.163233278487297,1.57504194128196
nspg-12,-0.634418072491558,-0.652089357685206,-0.652089357685206,1.28902875803091,2.11447714142375,0.0990252877440273,-0.639450677438425,-0.652089357685206,-0.540487592493435,1.63021879098124,-0.622883591348021,-0.0871526136676572,-0.652089357685206
kin-20,-0.519441051050522,-0.377445961919121,1.25701188244572,-0.716868850535329,-0.300804246908459,-0.585833568066224,-0.360269620507232,-0.535715333924671,0.289792742740003,-0.982049453322606,2.75037933815924,0.156765649089044,-0.0755215261998326
ogt-1,-0.5854380903717,-0.593096406938046,2.32572156576132,-0.428909474717245,-0.401117414059691,-0.275557587970466,-0.382685984933039,-0.792103271376842,1.60180014873994,1.05537826845479,-0.672169932498126,-0.748131180166356,-0.103690639924539
Y43F8B.14,0.514244544634364,-0.49378020796131,-0.499594724731257,-0.0420946457979261,-0.499594724731257,-0.410702448623599,3.16084518885323,-0.499594724731257,-0.284437999271253,-0.499594724731257,0.0292845870373733,0.0246146047854083,-0.499594724731257
F46F11.1,-0.507446791308584,-0.599927587168792,0.834444038298283,-0.810477540510134,-0.485753685155987,-0.528564347065062,-0.718739321199093,-0.533065949790444,1.56037635818526,-0.644118751342841,0.928648739414577,2.1432350873889,-0.638610249746081
elo-6,-0.320936158602004,-0.465645427621713,3.08826976077735,0.706307595462614,-0.343010451910888,0.140940283971354,0.170449574316861,-0.479309046407153,-0.507091555261011,-0.507091555261011,-0.481845818009879,-0.507091555261011,-0.493945646193513
sup-36,0.0781346478062675,-0.297539023649688,2.13644633402625,-1.45650331114076,0.341951408611273,-1.1584479232019,-0.093065367167072,-0.0369520805537226,1.39435924826748,-0.396358496645639,0.837660398673112,-0.810421411387284,-0.539264423638311
hum-2,-0.155635034596733,-0.904982519147536,0.18810046658837,-0.605005109014829,-0.11990669042309,0.0454894721208627,0.33339857167493,-1.06022017644715,0.0328458281054263,-0.427988499968028,2.5078240758543,1.31114347847285,-1.14506386321938
wnk-1,-0.865244840849557,0.452084959949724,0.940139038109898,-1.13682557994388,-0.485253333881963,-0.589714608179031,-0.946553439117879,1.13683762437152,0.62381457837928,-1.2182415133253,0.312806762630704,-0.241234194839268,2.01738454669575
Y39G8B.1,0.878051457755094,-0.409968668317464,-2.12398524570022,0.333412216598265,0.0683340771487585,0.239178611072101,0.369650673106818,-0.326119711139157,0.351387327730163,1.54517661407812,-1.76260358172725,0.706054667609079,0.131431561785701
lin-66,-0.631155703565257,0.74444172945397,1.15584239564725,-1.12376585142265,-0.767147022540444,-0.771045808951429,-0.833630396456485,1.65802990731295,-0.0592808968476611,-1.40809805087503,0.527866624512669,0.295847658379612,1.21209541535251
F20G2.5,0.652540188416045,-0.922163675486627,-0.968286390344049,1.26420965625903,1.116134944041,1.68770188894275,0.925207105904318,-0.968286390344049,-0.751905093969258,-0.0143512572723089,-0.875026577893407,-0.177488007909387,-0.968286390344049
T28F4.1,-0.158680771772366,0.0625830538594654,2.0324875784178,-0.893184103240313,-0.0257882550862019,-0.490400241748124,-0.327705995592533,0.131709012169363,-0.637598437508585,-1.0037611574502,2.13588104169753,-0.836686324477103,0.0111446007312523
che-10,-0.615978256862794,-0.413985820732111,2.05566519276778,-0.75869888434727,-0.50768225821441,0.0387851100603352,-0.576768149112802,-0.757805525125065,0.639857502453272,1.97923589951903,-0.549797917732446,0.329658908800373,-0.862485801473892
T14G8.3,-0.735201929908613,0.817315860464683,-0.4810336373138,2.36207619587176,-0.652197950136067,-0.25533105026491,-1.16085459224025,0.286981076625302,0.754717629875187,0.505027975763316,-0.608074013536225,-1.28805453749661,0.454628972296225
B0041.11,-0.29320665301112,-0.11712304687669,3.32322810999757,-0.310055323350128,-0.293570347495061,-0.317532977541523,-0.309810930477001,-0.283158608778685,-0.317532977541523,-0.317532977541523,-0.279869161352574,-0.233824693879616,-0.250010412152122
C29F9.6,-0.223688717040935,-0.291048080895549,3.3255275919004,-0.29684076960551,-0.165091988188234,-0.300390939623727,-0.2717395491284,-0.300390939623727,-0.300390939623727,-0.300390939623727,-0.27477284929941,-0.300390939623727,-0.300390939623727
egl-27,-0.646951847376046,0.224470274689632,1.89343468549535,-0.688548087566763,-0.533878045841426,-0.929188018514655,-0.969704219467521,-0.185474214189276,0.897601312654579,-1.25173744282438,1.5985691613987,-0.0549326525311433,0.646339094072946
pals-23,-0.0987820697592944,-0.946378963522665,-0.921896918765513,0.913461113663151,0.787360441595501,1.96938486896631,0.162573647677803,-0.946378963522665,-0.946378963522665,0.96327974871838,-0.791990123571546,0.802125145565863,-0.946378963522665
nstp-2,-0.0428742123615501,0.649902508322502,-1.71937645323715,1.18614985346966,-0.215970208554517,1.01005240865835,-0.0993847333621711,0.497031881230324,-1.02005143866199,0.835431870325419,-1.64416448359713,-0.52101273057292,1.08426573834117
tbc-7,0.473689036789331,-1.14442801940831,0.879440562193858,0.713531982964192,-0.0527171354481753,-0.393444145308091,0.299573849349724,-1.19027287087074,-1.19027287087074,-0.143511880406284,2.0478216031192,0.810385181560242,-1.10979529366421
fat-2,0.70239011946987,-0.707206453238386,-1.10108575096483,1.10922413020247,0.167959558098381,1.11830749263167,0.582545762105509,-0.667017492630995,0.022664356517995,-1.10546532225459,-0.897468384567302,1.83190942615449,-1.0567574415243
F33A8.7,-0.285859540477657,-0.271956080764772,3.32779099035155,-0.290047976374718,-0.290047976374718,-0.251318055923993,-0.256803561121489,-0.290047976374718,-0.290047976374718,-0.290047976374718,-0.27173833735709,-0.290047976374718,-0.249827556458243
C10C5.5,-0.29188981327049,-0.295213195386833,-0.285546399768954,-0.295213195386833,-0.295213195386833,-0.295213195386833,-0.295213195386833,-0.0975725729816133,-0.295213195386833,-0.295213195386833,-0.286597051812293,-0.295213195386833,3.32331140092801
odd-1,-0.466652911881194,0.909114375284769,-0.478017148796815,-0.475000095338084,-0.478017148796815,-0.478017148796815,-0.463780615749835,1.04561815002068,-0.478017148796815,-0.478017148796815,-0.478017148796815,-0.478017148796815,2.79682113924137
F57B1.6,-0.256009417685651,-0.398334746107273,3.2885427742617,-0.309477597153687,-0.259723768113566,-0.29572030590811,-0.2809874372017,-0.389907045412669,-0.413990238544813,-0.31481030474575,0.157745401630094,-0.11333707647376,-0.413990238544813
let-19,-0.803412584335227,-0.083517812775363,0.473983798410806,-0.175063615024873,-0.558385499513267,-0.761105288355347,-0.737742048287948,0.0857249416463285,2.94458312943464,0.252814178745052,-0.0126631520466979,-0.912384915191922,0.287168867293816
inx-20,-0.225112251981945,-0.303529719189201,-0.303529719189201,-0.298527456573054,-0.268997316443786,-0.269336851970188,-0.257846631361575,-0.286061381408778,-0.303529719189201,-0.303529719189201,3.3264344946715,-0.202904008986166,-0.303529719189201
F42A10.6,-0.269153766426549,-0.571191968220675,-0.155521169694253,0.700030215518452,-0.523883616407661,-0.241787685569668,3.10791784883688,-0.519746569787452,-0.578907754673498,0.146237851905406,-0.240941933887491,-0.578907754673498,-0.274143696919991
F08A7.1,-0.384731239649316,-0.543046723439574,-0.543046723439574,0.452944012391885,-0.445987882164631,1.06017652922146,-0.00442848029728438,-0.543046723439574,-0.543046723439574,2.9065591129072,-0.326251711771881,-0.543046723439574,-0.543046723439574
unc-73,-0.669009428202967,0.357759069713213,2.50800317411654,-0.74565272412506,-0.603537214827399,-0.627087752307335,-0.734134565870951,0.39441111291575,1.34232173863287,-0.85011722147262,0.32860696181715,-0.702734781224096,0.00117163083491152
acbp-3,0.692735893764968,-1.2168487563203,-1.47075445161566,0.558262855053993,0.637234528560767,0.825545682066906,1.4882977228074,-0.760287936711733,-0.274166244725621,1.27009659816838,-1.2948776233655,0.100494519758829,-0.555732787442428
klc-2,-0.784787372180456,-0.179670103150146,2.10327862289601,-1.00194670910678,-0.215935871614227,-0.721906818731515,-0.433082993682236,-0.421408169555485,0.542866404148149,-0.621745519658858,2.00886333219749,-0.481312205286525,0.206787403724584
dpy-27,-0.546153384630023,0.36142188584706,1.72894326893969,-0.846009142391881,-0.61869005112416,-0.899105129983933,-0.90940503308166,0.608548139921026,2.05678453772455,-1.02668359066108,-0.210100341473169,-0.0776789596196889,0.378127800533273
F43G6.4,-0.441318830690897,-0.348020259600016,3.03918743866221,-0.45956424428899,-0.45956424428899,-0.442968740143992,-0.443960635587526,-0.36684173697467,-0.45956424428899,0.230802292004684,0.951678670949829,-0.45956424428899,-0.340301221463661
F48A9.2,0.383944782563344,-0.564748727861416,-0.577421831313077,-0.0156241471169014,0.317627817706084,0.124521292066573,0.120890964992085,-0.560882516502664,-0.577421831313077,-0.577421831313077,3.07121475731101,-0.577421831313077,-0.567256897905807
F13E6.1,-0.227422833562738,-0.277856886803993,1.52484199506521,-1.37934604023671,0.0568078565415647,-1.13375692908085,-0.363692422512737,-0.170785217852569,1.29437109819353,-1.61674297565377,0.988872019854927,0.458696538403527,0.846013797644605
F33H12.7,0.034251116536039,-0.760089042491769,-0.774344196617168,-0.536034479124403,0.807352200146222,0.0078565433287773,1.9814429333708,-0.774344196617168,-0.774344196617168,-0.774344196617168,0.52540391050459,1.81153780081558,-0.774344196617168
F11D5.1,-0.0688132402043345,-0.0901520095591847,0.782586941801996,-0.419807783090394,-0.840667134838814,-0.505180150501069,0.236386706687923,-0.292537970459735,-1.03667345355737,-0.68703481528214,2.85957341764277,-0.398526433114125,0.460845924474472
mab-31,-0.297812450376391,-0.560092445060914,-0.309557769255332,-0.438716470105274,-0.178022160580084,-0.446244574785549,-0.160988900841226,-0.738636680051523,2.92464425362042,-0.254083982371998,0.724762618126369,0.682363749028047,-0.947615187346544
odd-2,-0.960391575558192,-0.0851766527055307,-0.982063619536248,-1.06187560289644,-0.385633094375633,0.387313216388794,-0.220372062789966,-0.0894774095956845,0.494853539658299,0.223580814056117,2.88210352894125,-0.0779328838806654,-0.124928197706101
W05H12.1,-0.259421636784684,-0.228635702217861,3.32298176732341,-0.293696152619179,-0.217683978171093,-0.228704287986352,-0.296824335014,-0.331032399984156,-0.331032399984156,-0.331032399984156,-0.154631381815953,-0.331032399984156,-0.31925469277766
sec-61.B,0.499596668771138,-2.05907571131214,-1.23002462588333,0.631889639149047,1.01627624309271,-0.111663722975219,-0.818094773002069,-0.745883668131654,0.706394521965618,1.18497841379659,1.17009478975665,-0.00981262187473851,-0.234675153352596
W01C8.5,-0.674041925974023,0.561860893108053,1.73925452616568,-0.768534456539947,-0.608344922599222,-0.748817202578425,-0.691847328803357,1.4800970591827,0.000120115079922963,-0.781530030439937,-0.358817040900477,-0.781530030439937,1.63213034473897
Y53G8B.1,-0.523847188628249,0.217397050984166,-0.421607703089395,-0.528705803417192,-0.500066098353053,-0.506315729129255,-0.45697902328407,0.649106557171436,0.998575535654238,-0.610320974637563,-0.543604931366131,-0.610320974637563,2.83668928273263
vab-23,-0.391041214979394,-0.391041214979394,1.3252184195261,-0.391041214979394,-0.391041214979394,-0.380191050697536,-0.382941491543436,-0.375961308736231,-0.391041214979394,-0.391041214979394,2.93188032235502,-0.391041214979394,-0.380716386048158
sgk-1,0.0154528621423103,1.0208667909092,-1.73514447585802,-1.07823203410274,1.36359295316924,-0.897519710544543,-0.163719047139555,0.344061058770073,1.71073855505646,0.648566749471807,-0.256540431146609,-0.275607163253689,-0.696516107473948
C05E11.3,-0.508678130154759,1.45121357125449,0.886602267229812,-0.886784234793806,-0.456802419474847,-0.940302000112927,-0.879834652476124,1.57846586791578,-0.0459674869561026,-0.940302000112927,0.332374844739283,-0.940302000112927,1.35031637305506
ttr-20,-0.515130134370711,-0.258675040113772,0.0530341272100046,-0.523918583758646,-0.523918583758646,-0.523918583758646,-0.523918583758646,0.265380239415773,-0.108961453983392,-0.523918583758646,0.616687901081915,-0.523918583758646,3.09117586331206
acs-9,-0.381202812163263,-0.381202812163263,-0.381202812163263,-0.372904472723126,-0.180676577562944,0.527301271899943,-0.381202812163263,-0.365911998247758,-0.381202812163263,-0.381202812163263,3.2207908178895,-0.160179356112773,-0.381202812163263
cTel55X.1,-0.886121417946204,1.32874701782363,-1.422874495056,0.64066668153964,-0.0783175961723331,1.20345540257136,-0.846769411419353,0.852560678691843,0.610875893037836,-0.49662554847112,-1.65142503223782,-0.12243311984494,0.868260947483456
C06B3.6,1.05130108132868,-0.384227383700462,-0.618399846846671,-0.585643987035237,1.52741579988926,-0.533940804413919,1.67226957887223,-0.651814551062823,-0.908976284746372,-1.15629119525512,0.426371439459274,1.03599348593684,-0.874057332425678
rnp-4,-0.718939195201996,0.572147820079323,0.529117528684392,-1.10611187943738,-0.703507867610877,-1.10816499406538,-0.927672084545214,1.63225472102911,0.911985223534799,-0.406969981905172,-0.135801250263802,-0.346324783269411,1.80798674297161
sqrd-1,-0.528487106112144,0.147807509291565,-1.05679042889179,-0.788913843972518,-0.419896598394777,-0.699208130991368,-0.74767962689252,1.23363637150307,1.16677921828928,2.21945257776352,-0.889556024342325,-0.00443332052837138,0.367289403278384
inx-13,-0.415546872738728,-0.412659438955166,0.597304893311957,-0.441985036000296,-0.446738116383497,-0.371794077502088,-0.446738116383497,-0.401420006755277,-0.268439264966072,0.260751064449559,3.15249833983202,-0.446738116383497,-0.358495251525419
frm-10,0.285956425876351,-0.291637557883733,1.85703535689899,-0.721787151521745,0.036485041965343,-0.597888469731063,0.219437598399998,-0.268488584897744,1.04046772595142,-1.43532760808977,1.51795524532819,-1.36388782435675,-0.278320197939487
cutl-13,-0.331217958112283,-0.122495073517794,3.31496785181899,-0.331217958112283,-0.314370858300423,-0.326599358990497,-0.315650433869039,-0.0948395930447568,-0.331217958112283,-0.331217958112283,-0.331217958112283,-0.331217958112283,-0.153704785422784
lyst-1,-0.154829655928778,1.39829259449722,-1.06872050970169,-0.630157824650243,0.0196346880722857,-0.557266697332952,-0.71808995264944,0.966878783534583,1.58244151199708,-1.06872050970169,-0.865308076308928,-0.380684238920806,1.47652988709336
mec-8,-0.598211754438427,-0.404814836257255,2.7730905025573,-0.723763483896899,-0.284228591380949,-0.400939147355441,-0.4630129727829,-0.300699765485622,0.742274058881146,-0.75838435181073,1.10919260978768,-0.593486037916287,-0.0970162299016155
ogdh-1,-0.180554456381162,-1.01596172172206,0.957239354510724,2.00845243712392,-0.361502770306181,1.05681374770637,0.880773662720959,-1.02622934528757,-0.949007933141304,-0.471224642462418,-0.481995308770018,0.647967115115816,-1.06477013910707
B0272.3,-0.170596510146489,-0.437996305001628,-1.11009198078462,-0.59977717042346,0.129930845260201,-0.24689291407869,0.235361008258786,-0.163508740566834,0.879625485728926,2.56128904204985,0.31602842582421,-1.59737782972927,0.204006643609025
his-68,-0.468737376344318,0.233005020978161,0.128966789992147,-0.470232560646415,-0.463547771954235,-0.504757814337838,-0.485942354669988,1.12631713137598,-0.477621922684508,-0.514599233517953,-0.504072814641172,-0.514599233517953,2.9158221399681
fbxa-59,1.0084933762565,-0.962624430191086,-0.971335295866033,-0.0876726945451977,0.982435009785655,0.672138021696115,1.58543827253905,-1.10493018357719,-0.663127953050189,-0.532653745886972,-0.243499164883615,1.40778523542476,-1.09044644770181
asd-2,-0.387070231623051,-0.241852261940531,3.25825756989405,-0.387070231623051,-0.381337296063642,-0.387070231623051,-0.352954303969934,-0.153669853766106,-0.387070231623051,-0.387070231623051,0.359894359672523,-0.284164269219114,-0.26882278649199
cth-2,-0.395205353476945,-0.360170764221612,2.38296352282619,-0.569515649262289,-0.607299417255082,-0.405687000732266,-0.320576660945109,-0.259385822029622,2.08667535073105,-0.203999405737812,-0.49467653679978,-0.467415430516329,-0.385706832580395
F53C11.1,-0.495462685149803,-0.594744029171354,-0.600645178307585,0.208807222311593,-0.372178380048613,2.96834311444618,0.781363917574255,-0.600645178307585,-0.600645178307585,0.427069514903012,-0.125995493943435,-0.394622467691489,-0.600645178307585
cyp-33A1,1.76750047653739,-0.407173515830409,-0.773417314581976,-0.558273794449004,0.634384128545263,-1.05292937264815,-0.564843819669179,-0.241272503775574,2.10352358269374,-0.5191883801624,-0.778616360164013,-0.322128967858225,0.712435841362531
dod-3,1.2609129352361,-0.531844919317563,-0.880561051858225,0.549418058667492,0.55794985501402,-0.10631102572385,-0.17846208030073,-0.824945061851594,-0.377000203801095,2.51364138977589,-0.85492504775226,-0.25772503450287,-0.870147813585314
ttr-16,-0.432169816301365,-0.165696738686757,3.00469769214304,-0.42541933152828,-0.315110264332749,-0.432169816301365,-0.432169816301365,-0.406004934883201,-0.432169816301365,-0.432169816301365,1.1478070236826,-0.247254548586457,-0.432169816301365
cuc-1,1.7003955490174,-1.16568644691015,-0.748199709767082,0.444451123226784,1.20004727715509,0.209627756478841,-0.147992249137729,-0.811740852732891,0.246617765349044,-1.29960542581586,-0.573746541083196,1.54560636466878,-0.599774610449034
unc-82,-0.268403359360522,-0.265029556562219,3.32232158679817,-0.321627869222927,-0.321627869222927,-0.312208462621483,-0.286248117998676,-0.275834838132697,-0.321627869222927,-0.321627869222927,-0.163731862780888,-0.321627869222927,-0.142726043227051
C44B7.11,0.426558110859689,-0.346125454889186,-1.45364024291709,1.676389241716,1.19274817882561,0.873161008491919,0.0602178791683568,-0.777596615171977,1.18380771997434,-1.06191778393307,-1.03138724814355,-0.609101403940305,-0.13311339004073
ipla-1,-0.833408402430855,0.501113065730353,-0.305763283772917,-0.715766481132206,-0.556474405431757,-0.611100961067249,-0.56527772025508,0.684140483048891,1.15204794231181,-1.15023090843361,2.38594132512092,-0.555965105494147,0.57074445180584
lin-10,-0.742051076294031,0.739266434480564,1.29678151504943,-0.786063973720721,-0.664687765268015,-0.803708981995899,-0.735752314894662,1.2826271351911,0.281862807525464,-0.843970708328478,-0.131672247824007,-0.843970708328478,1.95133988440774
crh-2,1.88238737696247,-0.260362302240696,-1.38186696087285,-0.307763439552547,0.108817242404247,-1.21773374370626,1.50720625927183,-0.437950349775567,1.04422559989076,-0.00295735832901373,-0.885412811359195,0.50049784857402,-0.549087361267182
ubr-5,-0.563402733818545,0.328036232443024,0.840359210220673,-0.739098178377487,-0.660587994899644,-0.9505970702413,-0.983360990600157,-0.0443323289539124,2.81689355240349,-0.144811776326147,0.0778097074767543,-0.148678145775865,0.171770516449115
top-2,-0.466934200915335,1.03289151487493,-0.2913434570543,-0.607959104904854,-0.584334746732174,-0.648983144627639,-0.663978400874621,1.13721455043967,2.45961346525682,-0.663978400874621,-0.663978400874621,-0.663978400874621,0.625748727161358
flh-1,-0.538231981187638,0.0539347585424658,0.58297638977893,-0.537333721360666,-0.550693586866526,-0.557101465302662,-0.440916834730645,2.00697362383775,-0.562614341347088,-0.562614341347088,-0.562614341347088,-0.562614341347088,2.23085018267735
unc-1,-0.313194086218615,-0.295831162707129,3.30849498720546,-0.313194086218615,-0.313194086218615,-0.313194086218615,-0.313194086218615,-0.313194086218615,-0.313194086218615,-0.313194086218615,0.0829416024319387,-0.313194086218615,-0.276858650962735
cutl-16,-0.301136503427102,-0.352185834388396,0.0695825128877275,-0.360371548317924,-0.360371548317924,-0.360371548317924,-0.360371548317924,-0.360371548317924,-0.360371548317924,-0.360371548317924,3.27161034625988,-0.360371548317924,0.195101865211283
unc-69,-0.417124126788485,-0.442736596409073,2.50421863459201,-0.824639302457057,-0.118372509820685,-1.03956879115035,-0.637140874113007,0.0130025644640365,-0.91099062142833,1.43719519127702,0.48972174488608,0.116956688013848,-0.170522001066011
Y113G7B.11,-0.415684644459894,-0.420026476390526,0.122731509201055,-0.43503229779424,-0.43503229779424,-0.43503229779424,-0.43503229779424,0.12180594685053,-0.173955209250182,-0.43503229779424,0.145146537029477,-0.43503229779424,3.23017612378498
egl-19,-0.267866917928772,-0.210054536722186,3.32400847366062,-0.306011024924827,-0.249715723153695,-0.311684390288146,-0.272982933878878,-0.311684390288146,-0.311684390288146,-0.311684390288146,-0.147270995323389,-0.311684390288146,-0.311684390288146
sid-2,0.156259228712298,-1.05659463265603,-1.06340869947966,1.81066004549304,0.570804768665318,1.46465360101145,1.11485667794963,-1.0384869786194,-0.667829100457694,-0.128871815777885,-0.392800083693596,0.225587941265486,-0.994830952412971
F16H6.10,-0.214787509882326,-0.783167227060784,-0.671124546577652,0.740842457037281,-0.184341743440639,1.62800421499011,0.60366891366475,-0.821186273244437,-0.852035232779818,2.19782708409657,-0.434906644743645,-0.33796243006563,-0.870831061993775
C04C11.1,-0.282009492593559,-0.282009492593559,-0.250575456978387,-0.282009492593559,-0.282009492593559,-0.282009492593559,-0.257345775834564,-0.282009492593559,-0.282009492593559,-0.282009492593559,3.32801615874854,-0.282009492593559,-0.282009492593559
pac-1,-0.622978017746038,-0.533922749045732,2.43725258221867,-0.490422196500001,-0.558098343291145,-0.528536129985981,-0.552005512496294,-0.598716147428455,-0.0387562585573897,0.50607652849575,1.80299743539689,-0.261236930465981,-0.561654260594292
ucr-2.1,-0.646117963828765,-0.863156376589796,-0.559930735238097,-0.232536962682922,-0.728014841661849,-0.154654559265248,0.376941061852302,-0.529776386116124,0.68939562391413,0.272219252707372,-0.0352105666769031,2.942737469376,-0.531895015790094
ugt-25,0.732846280530925,0.562350625651745,-0.619735359734641,-0.872974992418384,1.01678686954347,-0.898114886473687,-0.545918748399128,1.20221771116154,-0.691025741049875,-0.964644312418914,-0.964644312418914,0.0235571247046873,2.01929974132117
xbx-6,-0.606862613528539,0.0907321131231063,2.61107157403987,-0.53617515934821,-0.650854266139716,-0.653425461110878,-0.577881438816579,0.316235223220954,-0.60947269361241,-0.338565303409002,1.44731518367826,-0.761754606030386,0.269637447933527
tln-1,-0.395491551897898,0.32318920944523,2.02091743030851,-0.883486896342766,-0.442874064176446,-0.800383256537598,-0.704005652193362,0.252121855710685,-0.0686189706539521,-0.990132743638789,2.07403357995758,-0.435158537476994,0.0498895974958027
rsp-4,-0.294737007081801,0.456691421512048,0.896264523498704,-0.72976916730787,-0.382315710722967,-0.766302784581661,-0.576729527481633,1.25975268394363,-0.240090902544631,-1.08943535541945,-0.441960666526491,-0.53807271327297,2.44670520598509
pqn-70,-0.924994999225252,0.134357640622018,1.83340455146112,-0.983574300564577,-0.519898534730742,-1.0247980527686,-1.11581499770935,0.0578667750983578,1.42328640831447,-0.342571483251475,0.76246324909695,-0.443274474238998,1.14354821789607
F55A11.1,-0.413025863148089,-0.51612372968911,2.2965809994962,-0.383843596530175,-0.488105154371597,-0.507627286664143,-0.591495868164631,-0.310347164908887,0.0112624561916181,-0.193073481915817,2.13438524053753,-0.702262303283084,-0.336324247549823
tasp-1,-0.421900070321985,0.210233284926621,3.13470535377356,-0.505737038555367,-0.386059556518371,-0.415900358875332,-0.256806768761413,0.130913962880534,-0.870588005573589,-0.41894918978673,0.261323283051944,-0.532652914155011,0.0714180179151396
rme-1,-0.396408843242077,-0.152218995872667,0.36518805783258,-0.916557494736201,0.277566360718515,-0.359596294669854,0.836555696287389,0.139069993416255,1.12502091489698,-1.52315871026923,2.17379632572369,-1.21958379501301,-0.349673215072376
alx-1,0.362291235872399,-0.932060673030572,-0.540399296972174,-0.594972533555345,1.09319853167844,-0.439032959025163,0.630208362793823,-0.702614275286226,0.290305852279282,-1.44713711498474,1.27777311035131,1.87265921548027,-0.870219455601303
H43E16.1,-0.469670112634863,-0.600294681664952,-0.600294681664952,-0.527977302659818,0.945656069966126,2.64936112832814,-0.409283822835525,-0.600294681664952,-0.600294681664952,1.17004233427614,-0.482784313984704,0.126129427869264,-0.600294681664952
sur-7,-0.49623832774155,-0.477743440750466,-0.739212715315475,-0.153144200337169,-0.477196052421412,-0.207131025692626,-0.297845496932988,-0.430110806162734,0.304346176975655,-0.485917019349425,3.09566090566891,0.647558051340111,-0.283026049280833
cey-4,-0.598974222136708,0.544845991659463,-0.458250583635482,-0.626063022545369,-0.0879255150701673,-0.563031871867655,-0.761105658702837,1.1868035490291,1.75669502963363,-1.01464321884845,-0.957430487000043,-0.247524526529095,1.82660453601362
ech-8,-0.123066763597423,0.092666329298139,-1.3920333501506,-0.253953649056814,-0.706630238673948,0.158537680736595,1.09792863866332,0.808618545286991,-1.00288861966542,1.71601120496928,-0.746113674930325,-1.05366518802358,1.40458908514379
F14F9.4,-0.370627306029508,-1.18273256578019,0.691410036748964,-0.0268127298631584,0.218781661741065,1.04735881675255,2.09763623139047,-1.05880405481816,-1.30478059862044,-0.351419907090323,0.1239447550016,0.915635406738464,-0.799589746171338
C08B6.3,0.516290942747014,-0.773645820014054,-0.779821940681137,0.153663929455252,-0.256428885572414,0.178863546797338,0.178980899421134,-0.779821940681137,-0.779821940681137,-0.294247797100371,2.85432775275161,0.561483194239043,-0.779821940681137
unc-68,-0.388565803664772,-0.22644601866446,3.27974112853945,-0.388565803664772,-0.380863522234642,-0.388565803664772,-0.380401310263851,-0.18920588570592,0.10278663239524,-0.388565803664772,-0.313668376445266,-0.388565803664772,0.0508863707033027
cdd-1,2.16712439985474,0.407917427001616,-1.75606487223297,-0.248073223621299,0.263372561863436,-0.140937488645734,0.288480493831728,-0.182928648702213,0.391580721727814,1.13947289243336,-1.35535077929056,-0.592967887091982,-0.381625597127936
sft-4,-0.32804756304927,-0.720530651465735,-0.0256534578548454,0.410030101537727,-0.215484365979685,0.486430469115674,-0.36248086146222,-0.611362161444341,-1.21278432716737,0.704285004965866,2.8223525650439,-0.340103339499644,-0.606651412740065
crml-1,-0.301306358676867,-0.297149095700983,0.334814973008405,-0.642012226108734,-0.10913097656566,-0.4065461647979,-0.517541946137473,-0.307388008168082,-0.512975944919492,-0.746811015878083,3.06789500311455,0.681823367922347,-0.243671607092029
unc-40,-0.31502832546833,0.373143328237586,3.13808747203755,-0.369877604416624,-0.256298507936845,-0.595773283719922,-0.510589045322289,0.0849138274255704,0.0612656248251077,-0.731809051627646,-0.112094354691575,-0.731809051627646,-0.0341310277149398
kgb-1,0.180323032496884,-1.51429108146329,-1.18695999830775,-0.0560966001637083,0.82517788823298,1.13999407212146,1.3131898292196,-1.30865527267915,0.0903306710348556,0.7538030803421,1.05716567632004,-0.250971522462197,-1.04300977469183
rab-19,-0.556373330542445,-0.279993988582988,2.63020186966067,-0.583169879448837,-0.544828073529052,-0.700558413669353,-0.580591516003398,-0.0290990857873921,0.27587278348467,-0.139753228286544,1.51849974860624,-0.90304369843881,-0.10716318746277
cutl-8,-0.28979471577898,-0.28160311305398,3.32184927964272,-0.299199368471742,-0.299199368471742,-0.299199368471742,-0.299199368471742,-0.299199368471742,-0.299199368471742,-0.299199368471742,-0.0730700669011728,-0.299199368471742,-0.283786436134643
duxl-1,-0.677227454906162,0.923399014738434,1.18382736648871,-0.787293273927111,-0.647088017348038,-0.81213373295662,-0.808883502309544,1.52699400574756,0.20066809118437,-0.847636311123048,-0.552927459658218,-0.511852186230578,1.81015346030025
imb-3,-0.323239091816307,0.422406359753081,-0.497617885199666,-0.0906193075029366,0.0278798866056784,-0.267477287568404,-0.63381668195996,0.238473052895068,3.01240051973242,-1.22433883087645,0.0792974828109298,-0.56429514421478,-0.179053072658672
lmd-3,-0.3790347168633,-0.136638921257607,2.89143102901515,-0.728186429920931,-0.208252897549193,-0.56945813623339,-1.01030562412639,0.0430152197604985,0.335365920611978,-0.676777319819005,0.294284102983067,0.739086417131659,-0.59452864373254
F54D8.6,-0.367025613221137,-0.331029633847224,-0.341348854849888,-0.402616621438782,-0.439793173220035,-0.435188170169021,-0.340663305929618,-0.0737893788234507,3.27442981592107,0.114576530668191,-0.280533830938953,-0.398271162731015,0.0212533985798576
dhs-2,-0.785409466772933,0.607414502067554,-1.41162462868834,-0.262947665843978,-0.334081794278876,0.0478050213231811,-0.508557128678595,1.53769838820979,0.138224753707485,-0.796577447606731,-1.07549949388912,0.996296521283696,1.84725843916687
nfx-1,-0.634292697378829,-0.942964331099558,1.7803586979023,-0.613144641531528,-0.752357134865393,0.485969492116821,1.28371883747391,-0.389646997370061,-0.484204492813333,-1.42364644286779,0.686368151753822,1.31577819788308,-0.311936639203428
K04C2.2,-0.268247964604028,0.837145931731487,0.108916608777426,-0.687331384940051,-0.46822029179465,-0.70266893890123,-0.874665844836013,1.23310939116892,2.16723481181247,-0.969348872143746,-0.67024104734885,-0.751532196372989,1.04584979745125
T02G5.7,-0.429488706084512,0.92967709842583,-1.08237159839916,-0.51890047835487,-0.261688218908132,-0.1016037344034,-0.467277313193516,1.3091989459722,1.24892273282161,-0.461553148195887,-0.954011253562627,-1.10628313053444,1.8953788044169
F33H2.3,-0.538216823005601,1.75796341374287,-0.159562918434822,-0.605055208140442,-0.489305824255744,-0.801382285896281,-0.745839069884134,1.39627494392728,0.85021675718552,-0.522017119957931,-0.761601890601135,-0.930524608878147,1.54905063419857
adah-1,-0.8585057595368,-0.00804921414658726,2.09683604865646,-0.792528850509736,-0.689850750524504,-0.782128526477541,-0.784454825747961,0.365535177694055,-0.00246956395357207,2.05185787522832,0.00536195291270539,-0.372760916628869,-0.228842646965965
Y58A7A.3,0.121252928227559,-0.903256343017219,0.0661919774419637,-0.437522958613252,0.952872855427174,1.12611127742299,1.93422783501367,-0.924781545871655,-1.10932037462338,-1.10932037462338,0.0644569897751524,1.0346732273548,-0.815585493914428
lsm-5,-0.667472920764816,0.97610259028207,0.570022805197108,-0.68998358976877,-0.475128636893787,-0.742069348675534,-0.473350081945347,1.72568660693742,-0.192489898588586,-0.998372417321813,-0.647133258398915,-0.431221027266348,2.04540917720732
pld-1,-0.466805423418768,-0.672903575694558,1.12778778642807,-0.303246411396652,-0.483237106186188,-0.0042545877340919,-0.0597005294871769,-0.402259979764172,-0.731727021588109,-0.84002505172323,2.68822979835601,0.811599809442937,-0.663457707234072
mig-2,-0.516425161625158,0.484963274031919,1.80091019053764,-0.873493320488018,-0.410707834393808,-0.772839292418279,-0.652423037315279,0.647926681502784,-0.945624210423156,-0.695990333488967,1.86618627425768,-0.679292496730495,0.746809266553146
did-2,0.132515370245788,-1.31093869375283,-0.246911626247757,-0.927557061009149,-0.0612691681348241,0.0554895419416766,2.56316887439375,-0.504981174042967,1.11743748793386,0.206622221039912,0.0565371783553824,-1.10264005709617,0.0225271063733247
ddx-17,0.110086207505521,0.83422093364377,1.73487580792635,-1.16345066997744,-0.284163172235051,-1.45394763950697,-0.518710266098898,0.646975861095889,0.984050432705315,-0.259003872709445,-1.59129688496511,0.573405941795701,0.386957320820375
acox-3,0.278749410885017,-0.499128853637496,-2.27050498641005,0.0423003217332343,0.699630852995619,1.40130481050234,-0.24427122716805,0.113710174741163,-0.830679409111077,1.35019226462195,-0.839358638900221,0.8757002385067,-0.0776449587591217
Y54E10BR.4,-0.417030270629368,1.69089133538902,0.220597955289313,-0.85581647585732,-0.632930025858462,-1.3987882686169,-0.526122250570765,1.6612440822046,0.848146289803284,-1.0664737763194,-0.389713628564945,-0.0189828642369224,0.884977897967861
aman-2,0.857222573763085,0.0951529871226742,-0.573386807672717,2.16163627370477,1.00532835009272,0.968278873709426,-0.3919455041673,-0.527717631007687,-0.385907428792711,-1.58962269219232,-1.00308548312807,-0.344105790180883,-0.271847721250999
R02D5.3,-0.0931351546473955,-0.937334506386228,-0.941238526454404,0.278996634816691,-0.118052249836285,1.19091451674838,0.573333242863504,-0.941238526454404,-0.32819427231101,-0.835905253180269,2.26282700664844,0.830265614647384,-0.941238526454404
T22C1.6,-0.417173530270743,0.0234861929648694,3.25378809384193,-0.401974667147019,-0.391040138940001,-0.480678316424315,-0.337602855753167,-0.041548699879292,-0.0785723891048296,-0.527652267302496,-0.111950237813346,-0.527652267302496,0.0385710831309059
ape-1,-0.32746942452629,0.329991713184375,2.11232817662453,-0.865669695706175,-0.286785500794668,-0.967351209225132,-1.1571876845445,0.233564200906239,-1.12713574808903,-0.495096888740441,1.03488697491851,1.21912608820278,0.296798997789802
pfd-5,0.325433511480661,1.03473786275899,0.547982619199798,-1.03777241640613,-0.649867593630358,-1.058506439808,-0.545324444440125,1.82986582281069,0.353112656642318,-0.0647929622688667,-0.880909358474992,-1.21966108059518,1.3657018227312
exc-9,-0.375001346356178,-0.140283711500692,3.29194283241884,-0.379351681269683,-0.368276143372047,-0.370203210958757,-0.371092503258986,-0.128711439846803,-0.379351681269683,-0.379351681269683,-0.0115391152765627,-0.379351681269683,-0.00942863677008363
lin-25,-0.169940855289661,-0.00901720826312882,3.1958661186457,-0.449853013688424,-0.364172677801862,-0.558041373068415,-0.446127055880705,0.217771697901107,-0.748267279539298,-0.107158604005994,-0.134268197279121,-0.516821785430158,0.0900302336999655
C42C1.19,1.56448481221764,-0.641295724599175,-0.727846344789634,-0.162645100336847,-0.171254122396093,-0.0447597858571998,2.64204330618477,-0.846381496160794,-0.119502332661438,-0.203650228496285,-0.317320817750447,-0.148213580727941,-0.823658584626557
cdc-25.2,-0.528603815200399,0.763195417260258,0.552950578517075,-0.669091571958369,-0.530288051272701,-0.669091571958369,-0.63362383721193,-0.342734282034452,2.11581967504169,-0.669091571958369,-0.573852001371213,-0.669091571958369,1.85350260410514
fbxa-85,-0.446771994498906,-0.581466941685499,-0.59932895505864,-0.217788085644081,-0.506564979293495,0.29615924414388,-0.177552655247715,-0.59932895505864,-0.59932895505864,3.00074162234692,0.697979537288779,0.332580072824686,-0.59932895505864
rop-1,-0.419595065540526,-0.397355715467227,-0.398939082067912,-0.571871218627346,-0.384985430323651,0.652957859539634,2.75818851649397,-0.571295965967211,-0.34167224213684,-1.27805955450012,0.338099503901702,0.863141260618218,-0.248612865922691
C31H2.4,-0.396740553450928,0.21031895907225,-0.428688764975557,-0.387717021901505,-0.408603059193069,-0.380045178199819,-0.281886284015877,0.509126961700776,-0.268172399234635,-0.454837693313775,-0.441280828431555,-0.454837693313775,3.18336355525747
cox-4,-0.641160256850047,-1.00970161389697,0.538667352896383,0.480226542740757,-1.45011721519704,0.455599842187496,0.0593737082846452,0.915559626052712,0.885614750881756,1.90447093378743,-0.895414474456424,-1.29635124474097,0.0532320483102638
F36G3.1,-0.468139454163934,-0.612088912405872,-0.510411884837689,-0.407320237842686,-0.387100383924718,0.57295946026213,-0.246865301880954,-0.568495267352231,-0.288854939760249,0.27931457010207,3.11387982809616,0.0318356566782339,-0.508713132970259
shn-1,-0.388804836181258,-0.0125299351212834,1.55035685703054,-0.546251609300715,-0.334463318467873,-0.475353321717203,-0.472660623624881,-0.330522416951695,-0.136296267163044,-0.552735334279267,2.75554467733994,-0.552735334279267,-0.503548537283993
unc-84,-0.566701686611921,2.16571293396422,-0.287486490196013,-0.581733620604089,-0.791330181486045,-0.730849226019538,-0.698221423174209,1.2494342353054,0.195202443511656,-0.79946248711202,0.179282581143651,-0.768573375699259,1.43472629697816
C18A3.3,-0.20169580868019,1.26903449091958,-0.108802508518784,-0.531632421665764,-0.406119545480069,-0.915862216541009,-0.559616599826673,1.53402353032063,1.34317508941837,-1.17065449085752,-0.834735704490892,-0.790927112447385,1.3738132978497
nadk-1,0.195902899660127,1.22756599769702,-1.10248053052622,-0.961903013853637,0.225640695908269,-0.958543830749875,-0.152340455121354,1.08047489253173,0.411692129545338,-1.04194118052055,-0.939827561069903,0.0119940256116617,2.0037659308874
F12F6.1,-0.177704197485614,0.0515476571488773,2.45836150323077,-0.755492487552634,-0.210601277928335,-0.68773786384611,-0.697059621515957,-0.0978978416045074,1.78594416271144,-0.645862662797265,-0.775950204480582,-0.346448071747954,0.098900905867862
hlb-1,-0.756160021231226,0.348979604222273,0.98980848055458,-1.01689043442925,-0.239104193753158,-0.780945843710975,-1.07308437595495,-0.168495242074459,0.818579133710896,-0.246659525501175,2.56886656122841,-0.313953342318455,-0.130940800742516
F59B10.3,-0.457813805057234,-0.444130747185734,1.95734715037687,-0.462095587395727,-0.462095587395727,0.122308389509654,-0.453528146528186,-0.418398368221328,-0.462095587395727,-0.462095587395727,2.46678905148032,-0.462095587395727,-0.462095587395727
tax-6,-0.456356575311214,-1.21841419245137,1.14066040175787,0.820859767969313,-0.392238092047366,0.446242012581977,0.408278572680647,-1.37473890129531,0.665781010870685,-0.355987382539809,1.11820828233707,0.973713965488669,-1.77600887004116
F21D5.7,-0.265248916053496,-0.479079326294332,-0.223049128080051,-0.427172064959237,-0.478166677700238,0.101223725487574,0.0204209056501239,-0.49609558146867,3.13005567349637,-0.891961745163409,0.117778857122871,0.375680318641537,-0.484386040679039
nhr-178,-0.483363043755559,0.218895783072177,-0.630703650769854,-0.584418432774369,-0.472124285240644,-0.588615817580912,-0.304066734839657,2.31947808224532,0.329396197238104,-0.574375815296806,-0.636162386525501,-0.543102606838992,1.94916271106669
magi-1,-0.477446484307287,0.66618881291342,1.55521121758172,-0.960053537298291,-0.40318875734057,-0.901655965932136,-0.782967525057851,-0.615700423367403,1.32947971907982,-0.55401395196991,1.28516864439206,0.998164237432068,-1.13918598612564
tns-1,0.451556755152841,-0.87581763580871,2.01571480429238,0.0962715898422904,-0.334149128507189,-0.683741056916391,-0.00964591322359814,-1.01355861187525,0.530996347421254,-0.794720772366513,1.85419821216943,-0.277003705908866,-0.960100884271683
ugt-9,1.40984820565349,-0.8017854590171,-1.10285161174036,1.49924710047547,0.00273345904593337,-0.780051444555842,-0.45896191716721,0.511013992155326,-0.259792906144773,-1.0199750347831,-0.95602523384654,0.311514708632394,1.64508614129231
F47B8.2,-0.341355871329016,-0.359064632640407,0.357132427476077,-0.382890756988589,-0.252773484142828,-0.294010464443174,-0.366568673495714,-0.346973238473767,-0.382890756988589,-0.382890756988589,3.26048286479024,-0.14872007656082,-0.359476580214826
mep-1,-0.473123945642928,0.576290796191937,2.24770653999727,-0.906846235756522,-0.357141717034222,-0.760321195417377,-0.543172387075162,0.33511275803586,1.3737639617444,-0.887157540395129,-0.0477999025954679,-1.17994739789723,0.622636265844564
ttn-1,-0.571193267640094,0.0060790198918125,1.6943656928825,-0.575033774985846,-0.490699992732569,-0.565191854274453,-0.575033774985846,-0.561731944079009,2.3709139453025,-0.575033774985846,0.878115296244941,-0.575033774985846,-0.460521795652249
K04A8.1,1.54579129196472,0.100688347250193,-0.981591606679973,0.114143978867883,1.51863664592904,0.278653388327434,-0.34038877452465,-1.09706264960675,-0.0310890170131746,-0.91762274901412,-0.505767998943387,1.53110723120209,-1.21549808775932
zfp-1,-0.571274954326652,0.118230483383296,2.27140597970178,-0.764670660902424,-0.333400322825766,-0.961477422710059,-0.750850167670473,0.787303879842631,-0.165057799238103,0.956320266061909,0.474255650394454,-1.52213307356663,0.461348141856041
ZK287.1,-0.315562550035259,-0.305326508121803,3.29480989274137,-0.320034394081787,-0.320034394081787,-0.320034394081787,-0.320034394081787,-0.320034394081787,-0.320034394081787,-0.320034394081787,0.19376645796251,-0.320034394081787,-0.307412139892518
imp-2,0.103589319739492,-0.382992514026014,1.09554110470339,0.194321677411815,0.329168259213701,-0.2115633173422,-0.54462777652172,-0.350770800072828,-0.139109032129398,-1.01778264198574,2.67194394824697,-1.26760244291947,-0.480115784317989
dhs-22,0.294128679893548,-0.668612895454384,-0.87774232859325,0.153315590097672,0.590493412853923,1.50841897979956,2.2106601308039,-0.894301397117477,-1.31272671707187,0.222240029706547,-0.198307931650696,-0.409401804554308,-0.61816374871317
ZK643.5,-0.484988123025977,-0.0347527159029641,2.90993678365225,-0.488118965187017,-0.428307407299756,-0.539551351956757,-0.17650319062008,-0.151208133453842,-0.928104074757808,-0.928104074757808,0.575976435662902,0.688679563895436,-0.01495474624858
F10G8.8,-0.710733857904721,-0.0285313786647583,0.138770852772095,-0.336870455378554,-0.646865266146287,-0.666374576800917,-0.651173402783269,0.273413631988246,0.213182247020917,-0.8008985606669,2.91881992345422,-0.463519805787619,0.760780648897548
abcf-2,-0.0218331244399841,-1.14038706133829,1.84353825699571,0.320274109740585,-0.183255293807592,0.0755687195208215,1.65921796443363,-0.997630500204826,-0.397178250908369,0.439305956786131,-1.23719832313454,0.675334126196346,-1.03575657983961
plin-1,-0.207863450885575,-0.162422119669239,-0.744249581867116,-0.86285013976283,-0.00251306533684291,-0.671300743134837,-0.13080924766178,1.18788320193493,2.21028953207639,-0.823939351225083,-1.29391855879701,0.310879351054661,1.19081417327433
cgr-1,-0.755889029114007,-0.8436945816741,-0.663471374542675,1.23246292224757,-0.457544061006963,0.613662830923914,0.253816289771832,-0.91369661116249,-0.91369661116249,2.21374320038291,0.830279386467734,0.280807143187281,-0.876779504318512
otub-2,-0.227095071080667,0.294627113386711,0.0964265783351789,-0.794775722832779,-0.488999815457914,-0.792199221223361,-0.786585407478407,0.484261191949568,2.8403298418477,-0.863338396646816,0.216314133000539,-0.555561402602804,0.57659617880305
Y43F8C.3,-0.364204485951998,-0.538204376051731,1.7422464482901,-0.439633138320408,-0.234263502382872,-0.708677600847895,-0.662166746703472,-0.183378899120742,2.39254817256097,-0.370230975719344,0.66882254608304,-0.366476866108695,-0.936380575726945
ubc-3,-0.485572224442681,-0.194806294812492,2.04860084811434,-0.72617462832383,-0.325000461264504,-0.573912083832985,-0.608898694400026,0.470272704563282,-0.84706767880413,-0.736336091065482,1.97785168662898,-0.633374569927961,0.634417487567491
PDB1.1,2.93304490017398,-0.0114460131734927,-0.801729056386382,-0.526429604428284,0.139424203809896,-0.789583262418777,-0.289971963942924,-0.608866280734868,0.773817044198114,-0.336088419675099,-0.49378554799674,0.466185331574759,-0.454571331000179
Y54E10BL.3,0.144974417693067,-0.903183462842267,2.04127933989442,-0.378865380120391,0.361616056917224,0.0687424463224816,-0.0105165828896319,-0.990276170970438,-0.839992200279806,-0.86891079665303,0.566708492698086,1.75107988015825,-0.942656039927962
ras-2,-0.457467919490111,0.390886346636419,-0.255616590232296,-0.601283317877978,-0.564176905038909,-0.601283317877978,-0.588190450201435,0.761655141240632,2.77970998360074,-0.601283317877978,-0.57178527276369,-0.601283317877978,0.910118937760559
cct-3,-0.0311381155831895,0.392029009091458,0.491252420905814,-0.81026530262055,-0.501181781329436,-0.791414183634297,-0.422142167094962,0.247839857378914,2.90710012696966,-1.10043063198885,-0.293956948869806,0.153514315253927,-0.241206598478689
F31F4.1,1.63953697547823,-0.742268051230206,-0.479803566689046,0.883168170407504,-0.758453917713683,-0.668520046585001,1.2540935127788,-0.791415294923678,-0.231181059109875,-0.408006259335819,-0.603997807450507,1.78263130577292,-0.875783961399638
C50F2.7,-0.349219824613433,-0.357923423603913,3.1643474595176,-0.357923423603913,-0.357923423603913,-0.357923423603913,-0.357923423603913,-0.357923423603913,-0.357923423603913,0.764106601134961,-0.357923423603913,-0.357923423603913,-0.357923423603913
Y43F8B.13,0.432551428967238,-0.501664712322832,-0.501664712322832,-0.125981464195673,-0.461231439365869,-0.329515373420045,3.19235832454236,-0.501664712322832,-0.501664712322832,-0.15331770394239,-0.0518594899879158,0.00531927901645869,-0.501664712322832
aly-3,-0.891622129131878,0.823614708351807,1.8500047194621,-0.804054959809314,-0.722785889612639,-0.492465779820196,-0.907444184266812,0.685528487770793,0.570842486937674,0.627994881057507,-0.580337997951925,-1.36990567909564,1.21063133610852
F14H12.17,-0.288568357048293,-0.183746448088005,3.32682325346193,-0.288568357048293,-0.288568357048293,-0.288568357048293,-0.288568357048293,-0.271985080745735,-0.288568357048293,-0.288568357048293,-0.288568357048293,-0.288568357048293,-0.273976511193558
cri-3,0.522406992768912,0.28774857664598,-1.30618985054271,0.040550106156239,-0.0666836585523543,-0.398719683454398,-0.732745384622016,0.24466477106537,2.32005294735797,0.79277834686109,-1.69835140331766,-0.377428299703653,0.371916539337243
mrp-4,-0.143428707882167,0.677017981168255,-0.821313547592912,-0.474260130961385,-0.081815621013146,-0.383294884408583,-0.667205199805694,1.38039958880636,0.877496500549406,-0.939019829108606,-0.732247068960341,-0.939019829108606,2.24669074831742
hpo-13,-0.543858579976132,-0.250352795562644,-0.27245729096742,-0.0215520010163019,-0.490249824356376,-0.204292476090768,-0.0840292326273342,-0.0720417228127674,0.0449040445784739,-0.254524503024758,3.22477270300171,-0.875297103156633,-0.201021217989054
T28C6.7,-0.30636344616325,-0.560780295707072,1.9362990297057,0.46185798235113,0.53077305976966,-0.237884092522217,-0.894173213671164,-0.4309162782529,1.2728636327126,-2.01525987192094,0.619126989799859,0.10400543238881,-0.479548928490224
hgap-2,-0.426665495333297,-0.183827520311597,0.524079939040514,-0.669604937584932,-0.337180302479193,-0.264753145217419,-0.223120497964028,-0.0766828569690608,-0.0102369007754526,-0.976036753057974,3.12315529961205,-0.244702451910625,-0.234424377048979
tlk-1,-0.607993020510653,0.298500272785288,2.77955305728682,-0.489762913823093,0.0553006617414925,-0.405765854688341,-0.62011149702537,0.123562766191189,0.314180787030522,-0.538271109796597,-0.716402371345349,-1.11808203166508,0.925291253819164
Y58A7A.5,-0.623657912868698,-0.548525127843763,0.208266582404143,-0.364899033246473,-0.229886106837022,0.607386958080617,0.206953778153576,-0.488534465044987,-0.826396036542115,-0.826396036542115,2.94682560277159,0.40467307143917,-0.465811273923919
arx-1,-0.261593233761285,-0.378705901921602,0.105789153262544,-0.249211880410372,-0.0032624056239759,-0.265509507097259,-0.103009829055621,-0.343131504918795,-0.717180875589864,-0.504608178189071,3.23330967329705,-0.540345624822736,0.0274601148309897
dhs-14,-0.689586904560339,-0.727447663589589,-0.727447663589589,0.878480113502197,-0.717877353148157,2.15746375937471,0.242689788273548,-0.727447663589589,-0.727447663589589,1.16953015454097,-0.517885000624751,1.11442376058976,-0.727447663589589
K04B12.2,-0.170545068926525,0.241297145690885,2.23435434154023,-1.28345585897576,-0.067970928075248,-1.03182265347023,-0.825403355932807,0.536127369816269,0.678164856259847,-0.956332510269452,0.110788239881735,-0.656000040616867,1.19079846307792
aex-5,-0.0324369609778773,-0.593811907209243,-0.669134970558236,1.11807157346967,-0.22061666721776,0.390390215854394,2.82204055532747,-0.609660556067943,-0.669134970558236,-0.669134970558236,0.0718019638556119,-0.280873726411129,-0.657499578948483
pad-1,-0.233968565488183,-0.880557658118683,0.591987090385414,-0.580053453869854,-0.398306558637523,-0.443346694024198,-0.538795497544169,-0.58183651772647,1.14486956453846,-0.0512280679031405,0.238901990395158,2.68660826959169,-0.954273901598504
mrpl-37,-0.1527283196989,-0.090506497304939,0.339619521963027,-0.476400352138768,-0.296755528042998,-0.515445668728683,-0.526730308072595,-0.0517010225913717,3.15808953271743,-0.107597430796432,-0.783557605782276,-0.615633802314971,0.119347480791476
K05C4.2,0.593982563479556,-0.228881820337031,-0.256672494025688,0.00491194351064536,0.992822721049453,-1.08145797472898,0.0922878902602486,0.71657707521204,-1.01566781914742,2.0825332381522,-0.532582464838026,-1.74787291624488,0.380020057657892
wdr-12,-0.391247201241085,0.856246204609953,-0.0376432052654344,-0.79509539524849,-0.606760291146731,-1.00057853949126,-0.853057349877492,1.6223241909124,1.16777889193527,-1.159209080119,-0.50084076407271,0.0271047082372013,1.67097783076738
lido-8,-0.575035270753049,0.653374327990264,2.19162096657446,-0.818422421457145,-0.478785026224995,-0.756003652706706,-0.671698109475579,1.01833571740467,0.584928896157778,-0.6724417660156,-0.650411752907946,-0.972888756872926,1.14742684828679
cox-5A,-0.136647253659077,-0.582475460174181,-1.23753492249018,0.682589940223056,0.0348710618970153,0.590497583193197,0.794801468949402,0.699593893240615,-1.44057655919729,1.58935306009995,-1.73082875929598,0.758947452459115,-0.0225915052456274
hrg-3,0.551992819425861,1.14604706374307,-1.0385063293325,-0.416670035953074,1.70367165953125,-1.08500768884223,-1.25903018519,0.972311401646794,0.257351825957265,-0.647239542220678,-1.21983255532481,0.591022205878531,0.443889360680524
F19C6.5,0.0314377223242881,1.85374996003065,-0.963464784553761,-0.181773275107372,-0.554134760723758,-0.620264667112148,-0.659974376970472,1.66534641886959,0.436744725995749,-0.963464784553761,-0.604056673302745,-0.734953296676772,1.29480779178051
Y47G6A.5,0.0485147763329813,-0.929195258009312,-1.11471619756184,0.564864051358681,-0.177776906366999,0.237732319716387,0.879735695545676,-1.06711267723986,-0.239640686949651,2.42329628162906,-0.156728919804566,0.633692651387919,-1.10266513003848
ntl-4,-0.364300347831529,-0.422376418720175,0.280882629534023,-0.581532977701159,-0.198641319218268,-0.385354336061473,-0.308029202995435,-0.145038529857246,3.06886713259927,-0.924528841234763,0.562372394600143,-0.614751728366009,0.0324315452526223
hum-8,-0.426532569174955,-0.886299927537191,-1.07502149510288,0.889863636870569,-0.584017389593602,1.222680550086,1.03541877686069,-1.07119239063828,-0.268364858674739,1.76123018714732,-0.580372415868065,0.862656294840202,-0.880048399215063
dpy-30,-0.572241732266604,0.139561151636629,0.658696347390214,-0.862441011978483,-0.314325342622596,-0.537751022755761,-0.20937910461497,0.775698812652171,-1.92986673276009,1.27236323711135,1.42580181131342,-0.936420720424326,1.09030430731905
ostf-4,0.444656334247693,0.424279363717226,-1.02525241348757,-0.551892317271512,1.00823302580212,-0.895547954457389,0.136556661628672,0.676712864780322,-0.763485851885493,-1.21950758883701,0.186935557452792,-0.73084761279767,2.30915993110781
kqt-3,-0.106488088918964,-0.957322332450179,-0.187767952531198,0.225408347642305,0.00517891772056892,0.309371809242737,0.133251276983848,-0.95286431466101,-0.82960641118136,1.66652880410569,-0.681014499284494,2.2829020165205,-0.90757757318844
C25F9.6,0.675808052872854,-0.670569257916622,-0.756360614746403,-0.0622940774851046,-0.111775390270578,0.439015133993675,2.86200659618945,-0.729616435525952,-0.756360614746403,0.474385202909391,-0.436314572583882,-0.171563407944024,-0.756360614746403
vab-8,-0.513008508505293,0.691431882576502,0.128796070198444,-0.608016550303678,-0.571103177485429,-0.596038822864637,-0.570629725121667,0.361317592244353,0.307862392275063,-0.612567753516595,-0.36464121906781,-0.612567753516595,2.95916557308734
unc-132,-0.525749192811693,-0.20205287464139,2.94670892539539,-0.457824340860725,-0.382153767693135,-0.498865076113195,-0.739830391935861,0.170300551362429,0.635235732622789,-0.753418954996984,-0.453752127694547,0.681874834310235,-0.420473316943311
arf-5,-0.213915676971372,-0.985279055690418,1.36836424709042,-0.709001684556605,0.0797244395609686,0.0318098371766831,-0.701005227792803,-0.697915526608217,-1.19337060860341,0.575995898718789,2.41344482558348,0.159437350236241,-0.128288818143749
C45B11.6,-0.322275229379901,-0.256011694321932,3.10549531124448,-0.396331013531556,-0.293140783923016,-0.406722434074493,-0.406722434074493,-0.318936736517915,-0.406722434074493,-0.406722434074493,0.921534750876796,-0.406722434074493,-0.406722434074493
gly-5,1.53191124421958,-1.06038982547758,0.349742150467726,1.17919083689721,0.554297596089352,0.483635658782354,-0.124162113721872,-1.32311592196787,-0.444572081620221,-1.34620008325482,0.917225636311619,0.535690150626754,-1.25325324735222
vps-20,-0.721818463119272,0.590016824113193,1.20557176746091,-0.805929907047426,-0.720076833967033,-0.854575507733416,-0.444803113085449,1.49337117181071,-0.741422867495061,0.177780947609197,1.61954077628737,-1.35506008218979,0.557405287356073
Y62E10A.13,-0.0343322565442232,0.9718157644665,-1.83135887031806,-0.395716615164136,0.256453973331597,0.0498239225144001,-0.568392351406771,2.00388325489226,-1.04938728036657,-0.180561232862339,-0.737766935785123,0.363742222712441,1.15179640453003
vps-36,-0.588498125417305,-0.49354390781036,0.509332879673647,-0.506167294213996,-0.214734364682464,-0.281507402489423,-0.448456566248191,-0.318712950670507,3.10742022050901,0.513712673764387,-0.4081808153259,-0.415212096923271,-0.455452250165626
adh-5,-0.216919223977782,0.239837695562255,-0.979010889627088,-0.747299164004806,0.187676904896241,-0.136829846469349,-0.403118300139841,1.98296450747943,0.656517966884166,-0.161360747635975,-1.72764268942105,-0.331367756844745,1.63655154329855
K07C11.7,-0.920798822366936,0.807728506637968,-0.14153277309203,-0.58245279145087,-0.82676701056807,-0.471819333479399,-0.535017488537799,2.18932692719419,0.143163873403202,0.23271386227042,-0.606462220424324,-0.95914724773138,1.67106451814502
K08D12.3,0.687669500134911,1.38271390171775,-0.515417892784176,0.179338819796439,0.522307694798126,-0.392189477193718,-0.517890525876058,0.751350291612226,-0.328865178320273,1.32002978042103,-1.76959556427719,-1.70983610162727,0.390384751598218
Y18H1A.11,-0.507140459787958,-0.53893916696978,-0.547562506590183,0.0132085934509755,-0.531214137855016,0.784755176104036,0.227050381268028,-0.547562506590183,-0.547562506590183,0.282545088628852,2.99034808079481,-0.547562506590183,-0.53036352927322
amx-3,-0.254520927844769,1.38690781583007,-0.642251312795295,-0.632735987085827,-0.338538943866749,-0.642251312795295,-0.575804737429082,0.382021393611979,2.54263842983962,-0.642251312795295,-0.642251312795295,-0.642251312795295,0.701289520921233
nra-4,0.275775437304027,1.03084999994414,-1.20475841194812,0.7821616777087,-0.323033801832416,-0.182027030788124,-0.896564659119157,1.14488972832359,1.4039125974806,0.0193043945825826,-1.56818307538059,-1.24094593259189,0.758619076316654
fbxb-8,-0.486949738855162,0.397418836590781,-0.366326973349048,-0.49142762885375,-0.49142762885375,-0.49142762885375,-0.49142762885375,1.97377716440922,-0.49142762885375,-0.49142762885375,-0.459746921521922,-0.49142762885375,2.38182103470238
mig-15,-0.723555533288814,0.413558713709983,1.74343464129349,-0.859423256793823,-0.846823425382255,-0.812301983560345,-0.875298467684546,0.804918114633633,1.71504210698636,-0.994717217899018,0.337027823332872,-0.537038164898134,0.635176649550596
M28.10,-0.151440071144855,-0.654904084267408,-0.654904084267408,2.7257339286217,0.46070859837298,0.407094170694574,-0.629359096372215,-0.654904084267408,-0.654904084267408,1.09522264008963,-0.654904084267408,0.0214643353426296,-0.654904084267408
T05H10.3,-0.489689332217395,0.822407212636946,-0.658488445328112,-0.631721727743236,-0.501385247025232,-0.578689843007623,0.52700571513586,1.03199573443357,-0.658488445328112,-0.658488445328112,-0.658488445328112,-0.188999232572193,2.64303050167175
C35E7.4,0.178267478803487,0.182245644691008,0.973735795825551,-0.907163356000971,0.431735655939379,-0.865374976050207,-0.83220183832396,-0.705523964971213,0.447402604582411,-1.20405008895428,2.33449183963608,0.668048176876461,-0.701612972053757
lin-28,-0.363721853052453,0.253349803762387,2.39957764511364,-0.555814571468394,-0.536805901493483,-0.589027078540023,-0.289232498450761,1.42283393644968,-0.571400213834908,-0.775087258938372,-0.0590870147559691,-1.16937471337668,0.833789718585341
ptrn-1,-0.596727002939778,-0.491733584762437,1.19040988050217,-0.659525638905896,-0.443511758988354,-0.552108938103969,-0.549848031922328,-0.216839062431942,0.194736113880756,-0.00803357171444176,2.88432549101334,-0.548426525573559,-0.202717370053556
gst-22,1.25078398863197,-0.741652928548836,-0.885388320103036,-0.0949839092900465,1.0499222408718,-0.378257778547861,2.43334752806176,-0.663133324298299,-0.885388320103036,-0.2892999839837,-0.056457021857768,0.0437727056577617,-0.783264876490712
nuc-1,0.250387036594944,2.15220114948946,-0.751636862864877,-0.961553068676477,0.112599669317867,-0.784913756031355,-1.00398373530724,1.39060740407321,-0.184538750824446,-0.838816163638234,-0.539761258521836,0.0581054166628824,1.10130291972609
sacy-1,-0.319388588007602,0.0675860632166767,-0.169868568971121,-0.423542415312186,-0.345215441358882,-0.480090756392071,-0.410696884386339,-0.00919676542942824,3.23494358728191,-0.558037215138038,-0.374742596274243,-0.4432514973795,0.231501078150826
Y57G11B.2,-0.371780011387092,-0.599525517530584,-0.79881082211467,0.357725097376663,-0.223961405234111,1.69134400677967,-0.403256466159629,-0.801415933313144,-0.747522344872491,1.89325036893357,-0.704868772575744,1.38624312767117,-0.677421327573614
unc-112,-0.67242758461541,-0.000612354337267306,2.05621029761997,-1.06140727888517,-0.741962660603684,-0.79232982575914,-0.926227042321994,0.218172470960672,1.24343087275193,-1.11566416493976,0.991446874953536,0.315325253822384,0.486045141353931
rpb-12,-0.122054180730802,1.15045401737434,-0.317403645976448,-0.659753184744071,-0.185653453370147,-0.727067911645539,-0.650825851602464,2.08801281299006,0.737233314444404,-1.28458253631937,-0.751817773360403,-0.575949053878679,1.29940744681912
chc-1,0.0841280506824927,-0.199973030420554,0.993466174975162,-0.200837616263113,-0.0829195433680088,-0.0812947354814916,-0.16844038350308,0.0414682319340284,-0.123202042331724,-1.57498489482096,2.60071229399526,-1.27372616945219,-0.0143963359458151
pyr-1,-0.30880996503546,0.876486740418125,0.296998099836926,-0.792595838477774,-0.543798724784818,-0.642800197270472,-0.75535610026534,0.527860556087934,-0.0158446554296425,-0.893944731393217,-0.658425836619496,0.152378098845221,2.75785255408801
ruvb-1,-0.39122504884277,0.596718117763874,0.649298318989383,-0.631729926524518,-0.537774631764799,-0.675567735233407,-0.623680917216635,0.520748135954545,2.64124053203311,-0.889419763637731,-0.827664865345794,-0.547100411736162,0.716158195560907
sox-2,-0.376985219772088,-0.401119551141837,2.9415301069263,-0.411085590610761,-0.403742809246427,-0.404748832514377,-0.392970465328691,-0.339678702512166,-0.411085590610761,-0.411085590610761,1.30143452195684,-0.411085590610761,-0.279376685924509
T06A1.5,1.08188704770473,-0.180731207439069,-1.51712445457041,0.398618564759594,0.565647572577481,0.46488803209363,-0.616989704482256,-1.03077939662907,0.883212280660783,-0.34526749208081,-0.735388132755114,1.99662543451891,-0.964598544358403
apm-1,0.194719488603857,-0.621573902055239,-0.836274284220968,-0.518147099687808,0.292501400921,0.502968691479507,-0.0927764484481682,-0.769517973681209,2.28264503066117,1.62525417747111,-0.2399188751962,-0.682853524234589,-1.13702668161246
pfd-4,0.179612949727142,1.24967009255933,0.828853844394097,-1.08154687990371,-0.508896364157605,-1.0020443404255,-0.376987224404288,1.93799424598238,-0.0604267219431141,-0.277390482878375,-1.10990908920546,-0.902228818508023,1.12329878876313
ain-2,-0.725080492325551,0.85616768875228,2.04374807422499,-0.7344304980107,-0.801154891935381,-0.762228979970992,-0.612579253381812,1.20088272896237,0.216782787026216,-0.938032351916022,0.112154490651388,-0.936805105377454,1.08057580330068
spat-2,-0.581002483259335,-0.097291173504006,1.73193460803063,-0.393795588197046,-0.338340378414531,0.0449124684102573,-0.606407615902347,-0.683653510013319,2.5400949219912,-0.134028152087291,-0.024863156624565,-0.811816123658217,-0.64574381677143
vab-9,0.0401631474845282,-0.626924067653424,1.07584782230422,-0.230912764603565,-0.0913445003411383,-0.163286701929042,0.143807514345748,-0.7629845688278,-0.581127348799864,-0.78050123686429,2.86702332431186,-0.133271117947337,-0.7564895014799
cdh-8,-0.509959545715185,-0.499637946045138,2.27078771302577,-0.383446228466325,-0.345638752354134,-0.473812574271907,-0.509959545715185,-0.484609703385936,0.022839042011059,-0.509959545715185,2.18403807773568,-0.261923942552732,-0.498717048550785
F40A3.1,0.268035128290928,-0.976904856288892,-0.675543992503771,-0.325553984768089,0.121378534405521,0.0894364568549962,0.0856419961229626,-0.948214507742316,-0.254489960752212,-0.335070682755079,1.52085456015657,2.44281356716554,-1.01238225818616
W03F8.6,-0.377297797195524,-0.403745786584503,0.0855188300072913,-0.383331643223385,-0.328154931777002,-0.291754606679064,-0.403745786584503,-0.368989438953774,0.466942956343217,-0.403745786584503,3.21579556440075,-0.403745786584503,-0.403745786584503
unc-115,0.303814208200782,-0.74434975077649,2.37083040973997,-0.611948638267411,0.232087225826492,-0.562001037737606,-0.621580013207835,-0.796354413787315,0.090763496257999,-0.893865203118734,1.37730771911635,0.719289175462365,-0.863993177708562
ugt-51,1.35538034681351,0.514902838586677,-1.69740907681308,0.961906128814481,0.253699206139465,-0.727556545323385,-0.772703529729332,0.40189011564582,0.444356569400384,-1.09334968534719,-1.36200816024364,0.788323846457829,0.932567945598453
rsp-2,-0.197230908883185,0.651109722260618,0.49871763060073,-0.673763945216932,-0.0472826802785123,-0.638248994708114,-0.541866798620399,1.37495715569484,0.107151015056879,-1.32594534892407,-0.224765394054179,-1.20945340261746,2.22662194968979
C14A4.12,-0.301346251885408,-0.271842924664489,-0.0627172036814287,-0.301346251885408,-0.301346251885408,-0.301346251885408,-0.27440530129636,-0.301346251885408,-0.301346251885408,-0.301346251885408,3.32108169661095,-0.301346251885408,-0.301346251885408
inx-7,-0.466398414807742,-0.183609992247495,2.11674747615863,-0.549972639959235,-0.467675027889407,-0.542723722636142,-0.509057230292377,-0.476102466572452,0.367360127045809,-0.566942886129096,2.24292163491041,-0.566942886129096,-0.397603971451805
ebax-1,-0.705338596511557,0.54646469474589,0.376865387265309,-1.12350344653196,-0.545377897037208,-0.943476002308486,-1.00852482960033,1.03431024024572,1.58604616197831,-1.13499484653184,0.555460249201874,-0.180700616159941,1.54276950124422
R148.3,-0.134157860443913,-0.433516559009581,-0.0428360630591694,0.0715890014180763,-0.028855491026976,-0.230406354568612,-0.444053029301786,-0.320649236403948,3.24448488855712,-0.338683246242755,-0.306473191047078,-0.801739634188312,-0.234703224683063
scd-1,-0.408780028269431,0.568256968334541,0.117335012721295,-1.11757685633345,-0.211061265432152,-1.15162135562829,-0.353824883509405,0.350725336157769,1.29690500591256,-1.81244266286575,0.0302340582329727,1.48267938802887,1.20917128265046
ral-1,1.14450196914763,-1.03324815283368,-0.47690607336528,-0.553880610232108,1.08241117004544,-0.0881383487584326,1.23449399230607,-1.33986155685651,-0.093471887566036,-0.583711286849567,1.05131636418932,1.06840519360555,-1.41191077283239
cysl-3,-0.770897505264343,-0.72818493615852,0.53545968859402,-0.630342028925053,0.872533358791127,0.746861612303122,-1.13254148623032,-0.915495010334539,-0.130809790021885,2.43573480669799,-0.0816031472405438,0.522056803256375,-0.722772365467426
F58B4.3,-0.276506996009962,-0.26667905932875,3.32814870414418,-0.280165156902597,-0.263476236682097,-0.280165156902597,-0.280165156902597,-0.280165156902597,-0.280165156902597,-0.280165156902597,-0.280165156902597,-0.280165156902597,-0.280165156902597
dhs-9,-0.351405504537056,0.891072383779916,-0.807321205191765,-0.56135592824151,-0.55221051757386,-0.469885776700295,-0.411871708936674,1.74010927996406,-0.362759047079618,-0.60297670458352,-0.642176263709215,-0.202400743543378,2.33318173635292
M05D6.5,-0.522909602722137,0.861353347084514,-0.428316117796332,-0.338037547666177,-0.727064694342672,0.161915162183823,-0.341104379299112,1.94633712048566,-1.06535895576381,1.3867444648566,-1.08979495776489,-0.914248805013492,1.07048496575803
rnr-2,-0.628227284313921,1.11571308711131,0.540024296523161,-0.782064353486246,-0.67450009581356,-0.837230147664873,-0.753482111765024,1.56100024448904,1.21101577233516,-0.714044793763062,-0.55345886400238,-0.942669251447511,1.45792350179791
Y76A2B.5,-0.478263333981005,-0.699126026781085,2.91402267313568,-0.260150202539517,-0.319539833058646,-0.090834942273328,-0.153143294659486,-0.699450220858329,1.19752922196733,-0.0973836272374522,-0.216041821949359,-0.487070413624152,-0.610548178140643
ssl-1,-0.788454574762059,0.246494620309435,1.34366036480307,-0.904174304804083,-0.707481666695374,-0.857357335021703,-0.99758622452885,0.192117779505236,0.797451876454552,-1.09635399253867,0.923611251202974,1.93108159756315,-0.0830093914876801
cest-35.2,-0.0893107663129353,-0.725001491511471,-0.738706156671722,2.02842472909378,0.895768185773021,1.95008584402978,-0.299512180716439,-0.738706156671722,-0.738706156671722,-0.321989670982738,-0.597887580065155,0.114247557379053,-0.738706156671722
ddx-27,-0.481673131292308,0.591501237003625,0.188740320008259,-0.616260775286675,-0.646716588976892,-0.790566817193472,-0.660663929562403,0.691962242739631,2.573399323748,-0.9480006908794,-0.616751754171832,-0.308474112981994,1.02350467684546
trm-1,-0.607040631154999,0.953247987429918,0.379014872555935,-0.929648930992567,-0.579492823806923,-0.949454098259032,-0.745044626267436,1.2253670369876,1.18813645771075,-1.18851975933191,-0.636001470902934,0.105879466852083,1.78355651917953
selt-1.1,0.0534206623415087,1.7103427770877,0.522836915444627,-0.792881511874851,-0.10365661541968,-0.626340863758311,-1.03386113984613,1.21804052882958,-0.460433804216006,-1.92169852072203,0.122756469580767,0.189723596526535,1.12175150602627
grl-2,-0.280091799848906,-0.280091799848906,3.32809480754178,-0.276100290594111,-0.280091799848906,-0.251076518458607,-0.280091799848906,-0.280091799848906,-0.280091799848906,-0.280091799848906,-0.280091799848906,-0.280091799848906,-0.280091799848906
C14A4.7,0.558781591740753,-0.494343397789896,-1.92255799129873,0.728456443541664,0.23307193256313,1.60737735492891,-0.249799433139065,-1.1211626104213,1.01040337627644,0.81210700560923,-0.262238319658246,0.293198889168556,-1.19329484152144
irg-1,-0.572450466983519,-0.696353379132154,-0.780270560889344,-0.175860859771116,-0.459113282052941,1.08388553818399,1.85727614034073,-0.780270560889344,-0.780270560889344,1.58380883731452,1.04137204186839,-0.54148232621053,-0.780270560889344
T20F10.2,0.101389941099204,0.308318900943105,1.63171633306746,-0.581116322852913,-0.755031069402557,-0.531811259724748,0.100584156744014,0.439090691938298,-1.30200060189577,-1.19692545414359,1.99863515243177,-0.695331414768813,0.482480946564541
mask-1,-0.787620560429116,0.442387578897528,2.5671889997857,-0.686584923357143,-0.248005940597105,-0.805582156887372,-0.798792073435461,-0.0924055211995188,-0.543388082707322,-0.490938366386658,1.46422631240175,-0.215854093344079,0.195368827258799
spd-5,-0.41955474433598,0.510622306318248,0.0480694333693873,-0.338848838082013,-0.267434410166218,-0.665472660115153,-0.77870203762253,0.17152405595712,2.92885491461566,-0.949745632117725,-0.808518657992984,0.288404129089313,0.280802141082877
cisd-1,0.360575372959244,-0.778038384436174,-0.750317134728729,0.136273246732457,0.170734001314977,-0.104847143931332,1.0148930554802,-0.288082467187034,-1.42728238119132,2.45122604239368,-1.11305690924387,0.473514729663751,-0.145592027825863
ltd-1,-0.444272663326677,-0.562307969109866,2.0954113276305,-0.540674648831921,-0.243778059560896,-0.549320045080962,-0.553264629177839,-0.552920293065971,-0.581861037926147,-0.581861037926147,1.18079969192104,1.86475058685982,-0.530701222404934
F46C8.3,-0.576753819712432,0.575878668677207,-0.425171876313835,0.0937530235622439,-0.506717268486737,-0.56255825649508,-0.645289978649501,1.63112754821786,-0.462704016433521,-0.270921449051349,-0.668055507621921,-0.689833670414519,2.50724660272159
ttx-1,-0.585512108084398,-0.511066530465885,2.69607304049026,-0.585512108084398,-0.396935253731999,-0.0730997319160296,-0.585512108084398,-0.48835082391585,-0.494668559667671,0.945950393301315,1.1497684106651,-0.585512108084398,-0.485622512421647
smk-1,-1.1900821512005,0.221485763308909,1.16066547536542,-0.749402455843105,-1.21431900627955,-0.665584570123716,-0.39104938179497,0.452606446461106,0.90099905387445,-0.338955542546165,2.25954475119652,-0.553790011380595,0.107881628962187
F21C10.3,-0.0599367067016185,-0.393427042132443,3.28763925335561,-0.239485520074767,-0.208928972669993,-0.315896797598561,0.106324029614568,-0.412926836178972,-0.412926836178972,-0.412926836178972,-0.288018154118098,-0.236562744958808,-0.412926836178972
magu-2,-0.0528547638249427,-0.242152479709892,1.40834869446341,-0.555201443394922,0.580473016373336,-0.449582944449363,-0.0424454702325392,-0.60435195330414,-0.631729338559501,-0.802457392388542,2.63218750017218,-0.630999731491855,-0.609233693653227
lpd-5,-0.371663104502751,-0.732651954673624,-0.079639259253335,-0.106169033347534,-0.576370015938406,-0.23488101852619,-0.318188677440947,0.244752560426018,0.455290641581405,2.98994167702436,-0.993841758173373,-0.679558691897853,0.402978634722231
clec-85,0.885829537886087,-0.637962332271748,-0.696527397941336,1.97919095661257,-0.589824424523942,-0.618958967373837,-0.506352583548205,-0.649687347194284,1.55672479826215,-0.696527397941336,-0.5679624940729,1.1705942859224,-0.628536633815624
cyn-1,0.628477031026464,-0.414766939732776,-0.420329763110174,0.461619486326303,0.094154852365694,-0.197424692866081,-0.162095151511944,0.298530102936599,-1.09026782111755,2.61722123216167,-1.67862189009775,-0.152985025965975,0.0164885795855146
eel-1,-0.434870668882272,0.0198911240521677,2.7368565997544,-0.490498248811491,-0.56327574942768,-0.553507511871046,-0.649819432718397,-0.307573467631215,1.04485672953675,-0.601788998066552,0.0742675680896621,0.711826311105898,-0.986364255130219
maco-1,-0.471778900745828,0.0909552873075088,2.83799530023092,-0.434603493384475,-0.517747767584334,-0.530817337223453,-0.513104269202533,-0.182424322200676,0.191472238047442,-0.699118646943869,1.24983376708314,-0.699118646943869,-0.321543208439982
nud-2,-0.249897807550211,-0.121725352403447,2.28846723893015,-0.799926739350281,-0.441907543702722,-0.643399722957133,-0.475841778061321,-0.45763626900675,-1.17648086462093,1.021565647845,1.55698335929636,-0.35888017474298,-0.141319993675748
prcc-1,-0.563408934485536,0.171666406651738,2.55579980587463,-0.889586058707398,-0.603121319181226,-0.760745648801631,-0.578083643646306,0.961901945171264,-0.146076790324914,-0.36379670875827,0.406431036161096,-1.04169042975454,0.850710339801096
ptd-2,-0.235362753297485,-0.286827551350868,-0.252054844987819,-0.258842772714475,-0.286827551350868,-0.286827551350868,-0.286827551350868,-0.286827551350868,-0.286827551350868,-0.286827551350868,3.32770833315759,-0.286827551350868,-0.286827551350868
baz-2,-0.61441627203734,0.234001826249182,0.938407050017442,-0.737130770582585,-0.668519711959455,-0.679896024851747,-0.595179981372573,0.73163267518879,2.27198572237481,-0.756392148412844,-0.643017646281103,-0.756392148412844,1.27491743008027
ulp-4,-0.0770313430131803,1.02059730575516,1.19873914669269,-0.923799161162786,0.301514017190176,-0.893154717777718,-0.56507776940717,1.75696546482655,-0.702049903683856,-0.778941951911408,-0.49653128000923,-1.14707696317648,1.30584715567725
cam-1,-0.42966629446737,0.600549691287572,2.41084896135537,-0.59069286456827,-0.349663556664859,-0.72234168814542,-0.739784502539688,0.83874884836607,-0.109417673822928,-0.758485076243639,-0.708512926618308,-0.758485076243639,1.31690215830511
T08H10.3,-0.161766160409147,-0.288525880788211,-0.288525880788211,-0.288525880788211,-0.288525880788211,-0.288525880788211,-0.279149338244418,-0.288525880788211,-0.288525880788211,-0.288525880788211,3.32617430653567,-0.288525880788211,-0.288525880788211
nob-1,-0.471224815117262,0.0487210520185588,-0.647607302576012,-0.621832288953772,-0.801001226234937,-0.801001226234937,-0.263497729124865,0.160706679405399,2.17550145857008,-0.801001226234937,0.541270916761491,-0.448429615610579,1.92939532333177
idhg-1,-0.810130898760846,-0.939041469321683,0.993848978779833,-0.182466421120898,-0.733874922068901,0.0233712591973652,-0.0122591257171954,-0.371903383104142,-0.57464188166705,2.79788088376591,0.170769624368827,0.324399426920033,-0.68595207127125
pfn-1,-0.309738512791835,-0.572661975808459,0.755131901442165,-0.545139061788214,-0.375792238088363,-0.528582228245337,1.85388881589883,-0.461756327811278,-0.980999216563613,-0.89048232832643,0.478804700401067,2.09430988089082,-0.51698340920935
F53C11.4,0.115634751425649,1.69342168407764,2.03783746886324,-1.09421991500942,-0.271822269566251,-0.830190038723172,-0.532567305825862,0.170390745582782,0.0600472564759343,-1.44402014672208,0.563738361305842,0.0632456329099204,-0.531496224794234
Y48A6B.9,-0.596381627281368,-0.0272266017887759,-1.42563047529892,-0.608450401030804,-0.0322818697728707,0.397814878148742,-0.391909201684899,0.654030327884642,1.4209029569156,1.66156771522212,-1.07392884574869,-1.12216551771481,1.14365866215004
C37A2.8,-0.533345465633929,-0.302685324985631,2.59217264073678,-0.837996025364589,-0.548213837022478,-0.393534992930682,-0.315532150221253,-0.00656235877849553,0.168343549308715,-1.13878268750496,1.11758874776627,-0.62647919510137,0.825027099731619
clec-26,-0.557991323251526,-0.557991323251526,-0.557991323251526,0.517090767732493,0.781992932106078,0.160879950397868,-0.557991323251526,-0.557991323251526,-0.557991323251526,2.93245168204243,-0.557991323251526,0.0715152537333357,-0.557991323251526
pabp-2,-0.512684081114094,1.03345341529952,0.126631079653675,-0.849242052080042,-0.69817036631221,-0.95277250139098,-0.883263351331973,1.69970473872861,-0.767711509518543,-0.0837908972452919,0.0387344295952944,-0.206816578602145,2.05592767431818
K12H6.6,-0.193133608342652,0.778686437299961,-0.359901354885498,-0.328433516687693,-0.424590363330174,-0.640833002745539,-0.342208876725391,1.22409112418689,1.41631915810002,-0.899526196242506,-0.918635924660827,-1.239696241952,1.92786236598541
plpp-1.2,0.126561728544645,0.352772045733159,-1.76946019622601,0.510772188603985,-0.735580805050428,-0.0536668639211328,-0.183774108498978,1.17502242938453,0.36311725332297,0.76469507422855,-0.925384125173335,-1.37234715739807,1.74727253645012
T05H10.4,-0.583503591490505,0.483198706164478,-0.124812509240626,-0.583503591490505,-0.583503591490505,-0.583503591490505,-0.583503591490505,1.59996970956961,0.137600706671346,-0.583503591490505,-0.556774461734094,-0.583503591490505,2.54534298900282
C09B8.4,-0.605284275914461,0.5492537240923,-1.11133557939518,-0.208377539581899,-0.339506578494403,0.01919402178619,-0.39567780131206,1.3837938636066,-0.409472809053938,1.74695364567624,-1.00060213582558,-1.15178390078741,1.52284536520361
unc-23,0.469123349887584,-0.644881283637106,2.8423240749196,-0.34596545308062,0.873832030741303,-0.235615424072148,0.0687319975040465,-0.773227221530647,-0.471661436698811,-0.791448808464091,0.180594956843829,-0.289410669520928,-0.882396112892008
ugt-49,-0.293298689370667,0.505157883199378,-0.616345514359048,-0.47427378279684,-0.313286707174769,-0.343378067367735,-0.398129658142718,0.673638276884191,-0.594929664507156,0.0242556102522708,-0.578955768419554,-0.616345514359048,3.0258915961617
Y105C5B.9,-0.503264089269233,0.198015021249829,-0.450626156432619,-0.34242838128419,-0.541331032492963,-0.410723930026292,0.00539693676698135,1.12536218669534,-0.547956372240119,-0.547956372240119,-0.372432802168256,-0.547956372240119,2.93590136368176
nhr-80,-0.620290089692519,0.83028540652457,-1.34801998846948,-0.462111132784938,-0.509567679303243,-0.100374058189125,-0.531375741538855,1.61303685722947,0.658536669342769,0.0871452748751465,-0.130866022081587,-1.34801998846948,1.86162049255727
rab-10,-0.404757355959532,-0.359952488815987,1.89706322573559,-0.667025667705391,0.198267156779832,-0.606114834747325,-0.442253698752771,-0.636338234153494,0.0640859304032043,-0.636060584777693,2.42371609671285,-0.532748396979246,-0.297881147740042
tiar-1,-0.735677132576578,0.348559158641676,1.23864481645938,-0.914677907180244,-0.774619306069803,-1.01950241111945,-1.03084921628442,0.553075941600982,1.39841661762328,-0.96590795047506,1.39271065043628,-0.452297299937616,0.962124038881565
F41E6.5,0.168715757253515,0.274167817404584,-1.05117343152808,-0.805153893035358,0.102017657709094,-0.673217658676772,-0.745779572910823,1.04612515403252,0.546070407671716,-0.488399304925394,-0.942296501618388,-0.000956509466867629,2.56988007809026
Y9C9A.8,-0.684275894810268,-0.833677967817159,-0.839709561108509,0.380241210536286,-0.635417431592857,0.742045097902887,1.99895925523427,-0.824915016185281,-0.839709561108509,1.5759793426592,0.133397066265705,0.666793021132751,-0.839709561108509
ddp-1,0.347262345853927,0.44818880152491,-0.943925514613716,0.260434329344872,0.302037239310483,-0.0549205561656747,-0.572600048307991,1.74253266895993,1.4219542260729,-1.35805015841943,-1.20465064060179,-1.16066364962827,0.772400956669846
ccdc-47,-0.135033257666467,0.163711548957051,1.19906065589951,-0.552516160908418,-0.0455756555515317,-0.542058686651996,-0.657760066879944,0.557799976005823,-1.54019994385238,-0.43470309684716,-0.946910645220969,2.3066478764709,0.627537456245585
Y46H3C.7,0.276069801349622,1.86543712975718,0.577540577920066,-0.618447297859246,-0.535171918806191,-1.02876117274957,-0.984752207491197,1.62386314547238,-0.015113441380328,-1.09600953609479,-0.846474204380682,-0.134860431392399,0.916679555655145
Y52E8A.3,-0.366298670043465,-0.358769212678144,0.214615623533143,-0.212248300761241,-0.366298670043465,-0.090037798822936,-0.301898745297761,-0.353060061996812,-0.366298670043465,3.28089811465598,-0.366298670043465,-0.366298670043465,-0.34800626841491
zipt-7.2,-0.183241503125041,1.3424334081237,0.751670596175626,-0.330588283684878,-0.487921947910874,-0.443326762770103,-0.676209224049765,0.905959649147475,-1.26590425145621,-0.488594501749729,1.00617089015807,-1.63290435593533,1.50245628707705
chat-1,-0.575543902661525,-0.0612908788862975,2.52290482105686,-0.402447295244872,-0.694890642645355,-0.278954973564095,0.0136880485044527,-0.423990960776964,-0.104862016969712,-1.07901854776181,1.68614623443033,-0.615452098081605,0.013712212600598
baf-1,-0.474779735034959,1.03160135495809,-0.172360770596151,-1.22533900266088,0.0102625490841865,-0.00200279240687595,0.873632120805362,1.17010912609709,-1.41132696933471,-0.658383058448102,-1.3670168902435,0.741306957945573,1.48429710983486
gck-1,-0.318179035830952,-0.414991295665489,-0.534080210513569,-0.462738835564034,0.17086144251295,0.150080136680398,0.15538702684519,-0.533514302982102,-0.500286696385719,-0.711934544728057,3.09098435687719,0.479162668661789,-0.5707507099076
Y66A7A.7,0.504869547833803,-0.962259551121278,-0.969797718273662,0.545174746603991,0.17102562211373,0.823367698026292,0.547397356591156,-0.954352595514525,-0.969797718273662,0.793825077455616,-0.714287655203522,2.15463290803572,-0.969797718273662
ppm-2,-0.270447708608421,-0.250121458724074,3.0128589645137,0.10206304211596,-0.170627304112998,-0.0321813375532074,0.0923339137886775,0.196008325256567,-0.960709459886122,-0.544059580150855,-0.014633677027873,-1.21543013436024,0.0549464147488888
K02B7.3,-0.651370303840195,-0.150824846661299,-0.548456070283973,-0.203912098530628,-1.15347260754898,-0.203218158516926,0.710119164250624,0.247551453594901,0.213775988690251,-0.995713717912329,2.64861897567901,-0.736655389976638,0.823557611056186
Y44E3A.1,-0.324584926140676,-0.392802844050466,2.24138597051096,-0.632000718918452,-0.0861920205503261,-0.483614499210707,-0.604587983301433,-0.245277230249848,-0.305900930522849,-0.568339941846995,2.18677134286906,-0.660346716068054,-0.124509502520209
T26E4.9,-0.273966118233461,-0.277657575171651,3.32819944512162,-0.277657575171651,-0.277657575171651,-0.277657575171651,-0.277657575171651,-0.277657575171651,-0.277657575171651,-0.277657575171651,-0.277657575171651,-0.277657575171651,-0.277657575171651
phb-1,-0.0616881230046655,-0.283255371048814,-0.0016739957177358,-0.35915758983945,-0.0934280042452212,-0.461969503601048,-1.05605686457101,0.563178562183346,0.886902732193124,2.48714509141586,-1.73449776827447,0.326386344325047,-0.211885509814959
egl-26,-0.175086556634674,-0.326332054230965,0.221521693154166,-0.529070203201533,-0.00321081235830308,-0.160366821083793,-0.432756421458366,-0.274174588052704,-0.275087912254391,-0.73485858596766,3.21569740701965,0.0114568716766124,-0.537732016608044
tag-340,-0.705035290965053,1.36922726948779,0.104389017670983,-0.732759338313854,-0.668730527112296,-0.626907467607593,-0.686457638656262,1.42938367057266,-0.111857361870928,-0.201557124933548,-0.595191791532545,-0.753935464793877,2.17943204805452
fubl-1,-0.583956023674432,0.759650318772532,2.30836600888148,-0.895577985460246,-0.617467205733743,-0.713190797383676,-0.720283762163662,0.738577089852254,-0.513744173176462,-0.815390376256359,0.66107936959719,-0.68564155565269,1.07757909239781
ZK265.7,1.03869451784251,1.04878703486553,1.32558270263904,-1.07904305005456,-1.0645417583332,-1.07904305005456,-0.548767417189753,-0.0533162821191259,1.06252267161074,-1.07904305005456,1.21727389596381,-0.06920997580265,-0.719896239313214
C16H3.3,-0.707977402032486,0.290501824779802,1.35549509447608,-0.851244628061838,-0.942897293347861,-0.794549779959891,-0.84523459948404,0.452305433522462,1.18896962268485,-0.429981049265748,1.1666003271668,-1.25373397596432,1.3717464254862
timm-23,0.337624902236713,0.42916667541279,1.19935032164958,0.256604151889656,0.318658161779953,-0.0703346442144882,0.469648091294869,0.973262922162821,-1.89572963038647,0.586533895806776,-1.23149386490296,-1.8104525100216,0.437161527292362
Y110A7A.21,0.386480964801116,-0.0143668269951842,-1.76226085740915,0.369201981198312,-0.0201980598568127,1.30265361857676,1.30310323275013,0.105544721285517,-1.38295229609331,0.0353601599123717,-0.421942092466483,1.29572950546301,-1.19635405116627
sam-10,-0.433632194032804,0.419256161679176,2.90778522632314,-0.730173425451831,-0.483322548826241,-0.544878061694945,-0.581938105081231,-0.0316965623823587,0.497506368053392,-0.766119792540067,0.591720773498974,-0.766119792540067,-0.0783880470051367
clec-56,0.257879944112225,-0.56263336579754,-0.56263336579754,2.7324429325398,-0.417550629490899,-0.56263336579754,-0.541167165506281,-0.547019277931429,1.02662963954285,-0.56263336579754,-0.56263336579754,0.864584751518969,-0.56263336579754
rbm-34,-0.647815817692887,0.906970791092043,0.613650121248675,-0.889113118544041,-0.805019503027443,-1.05546969979273,-0.787298581827119,0.86629568104032,1.97205356503525,-1.18818289685761,-0.384610910555958,0.573546092500314,0.824994277381179
ard-1,-0.522611746482175,-0.470451633857701,-1.10695371951001,0.248444646295721,-0.473294196292953,0.571668802587006,0.911471162573891,-0.510559095986475,-1.01029526029598,2.71596786782208,-0.19707229866604,-0.331125125346824,0.174810597159471
R151.2,-0.50649434192795,-0.630426964128772,2.16612614353542,0.226098595217942,0.137455192338965,0.711020240154324,-0.285772567516806,-0.624073424324691,-0.110251807808747,1.66809786424482,-0.977924397922607,-1.26302761487034,-0.510826916991553
T19A6.1,0.120958295973806,-0.505246332662331,0.34952489044395,1.71579526692775,-0.529980021764991,0.884267765046575,0.206702996134677,-0.809574979417115,-0.543650339036963,-0.911617530842314,1.95886960141832,-1.14845724181591,-0.787592370405457
C09D4.1,-0.269741745542758,-0.369663635787132,3.31520172542053,-0.0903550297431774,-0.310802497546427,-0.216768223989513,-0.191056824721187,-0.378706362653313,-0.378706362653313,-0.378706362653313,-0.198176487208941,-0.251175173713322,-0.281343019208128
sptl-2,0.730482722400131,0.0636525056494818,-1.13486317825422,-0.393103403071075,1.04638457067016,0.603070835273646,2.17053894617076,-0.424966133890592,-1.33986026739109,-1.24725449468649,0.367463502468212,-0.0133264229087298,-0.428219182430198
C33A12.19,0.196369480940703,-0.917003203927876,-0.0657746541424317,1.66513834792455,-0.503351494399738,1.90263686211562,1.02131838708781,-0.917003203927876,-0.917003203927876,-0.150720252241093,-0.852810434988694,0.435671664497855,-0.89746829501095
mag-1,-0.333894983267214,1.11683156703072,-0.322509397102835,-0.660991891943478,-0.42058475685969,-0.514819578642247,-0.776023449952897,1.377724310923,-0.420987710149328,-0.902978318566855,-1.03964651923058,0.783474491899078,2.11440623586232
best-9,-0.296233688792565,-0.139794914589495,-0.438523361594793,-0.387725828146462,-0.0138778012705729,-0.388637219356154,-0.426002647284978,-0.217029429594569,0.105992949624853,-0.46891271229532,3.27137804455875,-0.46891271229532,-0.13172067896337
tpst-2,-0.320244220693867,-0.256190887305542,3.31224941657292,-0.288961816715452,-0.322585302887418,-0.334530845760994,-0.323680450071552,-0.0832876223876836,-0.334530845760994,-0.334530845760994,-0.334530845760994,-0.334530845760994,-0.0446448877064367
Y71F9B.1,-0.548740874299216,1.75135947693603,-0.324442293369601,-0.604088768700845,-0.633503661637132,-0.658798256364646,-0.58084452260028,1.94382779347732,0.0541499898707475,-0.683184347990079,-0.466500070474266,-0.683184347990079,1.43394988314205
F28H7.3,-0.24916964560556,-0.269998290233192,-0.692782493895046,0.0357521878278356,-0.668245398436097,-0.388640900846289,3.01359755884704,-0.578421550834793,0.366090577611462,-0.080713193872392,0.706102282374738,-0.692782493895046,-0.500788639042664
nhr-68,0.992379040741602,0.069577967707479,-2.113344356835,0.575590857840012,0.565081007653676,0.730626810442953,0.580687600975174,-0.20370578544394,-0.103113602434256,1.0209480878818,-1.43127416428308,0.565444656319082,-1.24889812056551
erd-2.1,-0.170151444729203,0.777184234837434,1.27844136048125,-0.519606694732759,0.313112959546508,-0.477300639015887,-1.16589651924989,1.24975995171492,-1.5245414466078,-1.2137268851002,0.0612834936039063,-0.154687711081142,1.54612934033287
F08F1.3,1.65497174899168,0.487408114332881,-1.19934420022742,-0.315806609228727,1.58293032918695,-0.204701984735643,-0.774633917647224,-0.261828761744854,0.413945106864381,-1.13755690205066,-0.922760247279695,1.26682265762524,-0.589445334086915
Y46D2A.1,-0.283126405553139,0.220647435831239,-0.902779803842405,-0.550029180163682,-0.460513129893548,-0.779311560800018,-0.332119507216226,1.96378386914476,0.213546365248988,-0.902779803842405,-0.503291930092587,0.115950788980433,2.20002286219859
B0353.1,-0.451197055044858,-0.0759741896646236,2.46563752258561,-0.680299267119973,-0.451432059443139,-0.500620966398489,-0.0186389495402383,-0.175931414326434,0.0269815065666912,-1.0538500830189,1.79960539204193,-0.546731359358518,-0.337549077279063
phb-2,-0.342753955496063,0.477036424231293,-1.1347447628157,-0.17164194189252,-0.785003572797659,-0.629703586027213,-0.825679333589913,1.49549707186416,-0.531090396829539,1.30905927784057,-1.18857716830375,1.54430063131338,0.783301312502954
ptr-5,-0.458143228357261,-0.140124498305391,2.53679109013109,-0.463504425341101,-0.418773836247867,-0.450643772916458,-0.411613556028516,-0.450896303791041,-0.294932517533428,-0.463504425341101,1.91394263378348,-0.463504425341101,-0.435092734711309
T25B6.6,-0.337950865117471,-0.342625200943375,-0.342625200943375,-0.29851341342467,-0.323033297876089,0.452690092104414,-0.342625200943375,-0.342625200943375,-0.342625200943375,-0.342625200943375,3.24780909186082,-0.342625200943375,-0.342625200943375
pptr-1,-0.303594433733164,0.103811395174508,1.74155506501618,-0.699919471883031,-0.647352962358308,-0.743199387143482,-0.593366804237105,0.281511803372104,0.367869269218111,-1.02280568801211,2.28202139359831,-0.763095895607397,-0.00343428340462021
nhr-47,-0.37357892788513,-0.171981701741954,2.37568226788621,-0.564363416570501,-0.387658476669118,-0.679131185101533,-0.466210985262423,0.0860346175924141,-0.371533938497509,-0.637909517715983,1.96226636734178,-0.797563319802915,0.025948216426665
nhr-21,-0.241817835732968,-0.17313846171343,0.202669811133098,-0.464995390599829,-0.266040432855393,-0.466603227151328,-0.338097505893863,-0.24916998191017,0.0486936405266109,-0.518563279938824,3.25238561826413,-0.518563279938824,-0.266759674189212
T24B8.4,-0.438962684764019,-0.381827239710948,0.227963328621689,-0.439927568069555,-0.285048639805619,-0.235521248140517,-0.288618090291425,-0.443806642222455,-0.443806642222455,-0.443806642222455,3.2032455581842,0.39970941237688,-0.429592901733322
elo-9,-0.0887003927253923,-0.837431442477048,-0.414681401843667,-0.141074667093477,0.183765432825203,-0.595842434213731,-0.79214697373824,-0.409554109681869,1.23477088316209,-1.09759158989589,2.65937650944502,0.33471104417196,-0.0356008579349625
Y50D4A.10,-0.053452660036398,-0.986005403441547,-1.08873322029242,0.212125932200628,-0.297333708055759,0.358230500506672,0.61395420879218,-1.09876739458651,-0.813831249530597,1.50614890439597,1.69876829509943,1.01745014408047,-1.06855434913212
mtl-2,0.984919774047107,-0.890631208842558,-0.946314478121101,-0.0328090887154399,1.70095346142103,-0.145968860275841,2.01219001409152,-0.52991906124277,-0.551889516384354,-0.282706765368286,-0.79682899257586,0.425319200087652,-0.946314478121101
T24F1.7,-0.450455251212474,-0.322430419162112,0.968647037475892,-0.45516789636385,-0.417928133093123,-0.348174080356591,-0.45516789636385,-0.45516789636385,-0.285176538679977,-0.45516789636385,3.05548544310468,0.0758714237429509,-0.45516789636385
atf-7,0.0771197237673632,0.0109594464908539,0.187543036175007,-1.04821125616896,0.213573626602642,-0.802130828241516,0.489987268348288,0.518855460398924,0.796899581291093,-2.37055339626363,0.395379200555907,-0.2543813103277,1.78495944737173
snrp-200,-0.453057118769204,0.92106306016722,0.643979834829405,-0.671277751609764,-0.664554486251206,-0.845414868307091,-0.750548220100393,1.1040037916286,1.14056194028074,-1.019937290934,-1.08464535797334,-0.212235668054549,1.89206213509358
asm-1,-0.424412252728502,0.623687374104751,-0.357573040020185,-0.434794176061779,-0.434794176061779,-0.434794176061779,-0.434794176061779,0.254877706986658,-0.195701912241589,-0.434794176061779,-0.434794176061779,-0.434794176061779,3.14268135633132
vpat-1,-0.087496123249748,1.25917824390492,-0.783719033704788,-0.0469254801877405,-0.290742700617727,-0.596217008872834,-0.600337213791632,1.49214293149245,-0.547361588054178,-0.241166284428951,-0.632558730368012,-1.10975526028181,2.18495824816005
D2045.8,-0.0329604259970795,-1.05809324818024,-1.07541793877696,0.635870910179184,-0.525075169640984,1.10160693120809,1.1457546733222,-1.05690702670442,0.033610485151649,1.33156796450023,-0.7853829579769,1.36084374169219,-1.07541793877696
H03E18.1,-0.304013420969584,-0.304013420969584,3.31397401795337,-0.304013420969584,-0.304013420969584,-0.304013420969584,0.0301736127120562,-0.304013420969584,-0.304013420969584,-0.304013420969584,-0.304013420969584,-0.304013420969584,-0.304013420969584
C30F12.5,-0.340401602630393,-0.334021410787376,3.30632736158468,-0.329813022889985,-0.334506691213061,-0.340401602630393,-0.333023041571063,-0.326778752127261,-0.126011495217146,-0.340401602630393,-0.232890919171995,0.0456826892506953,-0.313759909966303
hex-1,-0.59959405723712,0.342619621360795,-0.119482982314118,0.0527928434456026,-0.376355733046968,-0.307142140201762,-0.578234533137097,1.43243135345162,-0.641321037474937,-0.641321037474937,-0.618814467288926,-0.641321037474937,2.69574320739279
snt-1,-0.37513618368992,-0.382719844669037,3.12897261480326,-0.382719844669037,-0.382719844669037,-0.382719844669037,-0.327032711814649,-0.382719844669037,0.863414950335915,-0.382719844669037,-0.382719844669037,-0.259352749134605,-0.351827007816743
W09G3.6,1.01362665232473,-1.02033819226771,-0.867582482838374,0.456255625800978,1.05040991405048,0.783186288779678,0.944745669688188,-0.979617436732751,-1.08514979524564,0.304424074448822,-0.883985727286094,1.4284177519415,-1.1443923426638
Y73B6BL.27,-0.621088745336665,-0.361619032723241,1.7084532939354,-1.08309669869601,-0.438611110951894,-0.511389872926049,0.605213139765978,-0.214022236745619,-0.888203619196707,-1.1924119281996,1.70302169364571,1.18429994451696,0.10945517291173
cdr-4,0.899703469090362,-0.906462756946206,0.253872972808238,-0.402793954901135,1.68958959855619,-0.0449131683626022,1.12635562422234,-1.02233619697906,-0.697597228304132,-1.05805030143991,-0.323149900488228,1.49649687911281,-1.01071503636866
unc-37,-0.603487639060839,0.314677765890931,1.57555005759258,-0.802929811071921,-0.636196419021677,-0.718907664638025,-0.754520298083707,0.708265963065316,2.03485694725219,-0.897962024119541,-0.126330156978906,-0.897962024119541,0.804945303293142
nxf-1,0.809803694939129,-1.28172885459469,0.640224784031985,0.235537549949468,1.08054997036392,0.922030480876336,1.0490266496188,-1.2859238564129,-1.13812441169253,-0.379675346845458,-0.39925747695709,1.06403770086691,-1.31650088414387
F57B9.1,0.1864033498663,0.513609015286642,-0.583047550432732,-0.656746867766834,-0.265813080176141,-0.670079379107495,-0.572732012864952,2.31428899192597,-0.705478721814239,-0.876071320698162,-0.62057491246891,0.192960513354469,1.74328197489609
K12H4.5,0.211672094985076,-0.0720242130716037,-0.875513017380082,0.584592512463575,0.0266428056463173,0.559156554955446,0.236311294733481,0.804357189258128,-2.44025234215341,1.28834607295808,-0.551758252306771,-0.855387235923353,1.08385653583511
nbet-1,-0.201594932351054,0.422308251843343,0.679184241036391,-0.851002143438149,-0.507434826687758,-0.977639012030369,-0.319456135458539,1.48527545560832,-0.0929659922150603,-0.913224411296674,1.08413744306457,-1.49087763133048,1.68328969325547
K08D8.3,-0.0377725180168953,-0.802242060231767,-0.675212404723359,1.78892706002609,0.476890583831961,1.93586842247871,-0.26301435413052,-0.861006999486321,-0.861006999486321,0.992653336647139,-0.678603375358043,-0.183324288892861,-0.832156402657814
Y66D12A.13,1.20718120611596,-0.315928287482518,-1.06275863166287,0.28887040040767,0.75866467657368,0.606911027244612,-0.413350984504268,-0.862758941117818,-1.12050332272936,1.10367605490846,-0.935939648859168,1.74100579279019,-0.995069341684565
lsy-12,-0.475496923063892,-0.000217126919386476,3.00159539925579,-0.486657737745205,-0.399110088237535,-0.43972294915005,-0.641689623132965,0.0914281472446581,0.704628124018521,-0.788001460276688,-0.07233245552398,-0.75209571899447,0.257672412525202
egal-1,-0.0930937502293072,0.0205724282712764,1.69202286609567,-1.06156877058396,0.0809694007612535,-0.807815797744528,-0.602735402156886,0.325487159426264,1.92036009437294,-1.50116685481175,0.733678295976902,-0.621121984890881,-0.0855876844869957
tre-3,-0.521389787942938,-0.790618179522945,-0.522090157865384,0.522944448266568,-0.73135532030454,1.66226297180907,0.094118500496795,-0.806079418303938,-0.340338366030597,1.98047019319243,1.09856591687748,-0.823245400336001,-0.823245400336001
lfe-2,0.455843686626537,-0.750914850256323,-1.16832481706623,-0.669633242217053,0.568078854926015,-0.485594477852139,0.193613487968717,-1.29576723570979,0.559456488209728,0.966881498275672,2.19946814074675,0.380600544762973,-0.953708078414852
pcp-2,0.0757668506742739,-0.519914932192768,-0.519914932192768,0.972583572616109,-0.519914932192768,-0.519914932192768,2.910036923962,-0.519914932192768,-0.519914932192768,-0.519914932192768,-0.345261737114678,0.546193847404445,-0.519914932192768
pkc-1,0.453950871174541,-1.26926560901938,1.02377176775093,0.529947165183145,-0.151146576194204,0.952759703920894,1.16247975591162,-1.10719656572646,-0.722078181024838,-0.240827708305992,-0.857402092366332,1.52782235888825,-1.30281489019219
ehbp-1,-0.0687089194440584,-0.29430892280154,0.590521510166131,-0.417459107409154,-0.109706052272834,-0.419874668394865,-0.402983825533787,-0.358303557215462,3.15245464699649,-0.809366193148523,-0.32781215838661,-0.0894042675911798,-0.445048484964611
Y47A7.2,-0.329252635478938,-0.343038060955199,3.23296513683133,-0.343038060955199,-0.343038060955199,-0.343038060955199,-0.343038060955199,-0.343038060955199,0.51819110618471,-0.343038060955199,-0.33456105894032,-0.343038060955199,-0.343038060955199
K11G12.6,-0.630126720356467,1.86802088588295,0.0563742880638848,-0.733798069621739,-0.677675917799033,-0.658028504886629,-0.72863672291859,1.35945604739547,0.688790418227705,-0.851813433776092,-0.34313823279613,-0.851813433776092,1.50238939636076
eif-3.F,-0.0506574050035919,0.208128929152378,-0.361966676283112,-0.379247130333922,-0.369419024311055,-0.483983210124471,-0.205046887781545,0.797147203389398,2.89333366975068,-1.20565848909608,-0.569590100403853,-0.607885055345975,0.334844176391153
pqn-53,-0.753052800153915,-0.0406437375805959,1.95763405718068,-0.738728231694616,-0.500848851496846,-0.75977893046696,-0.90322147501897,-0.13342380866997,1.87667844135153,-0.252337560257484,0.60711747885574,-1.0081640801207,0.6487694980721
Y57G11C.22,0.332968344904453,-0.812258557896393,1.118014718924,-0.290242814743758,0.0864270127729979,-0.123352963504439,0.359550408426754,-1.09267222469117,-1.21738486330855,-0.594993094649061,1.60962242193941,1.71349229371683,-1.08917068189108
memo-1,-0.359075409924263,-0.171638839593894,0.876566486884948,-0.75219915529069,-0.0532395748961321,-0.577145693215395,-0.667135710204602,0.223710140619432,-0.273258324333202,-0.836072812578945,2.79362371619371,-0.836072812578945,0.631937988917983
F57A8.1,-0.538005671382244,0.269216829215722,2.63097671210206,-0.655004294526776,-0.566382877255275,-0.624547098392471,-0.635203670499677,-0.0771811151531391,-0.089496474021707,-0.965712978954269,1.4456941878761,0.144881409820241,-0.339234958828572
Y37H2A.14,-0.37072623663858,-0.463306743424549,-0.470587906293795,-0.470587906293795,-0.356658060678207,-0.384587771918459,0.751173463913651,-0.470587906293795,-0.470587906293795,-0.470587906293795,0.634866377144888,3.01276640936403,-0.470587906293795
bre-1,1.88427308546908,-0.789688540749235,0.119103351378945,-0.273302274044383,1.69638419315824,-0.366754371007586,-0.299349627586432,-0.372876303241994,0.458278142422939,-2.03147121451273,0.0870265518033026,0.213868454456458,-0.325491447546612
F55C12.19,0.117563890652509,-0.828262098722415,-0.842835192643753,0.983688245919381,-0.487078678354896,0.84749735231386,2.51131371420851,-0.842835192643753,0.251967560320519,0.342536485872198,-0.492512836152718,-0.718208058125694,-0.842835192643753
isp-1,-0.094966953258436,-0.784871921291723,-0.0935871152934016,1.01370177579239,0.356729343398368,1.0581000336207,1.98358717240213,-0.710631915686033,-1.39915314597542,-0.79342963950135,0.754033536965598,-1.22138977940987,-0.0681213917629326
catp-8,0.0698670935809783,1.43600789643808,1.89975122046007,-0.858191431672801,-0.454356320242106,-0.784846069812518,-0.783186658200152,1.20118685588915,-0.230284083867076,-1.50029521153211,-0.336789353166833,-0.170949170774809,0.512085232900127
tes-1,-0.304242390370321,-0.616844890033973,1.46966846961938,-0.581368348099288,-0.618891531448595,-0.529569858543043,0.14707650759389,-0.541221595021784,-0.626411063958775,-0.626411063958775,2.48712419724818,0.885479683517967,-0.544388116544857
C36A4.10,-0.314039318258581,0.693086589901206,1.9933557665331,-1.07233440790132,-0.0638813455622077,-1.06028756376708,-0.668994839044852,0.64932359982009,0.412589182024708,-1.29957895731705,1.39197057190777,-0.708003624092375,0.0467943457565874
hmg-4,-0.539953515049788,1.66729600756946,0.38914231381302,-0.847139232141559,-0.822074810078517,-0.944327314154183,-0.932247200914429,1.21634118741175,1.02744714945855,-0.825592284643219,-0.489997994697017,-0.332566803735764,1.43367249716169
smp-2,-0.100602116213429,-0.0618212842638478,-0.61216578503472,0.246532224354792,-0.508518832176496,-0.279931346129148,0.205238369840899,-0.553352543668315,-0.718530875458202,-0.334122886760829,0.178891838692841,3.13783226455711,-0.599449027740661
K08F9.3,-0.299618398056033,-0.299618398056033,-0.259035853193654,-0.299618398056033,-0.185635977332551,-0.229714212286239,-0.254718501266241,-0.299618398056033,-0.299618398056033,-0.299618398056033,3.32605172852695,-0.299618398056033,-0.299618398056033
tufm-1,0.74036178018057,1.2359659300623,-1.55520073107585,0.442042732579526,0.536070585450688,-0.42420399815672,-0.572550154316059,1.49234587520836,-0.50502517733611,-0.871006925409436,-1.60711196050841,0.321392617542149,0.76691942577899
R160.3,-0.283680685422486,-0.206965430208021,3.32745296985537,-0.283680685422486,-0.283680685422486,-0.283680685422486,-0.283680685422486,-0.283680685422486,-0.283680685422486,-0.283680685422486,-0.283680685422486,-0.283680685422486,-0.283680685422486
sti-1,0.180305445875667,0.956505565406374,1.11936098276104,-1.11682596148276,-0.587299110778962,-1.13911802125143,-0.760289343449651,1.75483182041344,0.213371454667961,-1.52080550913124,-0.154716199751441,0.923474170974967,0.131204705746036
aakg-5,-0.176797898088012,-0.425339825957855,3.26574160849888,-0.360034029511971,-0.204895645546434,-0.121892588031252,-0.200651713702839,-0.464285097197234,-0.521167403829679,-0.267929305280159,0.225829748364092,-0.320025952706459,-0.42855189701108
fkb-3,-0.374086535010103,0.0766025285448655,3.25820775619249,-0.41687710640032,-0.349767089848575,-0.424499281890554,-0.219538264756518,-0.397750847431071,0.228885651386407,-0.424499281890554,-0.242080755740875,-0.424499281890554,-0.290097491264638
C41G7.8,-0.475102874853314,-0.670197091133535,-0.749607023910061,0.815082568427448,-0.434098323433701,2.05936789168364,1.9757518915363,-0.706804805686269,-0.749607023910061,-0.170875731230379,0.181501816689975,-0.358918127068096,-0.716493167111945
T09B4.8,-0.347067986239645,-0.106249404581276,0.827354985584059,-0.686537915975421,-0.539367447025958,-0.636832692756061,-0.611645675628924,0.353766735300285,1.86812062849335,-0.00266961793007426,-1.01117654832583,-1.0714452973592,1.9637502364447
dim-1,-0.351985530271864,-0.220914806557622,-0.0937530847289916,-0.3462613211179,-0.327553462741097,-0.34072852483082,-0.325682953453844,-0.171389853015326,-0.395300239787016,-0.417839381980469,3.31025588445617,-0.14702259218805,-0.171824133783169
ncx-7,-0.241377516279229,-0.690204495756811,-0.690204495756811,1.66483756001776,-0.010152508516367,2.45177531664685,-0.328589369865778,-0.676356499050433,-0.690204495756811,0.652574264874995,-0.45836051103639,-0.342948052552395,-0.640789196968571
rpm-1,-0.403089031444584,-0.370594123809914,0.870581922249686,-0.454351847344122,-0.32530249441626,-0.428591830030912,-0.509990557029674,-0.490086543790401,3.02203011955908,-0.598683010011188,0.372447690577275,-0.139630385437716,-0.544739909071266
dhc-1,-0.430031141591834,0.496724112346204,2.04389552428162,-0.772696758618175,-0.425333034788327,-0.730944950170174,-0.506512399289729,0.258706257870103,1.86890529147627,-1.41581370084756,-0.1258916405243,-0.452877884929236,0.191870324785129
acdh-11,-0.218908610491533,1.10435291855311,-1.09125860541124,-0.484941784174246,-0.0937638740486065,-0.687428932869978,-0.821350214943585,1.44455750479284,0.835502928638534,-1.34487527718748,-0.946339281816187,1.20786822686948,1.09658500208888
K12C11.3,-0.0675199506185842,0.0980098787966098,-1.38241883057612,1.00317538139803,-0.420730457532638,1.53642248789196,1.78054564499989,0.262201777880423,-1.38241883057612,0.0606534646398333,-1.00755422409045,-0.59117434888191,0.110808006669065
C10G8.8,-0.157610649403003,-1.16398551870157,-0.544938197255678,0.124722069090456,-0.345344595581901,-0.0246430420433691,0.317252490332086,-1.20928703368416,1.53371749248257,-0.108750537195905,2.15778349520559,0.558236365757996,-1.13715233900312
Y54G2A.7,-0.362658233901698,-0.402942489427581,-0.402942489427581,-0.375944537186404,0.192071107703542,0.560296637151656,-0.371496211500205,-0.402942489427581,-0.402942489427581,3.17832866372617,-0.402942489427581,-0.402942489427581,-0.402942489427581
pnk-1,-0.0120523531287068,-1.07365504349604,-0.789613441203032,-0.0198207716093081,0.639686790188448,1.67375523654936,0.433275760808061,-1.20823981478737,-0.323455577113951,0.595025617930204,-0.769333103954351,1.83245982448237,-0.978033124665686
fzr-1,-0.804657512847728,0.515807456758175,0.908573939856442,-0.936457481767923,-0.668591863144423,-0.889394033692884,-0.840847516859749,1.75521255595729,1.42786790035514,-0.977172340663095,-0.0592076297995122,-0.489903426000922,1.05876995184919
rilp-1,-0.559906788377166,-0.248109782157365,-0.10398752752418,-0.564834832463947,-0.530649769527871,-0.596493331688801,-0.419352381534196,0.343438395865816,2.98750026508794,-0.658678656197358,0.883689077019315,-0.0636582252550678,-0.46895644324712
pcyt-1,-0.535123145865612,0.533156235021405,0.135464221670699,-0.722236426276317,-0.46703645992312,-0.655362564855878,-0.636058287539034,1.89209853540815,-0.318562051407262,-0.730992415213066,-0.580025797513564,-0.205053873535608,2.2897320300292
tmbi-4,-0.440175211422064,-0.701425769983491,-0.149721422956838,-0.0356158998762993,-0.470180288748357,0.0540627443315194,-0.15922414309403,-0.646382362696284,1.31880407287329,-0.0217527347774937,2.77811734295994,-0.745311774101494,-0.781194552508397
ubr-4,-0.699231424141049,0.662591500928609,1.67751017854354,-0.588289426548414,-0.580114123865063,-0.394045291889205,-0.298767161071811,0.0215360628226956,1.37906943705922,-1.26285305033927,0.735010593204802,-1.5673166781577,0.914899383453634
gfi-2,-0.0715696562135578,-0.203226397125521,2.03556646476253,-0.571204142476812,-0.338153334092475,-0.452382316108341,-0.406558564760161,-0.612854860130295,0.165389575952063,-1.46131751793466,2.03151143291243,0.347008435641211,-0.462209120426421
ain-1,-0.66183040271375,0.660617193286107,2.20760735325972,-0.900142793717054,-0.454341747093228,-0.915618793880439,-0.876293415701065,1.05392741663764,0.0436105908385454,-0.959533713702138,0.0768174870227825,-0.451930748669083,1.17711157443197
mtl-1,-0.301537862913719,-0.563728636132047,-1.22723733869436,-0.139269442335011,-0.0887582803826467,0.510490557201342,0.53163347585016,-0.886790826622524,1.90276627942799,0.360331030335974,-0.62238625016379,1.75438986053808,-1.22990256610945
sma-2,-0.059237512227793,-0.821959167131321,0.0725839783744977,0.642602017119033,-0.589687725445093,0.725416710278699,0.87404508713242,-0.803652265370674,-0.866094264777082,2.59672314085774,-0.463074643660807,-0.48594484083981,-0.821720514309807
Y41D4B.11,-0.368610464136009,0.482052315583238,0.0163033587983756,-0.667109524518864,-0.230350219600549,-0.842328740995849,-0.648940023264753,0.914324380633996,2.65612712563157,-0.829896268223759,-0.631338717293291,-0.63688099362705,0.786647771012942
sop-3,-0.288412281741607,-0.0124700658001952,-0.0874270174874288,-0.314616508541504,-0.315778803970452,-0.432094203410222,-0.589157811650712,0.159450474302147,3.24291692493322,-0.208413297980993,-0.688090627544256,-0.300530113894655,-0.165376667213335
F09C8.2,-0.572009054271081,-0.239061951611018,1.84499617001451,-0.987121683549845,-0.597226982633716,-0.979777386132766,-0.387134406880026,0.710817213895128,0.551034670871183,-1.57800090106852,0.400138609027651,0.354960383332217,1.47838531900628
C24H12.4,-0.10838926827219,1.69234684416205,1.22940212064499,-0.923571863306013,-0.668673094737647,-1.12398837555752,-0.85269612607449,1.26880643391377,-0.671461822880107,-1.11427387174935,-0.132334641318407,0.614079901133704,0.790753764041207
dot-1.1,-0.486065086279531,-0.223215970051224,2.62454898301729,-0.621050372902934,-0.60538344695015,-0.822553289920909,-0.549541872839928,-0.255185687772347,0.566498561931123,-0.240099356809347,1.47604992959887,-0.654727049982875,-0.209275341038035
ncx-3,-0.385202138193911,0.0306208095128655,2.10061421430507,-0.65273712017945,-0.389744898408964,-0.599999788214799,-0.567483259067652,-0.376162856101475,-0.390291975327773,-0.750852735395545,2.29361951988544,-0.230387455577052,-0.0819923172367546
fbxa-24,-0.359635675029012,-0.375264538586738,3.29028456789612,-0.361368285591659,-0.334672464372377,-0.369998061041033,-0.25439422543381,-0.32917977422599,-0.199418534660495,-0.375264538586738,0.177460878719332,-0.18390297252257,-0.324646376565031
rskn-2,-0.570483487554605,-0.980343922562391,-0.787149085744644,0.393975413871344,-0.51239605717248,0.858055101068579,0.749122761133109,-1.09889459737089,-0.265824972546183,2.35352708633514,0.626674584467839,0.27832096580924,-1.04458378973406
arrd-7,0.831159245730746,-0.919787973151107,-1.00693911329146,0.146519014289903,1.0157898027721,-0.147317825904448,1.9721365252407,-0.915804127105515,-0.441986355729012,-0.909688658086288,0.0872151675771237,1.27882385189165,-0.990119554234394
cyp-44A1,-0.481616782156469,0.500349392993795,-0.539706061000808,-0.478521090878688,-0.476891250790454,-0.458188912669405,-0.417928544836866,1.05899751979855,-0.539706061000808,-0.539706061000808,-0.516513265737464,-0.0113357838754714,2.9007669011549
cdr-6,0.422248965389479,-0.14516819252553,-0.92430577960762,0.884099922862626,0.312029852788454,2.64045202128443,-0.0466567045657135,-1.15424327585666,-0.156150436827625,-0.782090203429856,0.359726829373803,-0.678202127392679,-0.73174087149311
atg-18,-0.871841510884426,0.00843923577678424,2.43545433722832,-0.85291038661828,-0.287209712109474,-0.546374416150554,-0.617022535994016,0.5205430671602,-0.192683657848702,-1.31721753168216,1.08302266665486,-0.128150708356581,0.765951152824028
jac-1,-0.598555490701762,-0.085053455398748,2.86391879576779,-0.628110681136099,-0.659466965292796,-0.633810542881029,-0.432965497410477,0.14787074527715,0.792913020266965,-0.695905065159198,0.628265064796006,-0.695905065159198,-0.00319486296860721
pod-1,-0.455737492063038,-0.638174780335471,0.650724654068817,-0.216295353055038,-0.462497343749328,0.0285048556036261,0.138928955352632,-0.777142865754409,0.570169248159582,-1.33038371933167,0.100180485273921,2.79455195083511,-0.40282859500474
ncl-1,-0.578122506760407,-0.872463234171511,0.868834248461072,-0.351835764376105,-0.293077204740329,-0.238966187553968,-0.500559376289391,-0.974705357920134,0.473835652389454,-0.156323289398336,2.40165436807792,1.25995720913779,-1.03822855685605
mua-3,-0.288298830743552,-0.261745819085369,3.32768821077457,-0.278736444258936,-0.288298830743552,-0.288298830743552,-0.276874133404348,-0.288298830743552,-0.288298830743552,-0.288298830743552,-0.264332468770343,-0.288298830743552,-0.227907530050713
sox-3,-0.324279314268201,-0.291506211243443,-0.324279314268201,-0.324279314268201,-0.272264043770848,-0.133814597221592,-0.31411118068961,-0.324279314268201,-0.324279314268201,-0.324279314268201,3.31578856747234,-0.0474951403516001,-0.310921508586042
C55A6.7,0.879987506998286,-0.90598883936036,-1.09373962057553,0.285075625186921,1.78561118177345,0.193990223850047,-0.270774892892437,-0.87748178223839,-0.259129564812863,0.472022970198986,-1.07330585434936,1.70524436575603,-0.841511319534788
cyn-17,-0.356000414891912,-0.356000414891912,0.737379958731617,-0.350122573424072,-0.356000414891912,-0.356000414891912,-0.356000414891912,-0.356000414891912,-0.356000414891912,-0.356000414891912,3.17274676361158,-0.356000414891912,-0.356000414891912
math-20,0.0486701961581246,-0.915525123406762,-1.34959225834879,0.243695809358619,-0.270403121246769,1.13010342505438,1.11692634361941,-0.69254465545152,0.420957730014068,2.15586028121705,-0.972988445782372,-0.383893809202051,-0.53126637198339
ges-1,-0.0902254849106409,1.16994920075115,-1.61956512382971,0.285303884114921,0.200016984287181,0.00213177997948134,-1.23810443900373,0.845874725005002,1.1216765057459,-0.672316789930088,-1.42696512593965,0.0506148433827715,1.3716090403474
F49E12.10,2.56615643928078,-0.715034312998342,-0.819871438965487,-0.00685658707147289,0.876103295347076,-0.216014768040446,-0.00637850560396887,-0.696695576782962,-0.504966427933836,-0.819871438965487,-0.559277191259326,1.25268818155865,-0.349981668565183
vps-25,0.159157059855721,-0.574728690141732,2.69372866737256,-0.905816853875485,-0.398700789125315,-0.612111766219412,-0.424924350183439,-0.0922906083609196,-0.480950025056796,-1.1453910833028,0.889968015263376,0.682455290016412,0.209605133757834
ani-1,-0.637047451942579,1.03698931812158,-0.346367073847392,-0.687020297549561,-0.67449740390395,-0.68276754383644,-0.610266638299332,0.848766973765079,2.33583036643802,-0.69476508601099,-0.678062111661634,-0.380932981863598,1.17013993059079
ZC21.10,0.744472161834255,-0.206980267677412,1.09177359304637,-0.661481994795283,-0.126391950023845,-0.930254349227102,2.04923091200854,-0.557906018904033,1.43197270394222,-1.18891404188642,-0.604986362465625,-0.449517639862748,-0.591016745988925
cog-1,-0.337228332496387,-0.325230792387665,3.25794674486471,-0.337228332496387,-0.324081248618746,-0.337228332496387,-0.316802759612996,-0.337228332496387,-0.337228332496387,-0.337228332496387,0.40599471572579,-0.337228332496387,-0.337228332496387
ostd-1,1.51365068147567,0.532762987847151,-1.09528375129814,1.08105539689316,0.988764041196821,0.285027658682981,-0.526436436051096,0.0782424610265574,-0.0886654120698572,-2.10129440647001,-0.880989031651724,-0.389594685848142,0.602760496266629
grl-1,-0.284940955015316,-0.0295573994492827,3.31457643088753,-0.334596723852731,-0.208072012158184,-0.340992935162458,-0.180642217037297,-0.306839418895076,-0.340992935162458,-0.340992935162458,-0.283089740366796,-0.340992935162458,-0.322866223463023
nifk-1,-0.225559769663299,0.825471615854234,-0.396279018670451,-0.560540139074044,-0.349191695967093,-0.724060387466101,-0.578982204322324,1.52429799851398,2.02562195462525,-1.01525506201078,-0.883555504196413,-0.690731852017579,1.04876406439462
E02H4.4,1.68818567169693,-0.581512051557741,-0.237278508746224,0.145616493691235,-0.676075484123799,-0.660050306839422,2.49108561198619,-0.676075484123799,-0.676075484123799,-0.311292110707529,-0.19235956655013,0.361906703521881,-0.676075484123799
tag-267,-0.518203678790534,0.84958550520906,-0.179570135006835,-0.686186260557889,-0.604127642696094,-0.86452429878079,-0.807423820147168,1.22855000513316,1.89946856096116,-1.02993418665318,-0.916460781099567,0.368460611761269,1.2603661206674
dnpp-1,0.0612150017340593,0.111145761360934,-1.33478015213514,-0.512990918139072,-0.692799079507687,-0.53074100056563,-0.201478850502992,0.527983188840894,-0.931366731750262,1.23727971186583,-0.981008176983345,1.95853984808769,1.28900139769472
B0286.1,-0.382582805413808,0.0953106174281197,2.91528603858976,-0.634441851007662,-0.527385746673728,-0.493215300010344,-0.456345024877661,0.0454407748205694,1.09511266856151,-0.647634406839877,-0.111516992717973,-0.746553218504613,-0.1514747533543
F26E4.7,-0.058792194924273,0.273761195293579,2.57616958934727,-0.174426253003309,-0.0516756524992326,-0.162734095753116,-0.331741925529338,-0.225455199818335,-0.878815216253061,-1.06069519293515,1.4066747794167,-1.06069519293515,-0.251574640406593
hyl-2,-0.596516642309738,0.787470634361546,-0.70590538231809,-0.580970621053195,-0.626186226598326,-0.462294086899081,-0.699842477146039,1.35006939851307,0.950146212480477,0.323281436954587,-0.825095139973116,-1.03700555125325,2.12284844524115
cyp-13B1,-0.401168301921696,2.1661443738717,-0.733764244737261,-0.262129020555566,-0.577607004388062,-0.402238437473286,-0.623917974759526,1.5976215927615,-0.257238091880418,-0.384281207628611,-0.733764244737261,-0.733764244737261,1.34610680618575
hpk-1,-0.876500540279204,-0.0661056622539665,0.437706099693336,-1.0062994274511,-0.526115541325176,-0.522085828867092,-0.705397964052403,0.293183417356448,2.4341629435826,-0.401515914083774,0.989655836296488,-0.980113354507732,0.929425935891568
F53H8.3,-0.763515936199846,0.121228662322965,-1.13891942129018,1.32570911120788,-1.02698775973355,0.410852629249679,0.409293215625318,0.446604185941615,0.249083064601245,-0.0818061949991502,-0.937065748026837,-1.13891942129018,2.12444361259104
twk-49,-0.319458855078732,-0.323272492573072,3.2611024279128,-0.335357702652347,-0.326121905303182,-0.335357702652347,-0.335357702652347,-0.335357702652347,-0.335357702652347,-0.335357702652347,0.390612446260966,-0.335357702652347,-0.335357702652347
mrp-5,-0.7583863444926,1.75884779957576,-0.81109535969697,1.27530601196535,-0.419971915756687,0.470984993145329,-0.76017445889739,0.994090602685929,-0.664615268086152,-0.458549619689472,-0.330387820556552,-1.42821553460617,1.13216691440961
F07E5.5,0.467026415193429,1.43597669975821,-0.400881541780719,-0.870069083675756,0.0461161355041845,-1.25973950248149,-0.489251378860515,1.50350211432363,0.93022322406979,-1.08943875540338,-1.22609806845407,-0.116941566854095,1.06957530866078
ric-4,-0.316627546961916,-0.293469507326984,3.31992307048098,-0.326397428841816,-0.326397428841816,-0.305907622872139,-0.26043237477155,-0.326397428841816,-0.147552988836523,-0.326397428841816,-0.112502232278212,-0.326397428841816,-0.251443653224581
F30A10.9,-0.0108572210316977,1.08830531793739,0.910859181582258,-0.889071521207726,-0.508974450940934,-1.03513492851277,-0.880328105155572,1.77600926614113,0.573582800478809,-0.845123883653463,-1.0144584476482,-0.452600779911058,1.28779277192183
tba-7,-0.448278640277252,-0.71652464152115,-0.71652464152115,0.261163236132967,-0.569200949728285,0.94731512656787,0.661279847660314,-0.71652464152115,-0.434639436316057,2.77354273773717,-0.367764384056174,0.0426810283640496,-0.71652464152115
E01G4.3,0.0335531998763556,1.04772148417201,-0.643336832232021,1.68945298505672,-0.573554900407053,0.901101530383886,-0.718048378211637,1.30628606992497,-0.170720258517301,-1.65715571334873,-1.21482416426678,0.0971943016677899,-0.0976693240982122
twk-11,-0.327359112239105,-0.327359112239105,3.31046605260801,-0.327359112239105,-0.327359112239105,-0.327359112239105,-0.327359112239105,-0.327359112239105,-0.327359112239105,-0.327359112239105,0.0248766209822174,-0.197403029383398,-0.191707634054882
tbx-2,-0.212502403767797,-0.307962486918093,2.70098881771017,0.0806654382383556,-0.267959052306592,-0.475883116401116,-0.476879688875507,1.61554717261349,-0.573738073493478,-0.573738073493478,-0.538088358708984,-0.442190081113713,-0.52826009348326
C14A4.6,0.357226533931459,0.723442868551777,-1.75364311579796,0.759725390537386,-0.200216016064019,1.19325446228566,-0.610995021217278,-0.156296728780341,0.129021055626356,1.68235396625098,-1.41661124289377,-0.958208587528873,0.250946435098624
atgp-2,-0.255107250722251,-0.310491438630285,2.13920665258665,-0.649081237214529,-0.223672908886011,-0.740726944504765,-0.639923035321375,-0.317347210516936,-0.0957200866782217,-1.04311218071812,0.895196150770274,1.85806876357331,-0.617289273737737
F01D5.3,-0.369843102631985,-0.369843102631985,-0.369843102631985,-0.131860406932704,-0.342160151299634,0.575992730993636,-0.354718452814936,-0.369843102631985,-0.369843102631985,3.21149110110951,-0.369843102631985,-0.369843102631985,-0.369843102631985
T10C6.6,-0.0327175062331016,0.245028446857524,-1.05560208564538,0.628550905656141,-0.141875599469602,0.220517443896642,-0.63317853531677,0.45798822113234,1.75943997824851,-1.20584227325433,-0.907973606670149,-1.10842380321877,1.77408841401695
F36A2.7,-0.12759535540321,-0.0530455820176406,-1.1948639418084,0.287209460085209,-1.13929808268168,1.59733530175001,1.13820696023603,0.482556839551528,-1.91064085635584,0.175176303994455,-0.56293456341826,0.3079432637375,0.999950252330298
F08F8.7,0.245165725406202,-0.770646428843306,-1.4615503993211,-0.429776499730433,0.26909897833167,-0.0668654448875832,0.479878555744067,-0.423722550115997,0.458990652943139,2.18776884301957,-1.24563178895047,1.30144069676248,-0.544150340358245
pgam-5,0.829921438415266,-0.818232137560695,-0.654460348947114,0.198397078403323,0.56358958487695,0.584978951717501,0.900170422206999,-1.03806374121525,-1.06241879747785,-0.232357632867363,-0.620045457729342,2.27892477304351,-0.930404132865935
sptl-3,-0.241334636273621,0.803687548070704,-1.23445715278829,-0.222174571861779,-0.599609259524938,-0.601115733219671,0.178034932007006,2.03706327972075,0.947675685417031,-0.417579519006297,-1.06671615083749,-0.914971669893007,1.3314972481896
prx-14,-0.551624247067411,-0.284661352972482,-1.07948773473172,-0.365774627681895,-0.430040297290396,-0.281963437834149,0.0274609778934153,-0.241779184216322,2.88578353183074,0.928930168615729,-0.872620727389971,0.0854492064799353,0.180327724364525
H05C05.1,-0.182279100710762,0.261013744017908,1.8816708732658,-0.84409752513462,-0.68486617743688,-0.731471266129335,-0.773423779086985,0.10663555915295,1.79739523714555,-1.0478270207586,-0.894267088213926,0.177741323738202,0.9337752201507
ZK632.10,0.0699960140250177,-0.600524334294221,2.22258925170979,-0.117973750433692,-0.109677788064618,0.547264711257538,-0.039124223340447,0.42907808557499,-1.99888869817617,-0.337269457284786,-0.721399714036886,-0.490154056860703,1.14608395992419
eif-1,-0.357883801737615,-0.131304205792238,0.791603172890744,-0.766716649310955,-0.487015909408438,-0.736016046327955,-0.671969600480228,1.64842414960546,-0.303115716837463,-1.56091914504503,-0.160140098396182,0.921328203369357,1.81372564747055
lsm-7,-0.285646145597779,1.03810542671345,0.346977434286042,-0.704380069448683,-0.225611391303822,-0.328521134579867,-0.409159800674285,1.92869316160122,-0.941479863148093,-1.06662173181485,-0.643897944842707,-0.559507326586912,1.85104938539629
ipla-3,-0.273964906341002,-0.0383070318302983,1.61008588990595,-0.431917377449136,-0.239312903435602,-0.59226475845426,-0.536639713598393,-0.0418535662994235,2.64532942078768,-0.725057741633274,-0.488184233569348,-0.825249968240223,-0.062663109842663
sqv-4,0.475441515501194,-0.605063286837091,-0.419099910362879,-0.220932704143813,0.408838404545917,-0.293121938107792,-0.162227653221282,-0.508453350869353,-0.718446529018865,-0.718446529018865,-0.0336027249019234,3.08659447125511,-0.291479764820356
arx-3,-0.495621936259894,-0.445066121865355,1.1600955192109,-0.758695332775653,-0.286250692667093,-0.497944022589165,-0.474591523746613,-0.626284730166624,2.31633759941319,-0.196280333376408,1.5482112482319,-0.859565742159777,-0.384343931249398
zig-1,-0.294690855282165,-0.191469413803814,3.32578361996838,-0.300088320580726,-0.300088320580726,-0.286296041034691,-0.300088320580726,-0.205728053975084,-0.300088320580726,-0.300088320580726,-0.300088320580726,-0.300088320580726,-0.246981011807541
fbxa-156,0.729515342410654,-0.407220965914656,-0.625372157187042,-0.202856343998346,-0.540472741679071,-0.491327128256294,2.74466512964753,-0.625372157187042,-0.625372157187042,-0.625372157187042,0.19965350112655,1.09490399259884,-0.625372157187042
nhr-11,-0.294185811021554,-0.0876233136493148,-0.440998008206681,-0.0767520256529765,-0.395715625773454,-0.4170805268215,-0.218966338088511,0.165441138412883,3.26696907752231,-0.473858495521279,-0.386826483219102,-0.473858495521279,-0.166545092459544
D2030.2,-0.675949416939498,-0.355018656872373,-0.612030418639932,-0.114114307322068,-0.565827197707976,-0.0844451500839758,-0.00142345181954072,0.142834470661717,3.08102574360348,-0.25286196572073,-0.171512650676134,-0.909259385230665,0.518582386747692
mek-5,-0.346467706711472,1.14035538651721,0.049729391331483,-0.838545164445529,-0.13773755279968,-0.785808260999335,-0.833330458379176,1.51021529190825,0.259768110392961,-1.01908374957288,-0.896283071885118,-0.181288253815674,2.07847603845897
E01G6.2,-0.315553327677575,-0.155031081335147,0.0276526840730354,-0.341361092314502,-0.180544188680543,-0.365911331776364,-0.365911331776364,-0.141676868798837,-0.365911331776364,-0.365911331776364,3.30198186539175,-0.365911331776364,-0.365911331776364
nsun-1,-0.426032064199607,1.07056892740662,-0.290926237537373,-0.742318540968857,-0.135187651499591,-1.05398751793996,-0.96830480835952,1.75008033385699,0.919412939802926,-0.162673813054934,-1.0117420627336,-0.583345476669777,1.63445597189668
K12C11.6,1.17067488110482,-0.72693454789519,-1.33254456337735,0.863027779891629,0.307910394221577,0.85463122702497,0.789582898274817,-0.956874517532746,-1.3089079286586,1.29407239830598,-0.949881275851661,0.678133233927827,-0.682889979436078
tir-1,-0.0133119438090366,-1.03966708097703,1.30020192628998,-0.935707144471705,0.693082956248644,0.904699607611776,0.616374469688253,-1.38764284820807,-0.566782998223408,-0.157047432112909,1.06091405429311,1.02026172006991,-1.4953752863995
ZK1073.1,-0.429336015984043,-0.282603539021054,3.05111342954073,-0.109209422068916,-0.602943294364985,-0.411001963203585,0.293975136954419,0.124255403022276,0.4698028663741,-0.864064390252287,-0.527223469141276,-0.731188035392617,0.0184232935372376
rbm-39,-0.479249621526242,0.299911311940276,2.8565583590778,-0.77801668002988,-0.714086456451019,-0.837884901624891,-0.768325028768414,0.357646394362891,0.22687843725601,0.428202990130455,-0.473803769797147,-0.568164380046766,0.450333345476926
B0024.4,-0.420021287740939,-0.684087466548997,-0.694356879090555,-0.411612813942748,-0.466996483608256,1.69945307827123,0.839509371753168,-0.694356879090555,-0.694356879090555,-0.694356879090555,0.860135174681417,2.05540482258791,-0.694356879090555
fox-1,-0.293635301955837,-0.262500251546926,3.3224907603643,-0.305226869813698,-0.305226869813698,-0.305226869813698,-0.305226869813698,-0.273334941079051,-0.305226869813698,-0.305226869813698,-0.266389332322457,-0.305226869813698,-0.0900428447641426
praf-3,0.366748370434729,0.196821561205092,0.185484034730919,1.13176028494618,-0.417279217502848,-0.351371786576302,-0.221830147538566,0.752389212174132,-1.72157757954002,-1.07932077357389,-0.47420397498441,-0.582492345778623,2.2148723620036
T16G1.7,-0.843643887318485,-0.53070212266122,-1.09950854277964,-0.140616694308976,-0.610209022879522,0.952177879052839,1.24670564886651,0.783920345102002,-1.09950854277964,1.08353938052439,-0.95413247621335,1.67891341498514,-0.466935379590053
H28G03.2,-0.444134631234664,0.861221917392212,0.0211342048776617,-0.605029999690039,-0.417563665584662,-0.490649244216455,-0.752861130599734,1.39501255667783,-1.14731328940835,-1.19484475582609,1.34346965751338,-0.331360981853112,1.76291936195202
C13F10.1,0.129023600403574,-0.398327514225669,3.24580680544755,-0.377351783984658,0.000227803375748434,-0.207824352289263,0.110819941414326,-0.463663759291086,-0.463663759291086,-0.463663759291086,-0.219329200086986,-0.463663759291086,-0.428390262890278
sel-9,0.261550616232491,0.932445318339084,0.994906452582398,-0.101056660347704,-0.532775435971533,-0.273355232096105,-0.160905624517149,1.19947836690831,-1.52418929109763,-1.51855558796963,-0.0741154738967788,-0.8836951781618,1.68026772999606
pho-9,1.23239283263981,-0.858606317336069,-1.04217408721527,-0.178520495223473,1.87481679177948,-0.626844765960734,-0.354441832436403,-0.786214975516223,1.01531144897692,0.152206161594988,-0.420861730208374,1.16762128100488,-1.17468431209953
paa-1,-0.525680016705046,-0.264618053247342,1.85492317098943,-0.715352546152563,-0.32681269363876,-0.177086515505748,-0.443814052192494,0.175397157040752,1.56302203958213,-1.18310494585568,0.606835554904658,-1.49950777404546,0.935798674826134
cpx-1,-0.288125520298542,-0.288125520298542,3.32600214382196,-0.288125520298542,-0.288125520298542,-0.288125520298542,-0.156621420538,-0.288125520298542,-0.288125520298542,-0.288125520298542,-0.288125520298542,-0.288125520298542,-0.288125520298542
F28E10.1,-0.560971720856636,-0.209181300392958,3.03834293820706,-0.542240796121962,-0.503583262624149,-0.572664200553422,-0.47896737325272,0.297522019217156,0.325347600349249,-0.614193715813075,0.579119752225733,-0.614193715813075,-0.1443362245712
lir-1,-0.420594393318128,-0.29009502540737,3.07247867387009,-0.520393742870141,-0.516158094927108,-0.55170232917227,-0.27563146971877,-0.376178016751259,-0.0978404766074776,-0.0360922872407449,0.88973733424171,-0.600313220831119,-0.277216951267413
F53H1.4,-0.575256383028976,1.66400591319711,0.23137609570234,-0.710386530440663,-0.558460772583635,-0.90571115073682,-0.844842230514052,0.611449334499685,1.22768258823564,-1.09430041526806,-0.789959098605689,0.0747187003581977,1.66968394918492
lin-53,-0.664543532770304,1.4955886835113,0.140255152475875,-0.763001559633135,-0.695090242963699,-0.751206149929465,-0.57080022561908,0.855347350038373,1.06996111691883,-0.867473804642111,-0.651807828672403,-0.584848526207756,1.98761956749358
T21C9.6,0.30169767428872,-0.659230878074989,-1.22773176667984,1.50943511717424,0.596501928287826,1.20262318028434,0.118899419529498,-1.23826668403956,-0.00956523837232954,1.4411438572476,-0.874993198443313,0.061272360261399,-1.22178577146359
fbxa-136,-0.52079646580105,-0.558300287841019,-0.558300287841019,-0.174136674432022,0.0119383876231878,2.53447930888807,-0.455870050651358,-0.558300287841019,0.0577385409898665,1.81138582366199,-0.473237431073592,-0.558300287841019,-0.558300287841019
cest-2.3,-0.556825716125257,0.935181550935267,-0.622462279431172,-0.59176037176215,-0.600183754793628,-0.611803672866375,-0.614391116516675,1.18122244226209,-0.364489474251337,-0.622462279431172,-0.622462279431172,0.573806525206514,2.51663042620507
T19C9.8,-0.393572928299826,-0.58791941892712,-0.58791941892712,2.25906990461718,-0.516809216516154,0.0702047873853846,2.04612803484929,-0.58791941892712,-0.58791941892712,-0.58791941892712,-0.290617513187024,0.353113444713863,-0.58791941892712
spat-3,-0.558494759214052,1.30538204394726,1.03513147265679,-0.837211261805418,-0.554373506329192,-0.70685318599346,-0.78856479999958,0.670136206175893,1.91142768563947,-1.39326579798366,0.234923946586679,-0.721782643747011,0.403544600066281
asg-1,-0.562919877979905,0.668100212425812,-0.593335958042222,-0.656117708652558,-0.56473815269697,-1.06258883407589,-1.1049394973633,1.47073467944273,1.15148965763295,1.00655357359473,-1.34445834675317,0.47360441437409,1.11861583809372
hrpk-1,-0.434780018558921,0.0336611387264011,2.98387942668857,-0.513514827298664,-0.401108794952665,-0.617049393450667,-0.402947578194817,0.429670882424203,0.51936103230674,-0.902155463433397,-0.353269617383425,-0.664412701491967,0.322665914618609
F21F3.6,0.569502098953622,-0.929935357668329,1.72877810809305,-0.999391732367019,0.446985483295449,-0.669544670655757,-0.515107843987515,-0.921253407515687,0.735863806246251,-0.766126075784167,1.86798977874649,0.109166155328308,-0.656926342684685
hsp-17,-0.412421598659109,-0.864243854846016,-0.698077867718968,0.537403932388835,-0.465162226873613,1.76900394349071,1.99633226122814,-0.868275664146929,-0.904208599929902,0.341392089679105,-0.187165195838197,0.659631381155848,-0.904208599929902
mrpl-38,-0.352442680970183,0.157773708447243,0.288802933977377,-0.397327087672988,-0.463256677720842,-0.345218210335502,-0.513012458601933,0.150520998850299,3.09204069681876,-0.779752080183892,-0.774026170383628,-0.363785463123672,0.299682490898952
abhd-5.2,-0.0651721833068017,-0.499532259106997,2.88211979626384,-0.681722570243208,0.0546031053750563,-0.685873526480141,-0.0142913889072941,-0.419634686001524,0.922226984254782,-0.991723031779695,-0.312940772856763,0.339286621805819,-0.527346089017071
tbb-1,-0.612822255085937,1.81331338696576,0.211802374409795,-1.2001711661793,-0.867173938742291,-0.881518676741347,-1.12633063078468,0.519776155270625,1.64979017579399,-0.355913037374708,0.167776119979489,-0.239947632709591,0.921419125198196
slc-36.1,-0.297618648665857,0.0632350110267038,-0.502888488817278,0.152292174311152,-0.512470240576081,0.0226311492118336,-0.491867412230496,0.206663381170051,3.03142560097673,-0.364158272046181,-0.643188922101841,-1.08276875367612,0.418713421417379
nac-2,-0.0776443975495092,1.03799501195657,-0.638595162967336,-0.798744789674924,-0.0433993553989471,-0.768656231921387,-0.80109564129359,0.611125560990703,0.24892433265301,-0.925321715229243,2.47389019329463,-0.925321715229243,0.606843910369263
ldh-1,-0.716622936403773,0.469801221824721,1.906788223662,-0.64276320519977,-0.669282921725699,-0.687134027689043,-0.610925126700015,0.770662662651075,-0.269015563158552,-0.796589049038962,0.0451751255729995,-0.796589049038962,1.99649464524399
cah-2,-0.280605896091405,-0.280605896091405,3.32800518171687,-0.280605896091405,-0.280605896091405,-0.280605896091405,-0.280605896091405,-0.280605896091405,-0.280605896091405,-0.280605896091405,-0.241340324711416,-0.280605896091405,-0.280605896091405
F59D6.1,-0.545811271983488,1.05736319986287,-0.576321816106754,-0.541878653723102,-0.560441092212658,-0.569204152088711,-0.509783191427069,1.76062129190139,-0.0511867875907807,-0.576321816106754,-0.545821340064163,-0.576321816106754,2.23510744564597
bet-2,-0.501413396022396,0.862504810472752,2.16115231794641,-0.977734767077156,-0.444479711314728,-0.810939245452464,-0.912838439494692,1.37815854162137,0.139584694547597,-1.28363476442787,0.186251942850613,-0.0823855423222186,0.285773558672786
zig-11,-0.487907616819034,-0.750051613459722,-0.0213203268180543,0.950819172844087,-0.673353907556668,0.773798480088377,0.191744896337595,-0.804331440164168,-0.782405591204589,2.47205063329896,0.723127850497163,-0.94668755083179,-0.645482986212157
serp-1.2,-0.36983633946686,0.151643967852779,-0.184006478198504,-0.748089235705479,-0.370229606203593,-0.980879769785795,-0.116165328872241,1.86688745472743,-0.289480391396169,-0.807157526098127,0.726665004163047,-0.981995657184687,2.10264390616819
allo-1,-0.578771323557263,-0.802776238830659,3.08450557411369,-0.559782008802947,-0.0948801336641991,-0.172407196490093,0.210120214694395,-0.210701506132164,0.129549152836273,-0.29861319692185,0.476686406227196,-0.71977558358323,-0.463154159889152
F31D5.6,-0.529564399841268,0.98896496539629,-0.521065716635161,-0.733412758916732,-0.504309126392381,-0.677267072786709,-0.589215532643976,1.20628142016515,1.75171370453149,-0.607992442217066,-0.698357895086069,-0.782450982210793,1.69667583663723
aakg-1,-0.492260432810054,0.216177646756005,2.59733540015926,-0.688085278652896,-0.52328981288411,-0.785790525211484,-0.780421378870728,0.343103312602644,0.736674848078661,-0.588408557110677,0.909134508456476,-1.06877980987557,0.124610079362468
clec-4,-0.348051829828249,-0.660769129752603,-0.660769129752603,1.73159888966487,0.265287636900749,2.38044518585691,-0.48651221742948,-0.660769129752603,-0.660769129752603,0.525694670081215,-0.660769129752603,-0.103847556730393,-0.660769129752603
F58E6.13,-0.295708605616492,-0.31473592816262,3.29101097998359,-0.322600676689594,-0.279613629196391,-0.333920196975949,-0.323691014395449,-0.333920196975949,-0.333920196975949,-0.333920196975949,-0.317001182316864,0.217350858161628,-0.319330013864013
trx-3,1.41298834376854,-0.883621286342392,-0.594522503564971,0.232048493292716,0.545454971561989,0.556271248646019,0.857302618829356,-0.898646743133383,-0.898646743133383,-0.898646743133383,-0.523581364890816,1.99224645123309,-0.898646743133383
mlc-3,-0.564627378636532,0.0641917116423741,2.37733700852439,-0.569481225545912,-0.572119495690841,-0.539485308014935,-0.589486588683456,-0.490980103602248,0.378952588691717,-0.589486588683456,1.89980003853724,-0.589486588683456,-0.215128069854883
plpp-1.1,-0.602351024903588,0.356074204683506,1.18588817583624,-0.86645769894664,-0.41563352702521,-0.532750710537122,-0.572633465643446,0.586003664097892,-0.335133207110206,-1.18270010608162,2.55731811926141,-0.370482033377081,0.192857609745862
Y51H4A.24,2.87193772187201,-0.361640497781499,-0.542593829658908,0.13402768812431,-0.625151066151287,-0.614132851533214,0.961019534178462,-0.641192978797805,-0.0848516487438055,-0.641192978797805,-0.331543938783414,0.516507824870761,-0.641192978797805
semo-1,-0.288091448562297,-0.281654138214851,-1.24938814894132,-0.353634809472094,-0.416443097399295,0.71932789247735,-0.84706959997615,0.789209142046123,1.26668692555624,1.28567620707586,-1.04384419069395,-1.14786035158033,1.56708561768471
ZC373.5,-0.476460041788485,0.729047968000384,-0.763054984651696,-0.697936091587684,-0.406383425835632,-0.662652757846421,-0.603325993764756,2.14348119885369,0.11309896726462,-0.455317404815105,-0.492377720268374,-0.420582166589547,1.99246245302901
C44F1.1,-0.555220146812398,1.50350813075744,-0.831692103132524,-0.689720821629371,-0.417425187330632,-0.434795608193592,-0.714810369308622,1.85970225481861,1.75841759419653,-0.0017233247565178,-0.595120542077968,-0.660378034775426,-0.220741841755532
C47F8.7,1.28424254856986,-0.849279575019207,-1.08092732195643,1.1048263968428,1.70575267437665,0.628736818711407,-0.616356584257705,-1.00074275704704,0.0938229664786979,0.587583835089435,-1.02473731932701,0.217216130428752,-1.05013781289022
pap-1,-0.774563087302098,0.0114348973944871,1.91960446639613,-0.938744682929402,-0.544619922918506,-0.88783859254508,-0.870122707823413,0.605606524341439,-0.00314266675740407,-0.27461323412346,1.61310084423414,-0.912222495749915,1.05612065778309
mpz-1,-0.294336275157594,-0.246350191373916,3.32351408099769,-0.295981002346507,-0.313209025259827,-0.313209025259827,-0.226505104079658,-0.313209025259827,-0.126418011688451,-0.313209025259827,-0.296159558083019,-0.313209025259827,-0.271718811969404
crld-1,-0.52856836503215,0.210578510339897,1.84013438683203,-0.488924084825511,-0.286394613743606,-0.841600971915635,-0.659813573273596,0.391336968524801,-0.00777296577291053,-0.992462401084417,2.04161742198374,-1.14191760593029,0.463787293897649
ceh-100,-0.300333488567807,0.369263005253335,2.41663002332298,-0.769000856539886,-0.556745456004651,-0.876424907199832,-0.857993854793538,-0.283935182763534,0.780587014424478,-1.33044410083504,0.623418958802561,0.823173874105055,-0.0381950292041271
T06D8.10,-0.301827179146656,-0.0531603420108137,3.32027901632079,-0.301827179146656,-0.301827179146656,-0.301827179146656,-0.301827179146656,-0.301827179146656,-0.301827179146656,-0.301827179146656,-0.248846882843414,-0.301827179146656,-0.301827179146656
mrck-1,-0.223324203694839,-0.16681542709301,1.54730888989889,-0.745336002806609,-0.46458017084052,-0.479943492724613,-0.590400431775971,-0.268668306643805,0.0532460465835465,-0.884912653049773,2.68103000287487,-0.345301672236826,-0.112302578491346
K12B6.9,1.47685442290419,-1.0338189186165,-1.00420604230359,1.47893333470395,0.487321463483199,1.08541880131858,-0.245750252490668,-1.04142057798587,-0.379559449800434,1.15134270698963,-0.5102891716765,-0.423405738540121,-1.04142057798587
hrg-7,-0.0739791116319376,-0.536865803006806,-0.793874312892035,2.73649151705023,-0.0362379258436645,0.510705739750666,-0.319179066965201,-0.612149649009555,-0.793874312892035,1.16265649775428,-0.727164342730862,0.06171052745019,-0.578239757033267
acox-1.6,0.35725430183519,-0.606050478489053,-1.65420168608811,-0.394520441543985,1.07926509120851,0.818331562516267,0.164284773919176,-0.359887337029096,-0.217136030901164,2.24645172492444,-1.15179328663804,-0.425579353180724,0.143581159466595
pam-1,-0.667924874377431,0.74026140406717,-0.509482591036579,-0.836947359996603,0.129082325124037,-0.809068038268373,-0.82391737216784,1.34690782434735,1.64543878023651,-0.123218571550222,-0.519320980507752,-1.16386811354736,1.5920575676771
erd-2.2,-0.189300564872003,0.605340822069584,-0.598248926521151,-0.108115785143166,-0.297698221169872,-0.0899537557849333,-1.43730083281029,1.31746547763228,-0.00767481664333686,-2.03288678446276,0.746731156437382,0.570377379048902,1.52126485221938
F21A3.11,-0.61934223479608,1.42100336735468,-0.61934223479608,-0.61934223479608,-0.61934223479608,-0.604949085737403,-0.464204975326082,1.44270875898644,0.355859767274489,-0.61934223479608,-0.570721800468614,-0.61934223479608,2.13635737669297
C32D5.8,-0.235247638240332,-0.521569476502006,1.01392580616558,-0.682264214370347,-0.409250557512613,-0.544534807759662,0.538609826215475,-0.520843669284971,-1.12873978621169,-0.828688387287914,1.0698998542595,2.45098535412832,-0.20228230359934
gpa-9,-0.363198967222192,-0.0788006742390276,3.20566107723598,-0.466056610365196,-0.273403234720129,-0.493447728336515,-0.390130801651702,-0.195827214050717,0.418037357601875,-0.493447728336515,-0.440172937676433,-0.493447728336515,0.0642351900970859
ace-3,-0.322457452858471,-0.322457452858471,0.12489053732243,-0.322457452858471,-0.221675873617582,-0.322457452858471,-0.322457452858471,-0.322457452858471,-0.322457452858471,-0.322457452858471,3.30260747242157,-0.322457452858471,-0.303705060400176
R10E8.1,1.19523844098188,0.704999227876252,-1.2103242707659,-0.0776552252043078,0.428532852316221,-0.0142757917836408,-0.0460255837762224,-0.0705086768529089,1.71976593424244,-1.58465654117709,-1.32685358765839,0.897044632388147,-0.615281410586472
cpr-4,-0.559787508855939,-0.779386459408276,-0.186906856117985,1.56377374524837,-0.428665790724653,1.61409106817102,-0.345406337011825,-0.764472713508048,-0.812010104626327,0.654130385106854,-0.79490219940502,1.65155287575815,-0.812010104626327
prx-13,0.741327555099242,0.410628208475416,-1.95340731063705,0.151936723041655,0.419504083176563,0.54170204586958,0.304891277497439,1.87309583665969,-1.10710423746731,-0.387591625977848,-1.37340299583942,0.327625699348922,0.0507947407531162
ceh-20,-0.323483697250709,0.0645869645513324,2.58723175288979,-0.701134752629133,-0.783982306658624,-0.857351790671068,0.069684746651237,1.04723160445258,0.463327679098092,-0.921832571504862,-0.510613628311579,-0.745246052220429,0.611582051603372
F55F8.2,-0.205198030331765,0.608282228144498,0.228370050588724,-0.628089090904261,-0.41888118324203,-0.753227118757516,-0.67955706581495,1.00282376422772,2.14190368928149,-0.960101544808955,-0.761676780731024,-0.960101544808955,1.38545262715702
dhs-25,-0.217560480328349,1.49556306043096,0.860455130741127,-0.863327355021795,-0.440458725622857,-0.648394099231581,-0.734807249547792,1.43406963253423,1.12959447871008,-1.08158571218494,-0.840554224567217,-1.01155123833506,0.918556782423195
pro-1,-0.369984193327769,-0.130824465955911,0.79562742303879,-0.718817441392984,-0.414135972244773,-0.785068608699889,-0.57155985940928,-0.042665839381802,2.89814574565789,-1.01333589802648,0.117958714281774,0.35438226022256,-0.11972186476213
tag-244,-0.657218481738642,-0.747600523653483,-0.756685315928501,0.166155626279236,-0.494591058157939,1.52032107629629,1.16815278687148,-0.756685315928501,-0.756685315928501,2.18139093872547,0.000650979343471162,-0.110520080251882,-0.756685315928501
clc-6,-0.298962639864356,-0.287804101591439,3.32264842064135,-0.30498893779578,-0.30498893779578,-0.30498893779578,-0.259742940018988,-0.30498893779578,-0.30498893779578,-0.30498893779578,-0.0964824748394121,-0.30498893779578,-0.244733699756693
T10B5.4,0.103163785219276,-0.67869896491948,2.66421095969142,-0.349048564402231,-0.104127032630287,-0.231477496900106,-0.367718416078058,-0.671619724431088,-0.782451882691164,1.58925226052726,-0.285673191165854,-0.290817452376136,-0.594994279843554
F20G2.2,-0.742911577417831,0.695334151608498,-0.430713127572305,-1.02412904197986,-0.108011816798734,-0.811622886832806,-1.01823920944538,0.444197838379257,2.35673453558423,-0.541440863310115,0.278019515974944,-0.412772750161475,1.31555523197158
clec-5,0.0131306064051965,-0.753673036610756,-0.753673036610756,2.32619663779297,-0.192697834396259,1.18656756310556,1.0674630155901,-0.753673036610756,-0.753673036610756,0.615505332047644,-0.702998584491653,-0.560017552922278,-0.738457036688256
slc-17.5,-0.915633852009583,0.103518929216216,-0.596393212184636,0.200004811332713,-0.611563530336791,1.90536475244664,-0.987895593140417,1.75799333421948,0.297243225520604,0.832385428118928,-0.962255558374561,-0.987895593140417,-0.0348731416681839
mdt-15,-0.872878325856051,-0.415733202140897,1.2094112561194,-1.17404341130936,0.57955863720358,0.397680678361488,-1.00676809301219,-0.287002096629856,1.06210743597063,1.91267720760677,-1.07661762363104,-0.72756683051008,0.399174367827602
rab-3,-0.418759889495585,-0.535090038411077,3.21149848160792,0.0316900448549654,-0.334937734993215,-0.0108475501256566,0.220385829407926,-0.542925316291815,-0.353406765599973,0.0451428157142478,-0.226899244084104,-0.542925316291815,-0.542925316291815
mak-1,0.853894580193018,0.764471665258593,-1.94793316522139,-0.266319460065628,0.517851473454602,-0.427866211884228,-0.448903895201649,1.84995601249296,0.298456677047681,-0.488970306448146,-1.45999693640915,0.355972546287698,0.399387020495626
tol-1,-0.495752796484124,0.0656092931071449,2.78547101620075,-0.472442356576758,-0.68261944946514,-0.690241049721653,-0.653304346302221,0.176403665327976,0.674443857004903,-0.690241049721653,-0.269100645604146,-0.690241049721653,0.942014911956577
pghm-1,-0.342531684199364,-0.30778755380867,3.28463678309759,-0.352739335026552,-0.326609556961644,-0.352739335026552,-0.352739335026552,-0.352739335026552,0.215555817580174,-0.352739335026552,-0.294675331320047,-0.352739335026552,-0.112152464228726
F44G3.10,-0.695567815595231,-0.727408554981212,-0.727408554981212,1.7702623022254,-0.115099524614345,1.70560138912357,1.05708007688125,-0.727408554981212,-0.727408554981212,1.01451407635554,-0.372339174488907,-0.727408554981212,-0.727408554981212
math-39,-0.223959385823601,-0.816830243437303,-0.868632431539222,0.133949975410538,-0.0735245840185314,-0.0354927465855861,0.252617292073981,-0.868632431539222,0.528799275360184,0.634971296807334,-0.623032518646722,2.80934125010984,-0.849574748171688
ced-1,0.133683384693659,0.01144325092831,2.8789659811627,-0.707985166024924,-0.1100071006787,-0.742199307104991,-0.709180916184544,-0.359828591702977,0.506631395790019,-1.25481700160902,-0.018880945147121,0.405267157620123,-0.0330921417425376
Y37E3.17,0.148134522083363,1.62141487426704,-1.45646707115653,0.51534377038208,0.243662395624868,0.343971241727287,-0.794583272914062,-0.36899895267167,1.19129757544381,1.15568204883991,-1.6693849278883,-0.318697531798351,-0.611374671939437
spp-1,0.921310403250849,-0.497360523682692,-0.766446210773489,-0.240467448926321,0.793911560649395,0.539700293975477,-0.27816662704969,-0.687611454864046,2.68764069286111,-0.766446210773489,-0.507565672393575,-0.591432292420351,-0.607066509853176
T21D12.12,-0.250957827527371,-0.303757618159193,-0.0549744813550125,-0.303757618159193,-0.291588541847773,-0.303757618159193,-0.292821789737435,-0.303757618159193,-0.303757618159193,-0.303757618159193,3.32040358574113,-0.303757618159193,-0.303757618159193
fbxc-36,-0.525167407542019,0.887038929668113,0.263410875001002,-0.682769540515936,-0.682769540515936,-0.682769540515936,-0.682769540515936,1.96420475701093,0.229353486906544,-0.682769540515936,-0.654145050769182,-0.682769540515936,1.93192165282022
cyc-1,-0.308427840761347,-0.0964952968961529,-1.25388895217698,-0.144375367772857,-0.399733822226954,-0.0179127712657706,0.310787502013033,-0.0427821664966805,3.01605242859551,-0.102158331152655,-0.947574244707396,-0.146308208706652,0.132817071554912
elo-3,-0.223926225460813,-0.737541454865949,-1.4833696704534,0.908643109006358,-0.469113588982415,0.887585271078805,1.28070970369182,-0.150657150340071,0.49892535959444,-2.04131654556406,0.117215080354285,0.331339413604945,1.08150669833606
golg-4,0.856724220284909,-0.66101525386328,0.114806451966402,-0.312431256038815,0.616957278595614,0.122576198767819,-0.358236734508521,-0.996639931126837,-0.376936737541735,0.109733273124945,-0.60112779122731,2.68984883238025,-1.20425855081345
C17E7.13,1.60173732255617,1.03779304705236,-1.37541973795956,-0.739344142687917,1.71766212401308,-0.243408707083007,-0.815936467861681,0.224692413570901,-0.684239544669055,-1.10370563387556,-0.140334579187706,0.679571711642983,-0.15906780551101
F17C11.12,1.84710807753964,-0.254620238029556,-1.34468231791203,0.607552172540155,0.564856094353555,0.327039456540474,0.431983133661905,-1.1478680209975,0.412381236524389,-0.933543203904782,1.21374159661931,-0.406389600098911,-1.31755838683666
tald-1,-0.249393410076427,-0.704173129798234,-1.57394053131073,0.65447467556423,-0.544542277409026,0.142929309926175,1.76557041365079,-0.226589017226014,0.134278125998895,2.02113813702597,-0.86011930827394,-0.440052158320503,-0.119580829751193
dib-1,-0.181156995680612,0.601176883600192,1.70510193246832,-0.728111837351904,-0.373349483591258,-0.344023769579274,-0.678987684155089,0.920634676722885,-0.871904456519876,-0.572233382634421,-0.259215691635678,-1.21227987819082,1.99434968654754
nhr-49,-0.184989870713024,0.68658923426303,2.19633919285129,-0.760905523411992,-0.14375944087924,-0.974589499425116,-0.0166187739987726,0.277119123769119,-0.0978459113281576,-1.60465355628708,1.04775181510219,-1.00958412831692,0.585147338374676
tps-2,-0.525915513030655,-0.410311784771846,0.316185926572236,-0.3101509869787,-0.552332303666301,-0.21741784991315,-0.416468419970309,-0.311766201352281,2.04547064853179,-0.395827720872407,-1.00117638624056,-0.490223601029009,2.26993419272119
F15G9.1,-0.315432303419527,2.07567303047554,1.99726030924744,-0.842613263831436,-0.535299454644333,-0.837363415568085,-0.49843089919302,0.154748547092621,-0.0272322096957412,-0.855860855087824,0.373101708148377,-0.855860855087824,0.167309661563809
nono-1,-0.598184164607077,0.134248035033466,2.40663300459909,-0.859650242194658,-0.417861728835017,-0.827135160058582,-0.67665739590544,0.234856805352368,-0.972450351460393,-0.0334992449670538,0.814039504525827,-0.549668316954029,1.3453292554715
dve-1,-0.248085882055597,0.419919966964229,0.0953586971899741,-1.08341672951068,0.268605314889278,-0.872772367710944,-0.73617316910112,0.507756683894359,1.52981828987659,-1.50971590431865,2.0309453540347,-0.446439883401171,0.0441996292490318
prx-11,-0.526912908529292,-0.707884969391962,-1.13084754550052,0.450190680257683,-0.614444879195286,1.61277904164135,0.050963859866633,-0.579655198887685,0.013972693339082,1.88259380414754,-0.865956049595045,1.21808253866082,-0.802881066813318
mbf-1,0.406945491895964,-0.271822050362545,0.456159102318958,0.649285739482938,0.3789183448626,1.3151612281703,1.93538095714923,-0.618152433622057,-0.648160687858278,-1.77778438126849,-0.306060690358059,-0.372308613723875,-1.1475620066867
fut-2,0.568849425610287,0.32083369313716,-1.34869436208388,-0.476567508263231,0.600284684358721,-0.450451076966043,-0.730061186706473,0.431212724313357,0.922450375236582,-1.21209268273648,-0.65025507894397,2.32620981313284,-0.301718820088865
istr-1,0.545899296437429,-1.02585719662811,-0.0442641420968004,-0.595529386467335,1.06893788504007,-0.197569067248356,2.31051499513494,-1.18530642975035,-0.126155909018043,-0.527596847018633,1.09609639667229,-0.691977118159745,-0.627192476897358
C29F7.3,-0.470934075696849,-0.0325858564666248,2.65564599087838,-0.973191398233448,-0.215464477790327,-0.64605667651705,-0.727932693561482,0.698858341930592,0.479875806789565,-1.02730909541604,0.154332077991386,-0.647814755637663,0.752576811729559
nhr-117,-0.148479293836001,-0.543251523552148,-0.561083510254878,-0.368693455093688,0.133337614603703,-0.223644113446842,0.0252488749736168,-0.561083510254878,-0.561083510254878,0.542543400195287,3.13806213497067,-0.357991303194919,-0.513881804855048
F16A11.1,-0.547642846598271,0.15946536140485,1.96579664150413,-0.789080961497093,-0.889257597714138,-0.713051388176109,-0.52848323833731,-0.337055710816868,2.16609562286506,0.110893212430281,0.14893927311071,-0.868465985507311,0.121847617332065
let-711,-0.587954185372264,-0.135878365862351,1.41505334572857,-0.749143503506502,-0.658214841332099,-0.637142865682677,-0.738991712809035,0.368542058051575,2.4629242470908,-0.959373486303607,-0.254451621560105,-0.202769159751481,0.677400091309173
lim-7,-0.278928010259147,-0.278928010259147,3.32817921636649,-0.278928010259147,-0.267372628733124,-0.271526485041898,-0.278928010259147,-0.278928010259147,-0.278928010259147,-0.278928010259147,-0.278928010259147,-0.278928010259147,-0.278928010259147
tlp-1,0.348051634235346,0.596743351922492,-0.278055469315751,-0.717161313086359,-1.01332776358639,-1.03033403006791,0.650672858961151,0.691645058452165,0.0248503868158461,-1.03033403006791,0.0228206941714047,-0.772008821011562,2.50643744257747
inos-1,-0.25241956943068,0.251184330297505,3.1585279345875,-0.445117089495851,-0.391911859987681,-0.373068587923861,-0.425548790471586,0.393536121566138,-0.512736253719371,-0.512736253719371,-0.512736253719371,-0.512736253719371,0.135762525735997
sax-3,-0.710248386436805,1.0210186122482,2.24293743886383,-0.798089158829323,-0.76505722817613,-0.730703414924574,-0.721400144824865,0.410026889892463,0.993258529684026,-0.839575499201288,-0.0245845002074238,-0.839575499201288,0.761992361113181
oac-6,-0.0820382500960087,-0.795042506871208,-0.795042506871208,0.68538371170897,-0.104874697910427,2.11088297265114,1.48116065405034,-0.775740790484966,-0.492536965395169,-0.795042506871208,-0.665444767060449,1.0233781600214,-0.795042506871208
flh-3,-0.553780780418219,0.770979741515997,0.160238392275621,-0.558061845854562,-0.558061845854562,-0.558061845854562,-0.558061845854562,1.70459110023767,-0.558061845854562,-0.558061845854562,-0.558061845854562,-0.558061845854562,2.38246631322543
abu-14,-0.34646020993923,-0.308267080259494,0.2269160795776,-0.360128399701963,-0.332990402453826,-0.347937177923438,-0.360128399701963,-0.328817182816151,-0.0572071565409149,-0.360128399701963,3.27918672732726,-0.360128399701963,-0.343909998163951
syd-9,-0.346227686851584,-0.306901740543217,3.30621357124648,-0.346227686851584,-0.346227686851584,-0.346227686851584,-0.346227686851584,-0.216665598722762,0.0387186932117143,-0.346227686851584,-0.135270249006211,-0.346227686851584,-0.262500868224912
H12D21.10,-0.354180165112869,0.412845497306358,1.90639293145759,-0.731712237383276,-0.412948048435231,-0.860223596884586,-0.953208197077182,0.555342339080428,-1.04440160495743,-0.587215973748107,1.47902794882568,-0.601943504019736,1.19222461094836
C36B7.2,-0.283349711606691,-0.210683038113868,3.32752986578747,-0.283349711606691,-0.283349711606691,-0.283349711606691,-0.283349711606691,-0.283349711606691,-0.283349711606691,-0.283349711606691,-0.283349711606691,-0.283349711606691,-0.283349711606691
aly-1,-0.587174466845322,0.271978985226567,0.624620187986137,-1.16829763438664,-0.324001914391187,-0.685108092605444,-0.967181809473787,0.52168175645137,0.24556008268474,-0.460772354779541,-0.438280922334623,2.74405662784103,0.222919554626694
csnk-1,-0.245569374209648,0.259394904385415,2.93382511625656,-0.624185925756019,0.223094676257712,-0.446440418291444,-0.511763375653445,0.225040221638023,-0.816813313084729,-0.067860996872833,-0.0717980804269742,-1.22525026934406,0.368326835101439
F10C1.8,0.886159396735528,-0.510951734004771,-1.32007966856253,0.250266154108982,0.804285655937158,0.440564646767605,0.537350627767727,-1.14426234186593,-0.836382822268176,1.74995275935126,-0.618099052042037,1.0068576691184,-1.24566129104321
pqn-65,-0.462388877383785,0.186402841304482,3.09908148210838,-0.592080317025338,-0.508699712278651,-0.544582181493967,-0.582768543734606,0.201490267932332,-0.295188234684466,-0.681826881970641,-0.314946842625986,0.0391346837169153,0.456372316135329
Y54E10A.10,-0.413122876615368,1.01383979385081,-0.514561207109154,-0.814485592845637,-0.782644315676017,-1.06273327886251,-0.820752283916219,1.07758916611766,1.77475512434824,-1.1705309651448,0.00486210648018853,0.454927451090743,1.25285687828206
ced-7,-0.20917480899389,-0.403370890637582,0.542407981835332,-0.283378000884193,0.21235008818041,-0.322322603914515,-0.179017055355325,-0.429899212035421,-0.503720001048103,-1.01336293070502,3.10136522212149,-0.148538919459042,-0.363338869104143
dre-1,-0.630391888655411,-0.290605345905632,1.77076351193534,-0.76586782707667,-0.44221618311495,-0.817698045683669,-0.702965421380901,0.538637321051635,0.803349179591931,-0.921069226418829,2.03875191427964,-0.695729489756219,0.115041501133738
F13B12.3,1.46952594189539,-1.04551891905274,-1.00356658260376,1.51892125935238,0.61187754588054,0.694120045951958,0.571050654079615,-1.06802987285636,-0.795383877067666,-0.0803482544701989,-0.712020827651847,0.907402759399045,-1.06802987285636
mars-1,-0.271418434132445,1.74980823245592,-0.0208304214231982,-0.599405129467408,-0.0187174092338825,-0.589737361640247,-0.587432514728928,0.992721083797942,1.22898968785486,-1.71011457990117,-1.1995439535781,0.051187725738382,0.974493074258282
let-60,0.157495921760133,0.305188992343956,1.56271882743068,-0.364796209260286,-0.659929397723271,-0.871729216810649,-0.372185376528446,0.901683621430801,1.10561754510138,-1.67922251238589,0.350056179571849,-1.42173908847539,0.986840713545145
F07C3.2,-0.392040813234418,-0.392040813234418,3.20904113442302,-0.392040813234418,-0.392040813234418,-0.392040813234418,-0.345579813597283,-0.392040813234418,0.351994342856014,-0.392040813234418,0.296613102444662,-0.392040813234418,-0.375742260251067
acs-17,-0.30043914188017,-0.263683648687599,3.13153468937668,0.178025485302019,-0.506066647010019,-0.5105082806236,-0.474617140215407,-0.0589552688283101,0.562473638692782,-0.557669328176689,-0.557669328176689,-0.557669328176689,-0.0847557015963042
wht-1,-0.532376002230574,0.400031345446678,-0.315980607385474,-0.356798560766941,-0.577740436070265,-0.652610339420585,-0.610380199655986,1.06755399737168,1.00629256203281,-0.707945895320137,-0.597685808989453,-0.707945895320137,2.58558584030839
pmp-4,0.78881577151283,-0.633908710537258,-1.57106532989498,0.959070408429474,0.253515696050636,1.53166660989781,1.15694814066865,-0.85910522344227,-0.303064236463058,1.05202367389657,-0.837766575568343,-0.866453488546828,-0.670676736003229
R10H1.1,0.0332177198655833,-0.461280814390894,-0.147776719089088,-0.449156424287701,0.52968914440119,-0.401890804922406,-0.243350237365411,-0.461280814390894,-0.461280814390894,-0.461280814390894,3.19087904171685,-0.235575068285158,-0.430913394470286
K10B2.4,0.329774478995478,1.24610966870344,-0.133212527501456,-0.349174926966221,-0.0547739744848692,-0.170752013856965,-0.399331081960231,2.01190758169193,-0.726217945626764,-1.83642352982171,-0.233358674644475,-0.831045865516758,1.14649881098861
aqp-7,-0.314837235066574,-0.27754892707578,3.322932196409,-0.214540499671227,-0.314837235066574,-0.314837235066574,-0.255313302943302,-0.3003440033139,-0.121061206088235,-0.314837235066574,-0.265100846917119,-0.314837235066574,-0.314837235066574
nhr-25,-0.346180200312561,-0.179735387680113,3.29063552576215,-0.343687069622813,-0.349303832639266,-0.349303832639266,-0.349303832639266,-0.314319748768446,-0.349303832639266,-0.349303832639266,0.182326457971471,-0.349303832639266,-0.193216581514095
toca-1,-0.309044379500805,-0.531153383189811,2.44133325318158,-0.767954245461919,-0.747670207984081,-0.871883678818632,-0.719329009180115,-0.192510747974636,1.45499205913883,-0.411336939685209,0.324377734164918,0.77864059670363,-0.448461051393748
Y73E7A.3,-0.530338945583976,0.39525947016517,-0.31657455222256,-0.347563074437246,-0.528777890873131,-0.534395047112902,-0.472594339803328,0.534672056555398,3.04063535201436,-0.540483235837354,-0.540483235837354,-0.540483235837354,0.38112667881028
Y32G9B.1,-0.559163862074216,-0.220493737617391,2.90402799865478,-0.559163862074216,-0.559163862074216,-0.559163862074216,-0.512474115943225,1.12401411040282,-0.253246804525489,-0.559163862074216,0.119068462198697,-0.559163862074216,0.194087259275097
F53B3.5,-0.772559885051274,0.0220514010628453,0.886506054439627,-0.810770332915729,-0.778642550487927,-0.817241603044532,-0.790601096501111,0.294457198772389,0.265675278889831,0.147002169793657,2.70519349824351,-0.676339556228266,0.325269423026979
ras-1,-0.343823111625305,-0.325243321678402,0.416277205628364,-0.318735295451982,-0.358414004930585,-0.16216216743051,-0.243720657239643,-0.382605855556013,-0.382605855556013,-0.382605855556013,3.24885063050813,-0.382605855556013,-0.382605855556013
F31E8.4,0.0829451566322349,0.881479854692751,-0.328496434146513,-0.746068732669124,-0.263309662431102,-0.779622766636053,-0.780202295611818,0.125218603315029,0.0748220212910021,-0.991243310110836,-0.654884654027472,0.659398163859138,2.71996405584276
cest-32,-0.0554614024357414,-1.00684727258967,-1.01594648379092,0.642908282922384,1.11611116028678,1.02159353195505,1.02102475188158,-1.05739699596502,-1.05739699596502,0.0290986730220125,-0.250081436383354,1.66979118302695,-1.05739699596502
W02H5.8,-0.533407290912086,0.14001063580281,-0.454839927015934,-0.373444818252982,-0.539075337222371,-0.357229999429954,-0.518175956307776,0.895359081286956,0.403751424675832,-0.56220935457098,-0.506582913136233,-0.56220935457098,2.9680538096537
met-1,-0.810533988526099,1.11821112230141,2.26614643441639,-0.94596722175678,-0.411220703994941,-0.805535389748311,-0.862685384149587,0.101337434850583,0.454140447277896,-1.30543910623949,0.651169526209071,0.230545787483756,0.319831041876098
nsy-1,-0.927208543922681,0.345631918251032,0.318279817411231,-0.792347275094157,-1.14345144179269,-0.716273953034055,-0.635903373826831,1.32013926284775,0.816480349347098,-0.582236131066702,0.356718078499237,-0.566649458662088,2.20682075104286
sms-3,-0.017178794352528,-0.266939378852261,0.945595008743077,-0.511810884782638,0.814952282499523,-0.768734730082357,-0.295358925879568,-0.557055732886004,-0.588799960760035,-0.930770432240312,-0.10381675797742,2.76736337615037,-0.487445069579852
gcn-1,-0.484354492130102,-0.0518034774103077,0.721109903839816,-0.257142632555351,-0.263732543997629,-0.439916825128582,-0.624698915476269,-0.424628974910592,2.13567263453584,-0.554339766738578,-1.10623581255643,1.96721608044499,-0.6171451779168
T01G1.4,0.91778108325795,-0.817460446156865,-0.505627232332333,-0.15851990795644,0.93442104815087,0.477892210955823,1.63494846397741,-1.09284005739313,-1.6681412027105,-0.6374775890013,0.640248968831844,1.03266026726436,-0.757885606887689
W06A11.1,-0.284306294606966,-0.284306294606966,3.32779018761898,-0.284306294606966,-0.284306294606966,-0.284306294606966,-0.284306294606966,-0.284306294606966,-0.284306294606966,-0.284306294606966,-0.246333904480168,-0.284306294606966,-0.238393337069155
F07F6.8,-0.349015200862565,0.47521410033048,1.70786191174803,-0.976482910056897,-0.242143652657977,-0.892258005382405,-0.990966996323445,1.07500504767211,0.606766043628539,-1.02832326743805,-0.201492653172646,-0.81491345547708,1.63074903799191
F18A11.3,-0.239593002480008,0.836408371306413,1.25981168894672,-0.973649876137792,-0.419714547555652,-0.38529639342528,-0.675650941557149,1.76179184717352,-1.32229616453062,-0.0761467504227157,-0.28102126028515,-0.937485382254355,1.45284241122207
clec-140,-0.421786468801358,0.879913749394786,1.24100095132271,-0.81738092331728,-0.275485569240682,-0.790347743342918,-0.767322868506178,0.965002719868948,-0.417022162476264,-0.845012381919784,-0.141933275863497,-0.845012381919784,2.23538635480131
T19H5.4,-0.761114092907308,0.509486456144712,1.04327210303857,-0.780943043900902,-0.775740399266259,-0.764518332129198,-0.702536994801981,1.71893497558209,0.165634213764126,-0.836810522107061,0.186610473019639,-0.836810522107061,1.83453568567063
kqt-2,1.48200146922872,-0.651213971493116,-1.36659861628522,0.207773281358716,1.32294841930422,-0.364948971502584,0.686226009947245,-0.840692583176442,0.0210698122027511,-0.193205742682035,-0.846809180487416,1.59559302314758,-1.05214294956242
pck-1,-0.392856994992254,-0.394774651450125,2.9143347713851,-0.484216916714351,-0.351933115929383,-0.485238125320387,-0.467575040888875,-0.505372971657292,1.15618437593149,-0.505372971657292,0.385830321895493,-0.363635708944836,-0.505372971657292
C01G10.9,-0.0991569090897815,0.490985870476664,-0.648486874560298,-0.536922915064843,-0.442224618421807,-0.633885076383794,-0.58190576253626,1.81472262789748,0.0854883202755372,-0.854816477231555,-0.699068536063268,-0.245108250323162,2.35037860102509
F56A8.9,-0.348517877800377,-0.334432627098457,3.1967896715478,-0.390380555497046,-0.260818459919378,-0.324773073780105,-0.350109405406866,-0.35236299639022,-0.244767747305823,-0.451416047033824,0.634845024670401,-0.451416047033824,-0.322639858952277
Y56A3A.6,-0.399344766405667,0.91655409818351,-0.949951572303186,-0.69541618291043,-0.416040466285181,-0.457583507260469,-0.724522459104058,0.480963612901088,2.71274088189325,-0.456117267281316,-0.6027041370774,-0.134731550020739,0.726153315670593
tag-335,1.99429819489322,-0.75988708885555,-1.22536190680781,0.70626725253086,1.50118015791855,0.107392281202241,-0.180205096050852,-0.708440155671688,0.740160102430431,-1.10754920396455,-0.729666179256768,0.206061892025501,-0.544250250393577
F09A5.2,-0.374586281771837,-0.374586281771837,-0.266536822840811,-0.267744283761216,-0.311277310461162,0.602635363545912,-0.374586281771837,-0.374586281771837,-0.374586281771837,3.20886005405377,-0.374586281771837,-0.374586281771837,-0.343833028133634
nmy-2,-0.721950956084746,0.0895273371556068,-0.348085242265699,-0.788957494578335,-0.272365617818688,-0.884928273823816,-0.769695354079018,-0.111542863847656,1.05431957980752,-0.559616474092533,2.76625004058692,0.412215897633197,0.134829421407255
emb-8,0.409570150352979,-0.278654533335977,-2.19993987622987,0.899783416831852,0.740523758158886,0.230263731150349,0.42654578511821,0.500857386606282,0.54355293064511,0.370513605978513,-1.05386392617706,-1.58959599201944,1.00044356292015
unc-16,-0.227670035714928,-0.267521229367369,0.92823249772657,-0.608714129109161,-0.424292727914096,-0.520505432746601,-0.628954626959984,-0.415191414633628,-0.708739036077514,-0.168919352797117,2.83518835982948,0.822901570669567,-0.615814442905215
W05B5.1,0.124006892826855,-0.765770754587969,2.43252923234126,0.533712769359729,-0.187220110427334,0.143488601589795,0.12033265444637,-0.968383396571265,-1.01956633542798,-1.01956633542798,0.558157685836253,0.971912330408787,-0.923633234366527
prx-2,-0.153754093884467,-0.102635056127208,-1.1588345726219,-0.387278271903931,-0.277200284294693,-0.293899545348715,-0.560003502792922,0.720905968299448,-1.0938812364858,2.08088511418415,-1.03969338159437,1.52179771038119,0.743591152189214
hot-4,-0.309756433561884,-0.309756433561884,3.30862518991946,-0.309756433561884,-0.309756433561884,-0.309756433561884,-0.309756433561884,-0.309756433561884,0.0831962657041773,-0.309756433561884,-0.309756433561884,-0.309756433561884,-0.2942571200048
pfd-3,-0.00340999604511451,0.581254927086112,1.95639711884349,-0.774796610717888,-0.294616594090037,-0.479724601905505,-0.642218969881178,1.74256209815201,-0.860569958649109,-1.0855977259046,-1.05986822306754,0.426650905230746,0.493937630948617
Y46G5A.8,-0.585996669334844,0.71517570505087,1.26150027939206,-0.749382931443079,-0.454970349388927,-0.758757829142183,-0.687962250912577,2.27343470236481,0.169754203269793,-0.775142952682502,-0.613007417906785,-0.775142952682502,0.980498463415865
Y32H12A.8,-0.591072503009348,0.171576407780225,1.85351602538425,-0.461102985140897,-0.53174654117861,-0.467318367396662,-1.0848333059097,-0.0961154838072434,1.30215213308424,-1.47450020365114,1.08146196841924,0.924267822411242,-0.626284966985594
gap-2,-0.636441631030599,-0.610256508926483,2.14175289837667,-0.830803590356163,-0.342772214212412,-0.835773829774478,-0.514466076661874,-0.256142162970489,1.23945411561128,-0.475870464387699,1.69177150718675,-0.209739862491699,-0.36071218036281
F14B6.6,-0.12770855501557,0.216709715666848,-0.730975983594437,-0.407348991617123,-0.239326254954856,-0.245662452496706,-0.421210241783219,0.335207596744452,3.06458220660975,-0.776404801999675,-0.281805612715716,-0.776404801999675,0.390348177155929
pqn-41,-0.481883889408876,0.564657923328307,2.32758356246921,-0.908214388410058,-0.550348305758691,-0.908845789432829,-0.592967740955309,0.275970513510208,1.00400449808192,-1.28297537208163,-0.148738644530677,-0.252192666985544,0.953950300173965
Y53F4B.39,0.721446870923679,-1.16127190177579,-1.61991638595463,-0.374395064323225,1.49641756680723,1.75137567261081,0.439567824176477,-0.242984008711675,0.12100847444443,-0.290598578133113,-1.26938658453831,0.162034387051885,0.266701727422227
plst-1,-0.712427502331027,-0.864698934602092,0.177923174806122,-0.460607246195472,-0.832744803155686,-0.0794195017039325,-0.302267302771081,-0.646162357054406,1.05784291612287,-0.118877900265482,1.20452253228139,2.44146977841229,-0.864552853543494
miz-1,-0.452305903921593,-0.60306708170495,2.85427368148216,-0.344806215479912,-0.585567758546637,0.069141363817259,-0.595981824462594,-0.00215762033872957,-0.739750315888877,-0.76631297174789,1.09976803312885,0.275153914207766,-0.208387300544852
nhr-246,-0.463328007455527,-0.00608327311504866,-0.515133910816616,-0.453198070797976,-0.482589056394494,-0.515133910816616,-0.154920959402957,1.12149492611175,-0.185034839319843,-0.515133910816616,-0.498625719965512,-0.313583035431567,2.98126976822103
T28C6.8,0.43314012801431,-0.271619103896478,1.34916008639687,-0.884213104725968,0.272476365510408,-0.823163910141605,-0.635621258693387,1.56051650706933,0.130078099034082,-1.05053796991713,-0.708684759632614,-1.05053796991713,1.67900689089932
ugt-14,-0.338352739837535,-0.15116810384761,-0.418524587155227,-0.311816795630549,-0.383584561230273,-0.410567652536019,-0.346486218639868,-0.137025388805769,0.541002463438387,-0.418524587155227,-0.418524587155227,-0.418524587155227,3.21209734571014
apx-1,-0.573534468971855,0.401030784123279,-0.0334783606367682,-0.617890376619672,-0.598710737065519,-0.620851358557033,-0.551983658685933,0.72261927685381,2.79491795924828,-0.626504862244685,-0.507317727789684,-0.626504862244685,0.838208392590461
F53C11.5,-0.29006794265921,-0.00237660915831169,1.22306633645152,-0.913476763203281,-0.251963406898391,-0.599583717354075,-0.831167175440826,-0.320058001563333,2.79739346879318,0.188719915681843,-0.0373680950856068,-0.628258935158819,-0.33485907440469
pars-1,0.0785539138394769,-0.198178257412636,-0.525755000179892,-0.00473440907011744,0.274947826994788,-0.0224912507505786,0.164032471067923,-0.140835234396694,3.05523091820079,-1.08456861287984,-0.716615280013891,-0.708281277801379,-0.171305807597958
drr-2,-0.363694671948727,1.04051924738636,0.4195071367901,-0.509622302115779,-0.147458675774749,-0.953969227785493,-0.654220707502385,1.26849437333722,1.55251585025745,-1.38051381940019,-0.964256032318709,-0.626952001835608,1.31965083091051
flp-20,-0.28953799255839,-0.233800741637912,3.32583326947954,-0.289640969058791,-0.299620607652129,-0.299620607652129,-0.299620607652129,-0.178475119291883,-0.299620607652129,-0.299620607652129,-0.299620607652129,-0.299620607652129,-0.237034193367665
lin-26,-0.45259787142467,-0.387556787008326,2.68529969285666,-0.511356879233843,-0.494023286299936,-0.439303444165646,-0.349044577674868,-0.435705434068097,1.61992106387529,-0.530933656404697,0.24545326089376,-0.530933656404697,-0.41921842494093
cle-1,-0.416522937103687,-0.1029302929048,1.5152166702381,-0.433778128741243,-0.44451330789202,-0.437561640004598,-0.265276299412235,-0.44451330789202,-0.44451330789202,-0.44451330789202,2.80793247528059,-0.44451330789202,-0.44451330789202
F21C10.10,-0.254361352446216,2.09110402873635,0.526770472321327,-0.875192609978499,-0.363753317880718,-0.861277592019341,-0.516313504873466,0.861555815797404,1.18299937134247,-1.1639897284732,-0.169406700199936,-1.1639897284732,0.705854846147026
elo-2,-0.307499452739442,-0.602650033628368,0.218896347739661,2.16690476892426,-0.467943653891728,1.81301693218175,0.00995716780728268,-1.03719294429155,-0.760317850641728,0.619739792509226,-0.0740941762915607,-0.828222987593036,-0.750593910084768
hcp-6,-0.567445697219921,2.05708592868904,-0.264478568646236,-0.660154631370487,-0.64450511120161,-0.665907094666417,-0.481565094137177,1.17834662260037,0.302976502138206,-0.665907094666417,-0.665907094666417,-0.665907094666417,1.74336842781349
Y39B6A.33,0.0104958048734435,1.07809939786153,-0.313595950919432,-0.747877352671652,-0.0354627560806828,-1.40111561887691,-0.48521726972709,1.01824971337545,1.14887844175592,-1.69030874488005,-0.664829581448321,1.32011414254519,0.762569774192598
C08F8.9,1.06063759960218,0.677732633513877,-0.839420898823703,-0.0839132510342108,0.648827177420227,-0.351404982170477,0.591172843298487,1.3428216181145,0.404839571063858,-1.75673933186993,-1.09499284475812,-1.39023098731468,0.790670852957993
C24B5.4,-0.005451646965,0.0172805868647401,-0.978213618316993,-0.8536119157622,1.59173831553426,-0.739865787217634,-0.908620053273661,0.101893940227858,2.39284893003089,-0.68657700950567,-0.298792171046621,0.330722932579298,0.036647496850738
ugt-54,1.04880435715895,-0.744908226232253,-1.33586526614546,1.52095780879393,0.791509545410319,1.04222653615089,0.2800144748222,-0.983250054223787,-0.75136544789498,-0.721427913998998,-0.833636879347649,1.20179956912623,-0.514858503619389
Y73F8A.5,-0.342883243430684,-0.353955369784382,3.28148310575931,-0.353955369784382,-0.353955369784382,-0.346275450548423,-0.306145393403767,-0.353955369784382,0.0440850213317032,-0.353955369784382,0.147423548782532,-0.353955369784382,-0.353955369784382
hrpu-1,-0.71599289761703,-0.262378910834461,2.60364875310861,-0.612025620012636,-0.502188995802417,-0.648979501424357,-0.646171950553756,-0.251366142528145,-0.484721057024486,1.2596922557195,0.984112077028962,-0.190373680629494,-0.533254329430294
aco-1,-0.322201049613802,-0.805085651104111,-2.23179356337393,-0.453400240165076,-0.0536686228816914,1.01043448754979,0.00653620681652515,0.806068225459758,0.399078325662928,-0.688602910048663,0.359012763755332,0.0708462731009327,1.90277575484202
tnc-2,-0.406140751666544,-0.406140751666544,2.67803233045704,-0.379255736025294,-0.406140751666544,-0.406140751666544,-0.406140751666544,-0.406140751666544,-0.406140751666544,-0.406140751666544,1.74588789559461,-0.406140751666544,-0.389397725027463
cya-1,-0.474201128282867,0.216646357997975,-0.15785208375044,-0.502711183235459,-0.549802009168743,-0.330109963067086,-0.44070331147679,0.750654821013298,-0.132145717777559,-0.618037256451464,-0.517150692853567,-0.327957927932076,3.08337009498478
alh-4,0.0577742490151183,0.357224318684829,-0.555421923416735,-0.803270072258883,0.0478713104336664,-0.679079003835609,-0.940789678907344,1.26180823263554,1.03611979108079,-0.673424173633,-0.916108981449345,-0.506169772628307,2.31346570427928
klp-3,-0.34998842193626,-0.552916488168153,1.59203637269164,-0.399096642979001,-0.268961904952716,-0.224865627197914,-0.0898494568192081,-0.53516958583393,-0.301225791112745,-0.552916488168153,2.73948086538119,-0.552916488168153,-0.503610342736591
suca-1,-0.423447682501947,-0.198025573770301,-1.64804980734297,-0.443039481692018,-0.299849860150281,-0.524975842639314,0.0288357755067336,0.308476946046657,1.02636728442542,1.18433445258665,-1.51410662781345,0.73923518343287,1.76424523391195
T02B11.8,1.0507486417001,-0.705115424026499,-0.899712803077726,0.996403861881362,0.790939865470834,-0.45606742004862,-0.573750449230384,-0.911558468997473,1.07622040063903,1.90487113229329,-0.851396330677072,-0.510024536929363,-0.911558468997473
cct-1,-0.0462730094068855,-0.261447399278224,1.99191192889324,-0.347980526109194,-0.618997170700217,-0.463833693067939,0.294735768329833,-0.0909630308019965,-0.703876795472537,-1.41199513326824,0.276879066981454,2.03752352936903,-0.65568353546832
ctg-2,0.775488741857085,-0.807246899083189,-0.95519548184118,-0.00556883416578124,0.769291670243993,-0.0913552622834688,2.22282098118568,-0.849027881518669,0.568065537415257,-0.920317186712233,0.811277249294664,-0.21494943165723,-1.30328320273493
T05G5.1,-0.292671432786133,-0.220316888488157,3.32622939682509,-0.29903305814635,-0.282883420641572,-0.29903305814635,-0.29903305814635,-0.29903305814635,-0.29903305814635,-0.29903305814635,-0.202850012297774,-0.29903305814635,-0.234276235587
Y48G10A.3,-0.0241251973694396,-0.514599656808581,2.40717252364503,-0.547457052172246,0.00272197344719474,-0.386457171382068,-0.213132893886256,-0.60034527588238,1.56048725000067,-1.38456659686458,0.191843622587965,0.290635855807672,-0.782177381122984
C07B5.4,-0.554310183222897,1.67321087369901,-0.214157454258359,-0.895681039369422,-0.473282256690609,-0.887015471460663,-0.706963446901613,0.828666709296797,1.58468435141207,-0.96147639593645,-0.332388614314218,1.43397679258079,-0.495263864834427
kin-2,0.550309788266446,-1.2398441427785,1.22424972589377,-0.569267319804163,0.950178258017899,0.0507600060357771,-0.224703981495607,-1.27284696285589,1.57740118999776,-0.842748604605348,0.963993890815581,0.106127004568069,-1.27360885205581
tmem-189,0.253281076688872,-1.00799166530968,0.29915480017185,2.2684602016777,-0.256046377536972,1.43398355679896,0.810175395127197,-0.806225458482852,-0.868125767464794,-0.507489632919559,-0.517264807937235,-0.981239712949422,-0.120671607864063
ZK1236.5,-0.42225052514996,-0.0656535647464135,-0.851575984499882,-0.488405826052212,-0.245574598596242,-0.619360130330591,-0.478657681305231,0.316503229361195,-1.12537032286579,2.49798624135702,-0.237017798660722,1.58071942329589,0.138657538192939
aldo-1,-0.399847335265218,-0.0681980786827809,3.19681002858623,-0.4384596774825,-0.375016814005183,-0.414547476767091,-0.4384596774825,0.124518735296556,-0.412306661734566,-0.4384596774825,-0.363307483636834,-0.4384596774825,0.465733796138892
gta-1,-1.15027240133732,0.257725526377525,-0.311584919570755,-0.332267606079105,-1.30083142223156,-0.118992460642193,0.516965224922523,1.04980666157953,1.95532280878433,-0.317265271897592,-1.036738129696,-0.610411197691789,1.39854318748241
C50F7.5,-0.272113621513092,-0.26702072058829,-0.281950166219332,-0.281950166219332,-0.281950166219332,-0.251376775855454,-0.281950166219332,-0.281950166219332,-0.281950166219332,-0.281950166219332,-0.281950166219332,3.32806261393083,-0.281950166219332
R02E4.3,-0.410808021311626,-0.397224159704279,2.19928123302949,-0.410808021311626,-0.410808021311626,-0.410808021311626,-0.410808021311626,-0.410808021311626,-0.410808021311626,-0.410808021311626,2.30602313979105,-0.410808021311626,-0.410808021311626
cyn-8,-0.383058927164241,0.820452170200502,-0.0699800197623227,-0.65354656111219,-0.351897420279026,-0.715808976651998,-0.734236473108678,1.77054210805363,0.671248579202173,-1.17955329812608,-0.487066821186502,-0.665846618047502,1.97875225798224
C25H3.11,-0.305842096854139,-0.633833399339875,0.307063993936829,-0.365076888896549,-0.220223715295902,-0.141622526250955,-0.534811155086087,-0.642188279355703,3.03565359616282,-0.504208824963076,0.372122932786486,0.462590990913154,-0.829624627757009
mob-2,-0.252782812719348,0.120864617268034,0.627361905050434,-0.907798432055768,-0.525231796672558,-0.195383754252725,-0.383661933277482,0.0883563913683092,2.13829593339045,-1.41155118378335,1.76101354512636,-0.591217034534413,-0.468265444907942
ugt-29,-0.0860704778185794,-0.0421039518081112,-0.815502360104995,-0.371170231298757,-0.788082769429988,2.04804305821336,0.129979466333962,0.935155896629392,-0.910353639283892,0.376315368488908,-1.01352528713764,-1.02345272507987,1.56076765229621
tba-9,-0.452216319199558,0.108914402748802,0.063338010834746,-0.458216338588833,-0.458216338588833,-0.458216338588833,-0.441209087100563,0.86937034766731,-0.458216338588833,-0.458216338588833,-0.458216338588833,-0.458216338588833,3.0593170151711
Y46C8AM.1,-0.599565004279544,-0.618963788429226,-0.618963788429226,0.0443721525440442,1.11491309720127,1.363096724128,-0.448151237600216,-0.618963788429226,-0.618963788429226,2.46246258072617,-0.3850705057069,-0.457238864866698,-0.618963788429226
exc-6,-0.312304564790806,-0.400241754936398,1.25902454738661,-0.400241754936398,-0.400241754936398,-0.400241754936398,-0.307793280440629,-0.400241754936398,-0.400241754936398,-0.400241754936398,2.96324909227241,-0.400241754936398,-0.400241754936398
B0393.9,0.515944610766895,-0.963208335391168,-0.843888944985525,1.01192025012741,0.12972536303946,1.29665513256313,0.315334653718509,-0.929744843421514,-0.963208335391168,-0.0753414845617528,-0.604779623767781,2.05395906025966,-0.943367502956158
K02B12.7,-0.286138362844398,-0.483967176234425,2.83854626649343,-0.702650282191691,-0.0580768667535631,-0.231216876604045,-0.372362793126785,-0.319222436576952,0.348714195933051,-1.01786461790107,-0.123947525923073,1.09266682622535,-0.684480350495816
clr-1,-0.582946979949003,1.06981085527387,0.90883606707072,-0.884722780048127,-0.554278524378061,-1.01062486818918,-0.913805840319457,0.99453796775344,1.38721593916627,-1.22731531579369,0.810775488051903,-0.911482742118944,0.914000733480259
tram-1,0.200119632949297,-1.059495914979,1.03910407645625,0.806633407176262,0.0665445755653437,0.593342937782417,-0.365260611448229,-0.590230002643075,-0.580698948372656,-1.38767422067556,2.33406152263705,-0.524963446569881,-0.531483007878218
dnc-1,-0.535053437143649,0.503583455349342,0.418643501780014,-0.711127037739176,-0.228677588767016,-0.916331173842456,-0.732555516772033,-0.247541984461552,2.26748428762928,-1.35936881791159,-0.0980480049722122,1.50766645062991,0.131325866221139
hip-1,-0.029389774470065,0.407188078877619,2.31751524004624,-0.947239634209324,-0.256764679139666,-1.094123227696,-0.63033025109114,0.396402087008791,-0.206668709430023,-1.63561117609495,0.792880546378614,0.50822788592908,0.377913613890825
frm-4,-0.0781468990016156,1.80922161795584,-1.09932950695804,-0.717423578140435,-0.135896979494162,-0.515434921235619,-0.0321153800336243,1.05295594388619,0.254749017403279,-1.54460825008512,-0.348594120238582,1.70536018899919,-0.350737133057299
gba-4,-0.429942977750773,-0.515968633441664,-0.521754857282736,2.3668875975284,-0.294408072205308,0.416750722796491,-0.510601309359629,-0.521754857282736,-0.521754857282736,1.97676836911046,-0.521754857282736,-0.418222589058726,-0.504243678488312
syd-2,-0.604643234985306,0.757227672027212,1.65742942191627,-0.811878522912276,-0.751703110772585,-0.754330578994142,-0.785358037142975,0.753643297069828,1.5806582839603,-0.835603327526328,-0.473100066332204,-0.835603327526328,1.10326153121853
egl-18,-0.345889807680166,-0.327456076157354,3.29315415017282,-0.345889807680166,-0.345889807680166,-0.345889807680166,-0.345889807680166,-0.297686501672041,-0.0491077508754634,-0.345889807680166,0.124616424334244,-0.345889807680166,-0.322291592041048
rde-12,-0.273189185081025,0.256390051549297,0.717808478415494,-0.65135941042831,-0.36548181298004,-0.624849746827968,-0.261937937407958,0.396870106086559,2.75419801853647,-1.02633640603584,0.0931278880450922,-1.21719033943687,0.2019502955651
ech-1.1,-0.465663477636511,1.93575589198205,-0.443364129799054,-0.69337386887398,-0.283685696880612,-0.567816826886416,-0.721644836854395,1.4834174797622,0.399073275762243,-0.89839568782194,-0.755177225036799,-0.540237875686165,1.55111297796938
set-16,-0.637993288974084,0.0690515833813068,2.91953815851474,-0.749750692246136,-0.739486137250222,-0.702885521134343,-0.575497904294516,0.431279088891786,0.57738696427215,-0.622352455559159,0.0443191720042767,-0.339614424070904,0.326005456465105
pes-7,1.13654220580179,-1.36231520946901,-0.119287640960424,0.0342424282557751,-0.0431020748540737,0.0567182284837213,1.9557675672355,-1.46582908219121,0.338629590851891,0.0720641612295019,0.157301830024536,0.720598774168618,-1.48133077857661
cnt-2,-0.555682977031429,0.371626326842368,2.89413454569227,-0.722938223566855,-0.532352036500122,-0.808658696747657,-0.683215764177448,-0.0890276333363377,0.458529143836373,-0.123981657867047,0.159688484359737,-0.863597736781806,0.495476225277951
ceh-27,-0.347509635915231,-0.195297569854025,3.28165933602858,-0.351179950933401,-0.351179950933401,-0.351179950933401,-0.351179950933401,-0.236523500921053,-0.351179950933401,-0.351179950933401,0.253285332334599,-0.351179950933401,-0.297354305139065
lec-4,-0.389937011248765,-0.400413011218849,2.49625265668366,-0.400230458115141,-0.397508861748546,-0.419754757386138,-0.390805679522953,-0.419754757386138,-0.419754757386138,-0.419754757386138,1.98528030554972,-0.419754757386138,-0.403864153448446
tag-153,-0.124896759600275,0.70564804053162,1.18562966920109,-0.758594754486266,-0.665204049939141,-0.567642143370117,-0.737374865175437,1.16957406705935,1.70791883420817,-1.49797126013491,-0.281029679987057,-0.95679190875187,0.820734810444838
T09B4.4,-0.365921654760507,0.0530119138572555,-0.853132918595639,-0.896477223407753,-0.420593244634795,-0.894380149753018,-0.912507706668986,-0.234059091683232,0.210651697328327,1.49486061142085,0.231810322334489,2.47429879506181,0.1124386495012
dhrs-4,-0.0652670810112896,0.243363459683836,-1.95407144389997,-0.514263010929929,1.25242350389647,0.942015238242192,0.207436108393532,0.0835577415330178,-0.382433687805415,1.77068365539687,-1.38387485809336,-0.355796561758806,0.156226936352858
ppm-1.G,-0.416726408684439,1.1025242699078,0.146069080190231,-0.335925157801868,-0.185283738519163,-0.2581410781083,-0.584174951578542,0.209620994362701,2.62641223642987,-1.01077327694937,-0.85171946593599,-1.01077327694937,0.568890773636451
W10G11.19,1.21363367253619,0.54470339977714,-1.61776844995072,1.54000419091282,0.894802000181192,0.363326217159622,-0.285120375996986,0.697766702290991,-0.612548805046182,-1.01225963377138,-1.25280953291591,-0.810941427247017,0.337212042070248
gpcp-2,0.252926605106468,-0.778413994264361,2.05187548922572,-0.32864640539486,-0.740868370838102,-0.342379199545385,1.95983367160682,-0.842216005717382,-0.877353424371161,-0.299702226431576,0.236309767054287,0.501485191687728,-0.7928510981182
cdr-1,1.42545393734473,-0.895426321176388,-0.922912940112052,0.164068688655909,0.873223922571678,0.0683138762990871,1.97290847564713,-0.777649494523748,-0.922912940112052,0.926671685814437,-0.823411855353029,-0.398237350407865,-0.690089684647837
col-109,-0.277350098112615,-0.277350098112615,3.32820117735137,-0.277350098112615,-0.277350098112615,-0.277350098112615,-0.277350098112615,-0.277350098112615,-0.277350098112615,-0.277350098112615,-0.277350098112615,-0.277350098112615,-0.277350098112615
F23B12.7,-0.177703887563164,0.662459035829895,0.397246150908966,-0.352512007492167,-0.342710881024108,-0.893354055368396,-0.755412430609238,1.42254280271132,0.554573601896424,-0.846464334030607,-0.811528635801288,-1.07203804507483,2.2149026856172
nduf-7,-0.10651450478116,-0.270797338863074,1.47738863781934,-0.695940107428134,-0.594610289659003,-0.196783834091328,-0.329637462837664,1.55718195836482,-1.8862495364904,-0.253643188306164,-0.41978491576969,0.136539596941499,1.58285098510096
F10G7.5,-0.26648402587278,-0.371991562804272,-0.0823466771055432,0.409082913768618,-0.522797896735051,-0.247118953552076,0.152061911150012,-0.468658297945069,3.15440643617753,-0.904051553561653,-0.143407296382649,-0.359385566842662,-0.34930943029441
exc-12,-0.354687136123848,-0.300839177869414,0.286732050307308,-0.36287558084988,-0.354665992780798,-0.194759440555282,-0.36287558084988,-0.36287558084988,-0.36287558084988,-0.36287558084988,3.27352758594592,-0.36287558084988,-0.178054403824607
gpdh-3,-0.428144623287164,0.512055553279786,-0.0970788142573432,-0.973411307637415,-0.211080760259237,-0.499258867568939,-1.04513144364487,0.410109583731972,2.49670444825194,-1.20123335377272,0.732462087506766,-0.474106325935403,0.778113823592625
flwr-1,-0.417276339284119,1.08766923327959,-0.347561892832425,-0.609055546322463,-0.37798225234996,-0.977319844770866,-0.928757030970737,1.57534985557169,0.867946047891993,-0.879852803637354,0.21587353691805,-0.986883945052323,1.77785098155891
dnj-29,0.014930651667645,-0.0284947013477557,0.992487105237055,0.961911163190271,0.192761398987083,-0.0366933624959458,-1.11653510813168,-0.00975592707712121,1.88582483092604,-1.14449252278522,0.0204664558075185,-1.96987449015281,0.23746450617492
pcp-4,0.168338642260479,-0.47613782662306,-0.47613782662306,-0.0768472109586539,-0.47613782662306,-0.467271503896441,1.32525995492366,-0.47613782662306,-0.47613782662306,-0.47613782662306,2.85962273065543,-0.47613782662306,-0.47613782662306
F23A7.8,-0.5725597410447,2.19275781008207,1.12290622230201,-0.612592288320225,-0.926256420144195,-0.928419252409485,-0.880511559509032,0.794500180347257,0.789753664446215,-1.1827797358196,-0.122782903546368,0.090641340906853,0.235342682709199
Y44A6C.1,1.02643726562944,-0.550202688021755,0.688301817014121,-0.355118772651715,0.503191905107561,-0.0849527546290439,2.31847416753845,-0.861614838518946,-0.840754147770414,-1.2840486647015,-0.651671628007916,0.709741385709824,-0.617783046698101
unc-41,-0.30307252641302,-0.305342160770321,3.31820410459902,-0.245181368300599,-0.309731109467341,-0.294131594409746,-0.245976852959474,-0.332247168513185,-0.332247168513185,-0.332247168513185,-0.0454689615097132,-0.332247168513185,-0.240310856716064
col-165,-0.249725769530384,-0.282407331355285,-0.282407331355285,-0.282407331355285,-0.282407331355285,-0.282407331355285,3.32803810571302,-0.271457271988512,-0.282407331355285,-0.282407331355285,-0.282407331355285,-0.282407331355285,-0.265189081996564
tgs-1,-0.395745182250411,-0.216673195349004,2.66040570887352,-0.674216381452039,-0.410010972296256,-0.661372922292003,-0.0703732662018107,0.0356730398416917,0.55521672863238,-1.15686506448436,0.735000625269057,-1.03272134077129,0.631682222480527
phat-1,-0.277350098112615,-0.277350098112615,3.32820117735137,-0.277350098112615,-0.277350098112615,-0.277350098112615,-0.277350098112615,-0.277350098112615,-0.277350098112615,-0.277350098112615,-0.277350098112615,-0.277350098112615,-0.277350098112615
F49C12.12,-0.311302351760979,-0.671343543092645,1.78006259827218,-0.956408241573849,-0.614163654861597,-0.60928252280993,-0.22402690571402,-0.318205258160029,-0.761181034201399,0.828620098921815,1.88092512214584,-0.9242660337793,0.900571726613912
srgp-1,-0.558419232092494,-0.310527170346002,1.10786559851963,-0.890411225421617,-0.589605493973827,-0.907120222334594,-0.981342805252397,-0.0698123914506174,1.63514323226566,-0.257440625546213,2.14161471448365,-0.326508133706305,0.00656375485512705
magu-4,-0.412739695363101,-0.542469295384614,0.482109323065979,-0.548345156039161,-0.0697549505884933,-0.339445205632846,-0.475552134327195,-0.51550442177361,-0.548345156039161,0.138223158024048,3.11434504929723,0.265823640800086,-0.548345156039161
mam-4,-0.286773100494108,-0.275156401637176,3.32474749072569,-0.296596101390719,-0.296596101390719,-0.290724409177298,-0.296596101390719,-0.296596101390719,-0.296596101390719,-0.296596101390719,-0.12932303524478,-0.296596101390719,-0.266597834437297
nhl-2,-0.693166519316959,0.217897733716266,2.78003012139111,-0.822812039055296,-0.600081747282498,-0.689125095658834,-0.400318477818602,-0.144793738507348,0.351217107764294,0.647851310708615,0.187362651585225,-1.16677839209322,0.332717084567245
C42D4.18,-0.352288178336591,0.0356597742729045,2.72499537660373,-0.85200268144458,-0.02857999140901,-0.513844023542894,-0.644677206306514,0.74883136311212,-0.277297176620919,-1.10755362412426,0.267264441059181,-0.744197675644242,0.743689602381068
ZK185.5,-0.546389092375597,-0.513761053689563,-1.06873852224085,1.41299276471649,-0.656521257117832,1.21380700639265,1.52609111656282,0.225646053974762,-1.06873852224085,0.540759799758277,-0.846057598811428,-1.06873852224085,0.849647827311975
arx-2,-0.35772216038818,-0.367600674981204,-0.822340828045525,-0.328520840180643,-0.38769753515467,-0.0566555484454253,0.262704256145281,-0.110158385122502,0.393247429777166,0.273753670878045,3.00433360500132,-1.1593732842719,-0.343969705211771
sdhd-1,-0.132589572446337,-0.894978034917368,0.560290887097791,0.100570461606356,-0.114433737969695,0.201043175446649,0.549516075478971,-0.890388220072645,-1.37259557812981,0.979775258482071,-0.553572404459508,2.41622327460119,-0.84886158471766
F53A10.2,-0.587776714519276,-0.127306811820994,0.65006744473346,-0.70239737584648,-0.521049155304909,-0.0950264501144834,-0.54127321066608,-0.57984474554508,0.576716835636214,-0.758314607098162,2.80581099245893,0.656182718816468,-0.775788920729612
R09H10.2,-0.0837372628358906,-0.296186297432188,-0.455029800002635,0.0339058551998115,0.348516402042174,0.136125695132546,-0.112042185219066,-0.576496189538603,-0.498577459145243,-0.682176150443092,3.16310343688394,-0.576271291262284,-0.401134753379464
cnnm-1,0.765543276922944,-0.883326098652788,0.285348924376511,2.05362964234581,0.766718817307464,1.37950996638139,0.16699304287494,-0.772590301736849,-1.02598258663746,-0.291627496048763,-0.601530099505031,-1.02598258663746,-0.816704500990715
coa-3,-0.133146421352751,-0.666680813994354,-0.281245124430999,-0.162997961618435,0.0223872391291219,-0.188532952446766,-0.0796282791088716,0.102657434580401,-0.345777744997939,3.22372777824235,-0.654438797893114,-0.629377827612932,-0.206946528495713
T23G5.3,-0.209621919090874,-0.305513587413918,-0.0510310265490044,-0.307615981164128,-0.298150158701187,-0.299852867651156,-0.312921950885489,-0.312921950885489,-0.312921950885489,-0.312921950885489,3.31920211050828,-0.312921950885489,-0.282806815510568
mml-1,-0.405219196952446,0.163506682077714,0.998025161149828,-0.983131985444985,-0.163308289347315,-0.855230056043262,-0.904889434597781,0.523162539454128,2.01291886031668,-1.22902532145879,-0.846183249631997,0.463580959936197,1.22579333054203
rbc-1,-0.230746227805468,-0.473544243428575,1.67914826463046,-0.120958876246749,-0.0737258554048803,-0.196360122409679,1.19900572127183,-0.997868317159451,0.381352461632728,-1.37392053484466,-0.646053791642521,1.76775764788897,-0.91408612648201
cutl-22,-0.215311868476403,-0.284219522926411,-0.284219522926411,-0.284219522926411,-0.284219522926411,-0.270087550393546,-0.284219522926411,-0.284219522926411,-0.284219522926411,-0.284219522926411,3.32759464813406,-0.284219522926411,-0.284219522926411
Y47D9A.1,0.128407228625246,-0.741076830885098,-0.00776487492476034,-0.168930322409957,0.180679181382901,-0.234012162803533,0.0530489054966286,-0.840487149391954,-0.944114555146897,1.07049767929063,-0.364114952507311,2.76351270900251,-0.895644855728397
ent-7,-0.5137541334993,-0.458487753354008,-0.534868854960348,-0.138541304494545,-0.0655475062305798,1.96085035337045,-0.218919805039487,-0.534868854960348,-0.534868854960348,2.46072752440993,-0.351983100360717,-0.534868854960348,-0.534868854960348
dnj-7,-0.478512701670258,0.104840325607729,-0.413366744806207,0.0249631922560569,-0.171046700157825,-0.393080841488598,-0.101697880867123,1.0446939938124,-0.842674818781601,-0.382986752849508,0.323872482974912,-1.42096492560205,2.70596137157207
uig-1,-0.0188353870606428,-0.42267848237324,3.18120325308064,-0.232601428104374,-0.280263045941341,-0.329435509540371,0.00454156769707438,-0.506738095192814,-0.566772040745613,-0.566772040745613,0.510445225448723,-0.355458542767629,-0.416635473754802
thoc-2,-0.709597654127654,0.412988401124112,0.746442269465973,-1.04324407576249,-0.669292734766057,-0.758457273708306,-0.5054737836939,0.924918119357775,1.87374044944216,-1.29376311389611,-0.151166644686364,-0.322050721838962,1.49495676308982
wbp-2,-0.465890677916635,-0.0954416990678117,-0.0674433870177168,-0.654880237045879,-0.544403117268929,-0.513612133204887,0.00394232672547671,0.251070638911181,-0.159106244298487,3.03395516979292,-0.587430002913522,-0.849303092610626,0.648542455914918
rig-3,-0.562290065825369,0.0948930000241106,2.96060202336154,-0.562290065825369,-0.562290065825369,-0.562290065825369,-0.553310953199355,0.582036608040684,-0.562290065825369,-0.562290065825369,0.475556548238387,-0.562290065825369,0.37625323431222
copz-1,-0.264253437042205,0.395624544143838,0.636552876434056,-0.931816858900618,-0.300231955589544,-0.736065458000454,-0.481737967844733,0.603184334671765,-0.316798435409068,1.06535435514846,0.69083641411055,-2.11613217425148,1.75548376252943
dct-16,1.38750615281004,0.61684652152968,-1.10013963657581,-0.625393337501452,1.77116757810852,-0.635340976760371,-0.231806993862396,-0.112282538358577,-0.646877823013159,-0.334320257620458,-1.01532949893751,1.58013411638411,-0.654163306202615
xnp-1,-0.392181157260324,0.311828416796166,1.75157458669113,-1.32322046707992,-0.181747400482262,-0.773533087329236,-1.05837422243797,0.641378576039831,0.275397433245233,-0.993984085425368,1.17239661396453,-0.755451523888722,1.32591631716691
lin-13,-0.754086405634232,0.423987814532014,3.09194077381307,-0.66659314480027,-0.388242417432572,-0.301732337706667,-0.568713817856702,-0.429118856778166,-0.538522805942639,0.290408777827558,0.156829758512134,-0.00175608123308879,-0.314401257300434
atx-2,-0.716472137292775,0.00482590467253579,1.37903082930306,-1.16200521014672,-0.240728469411136,-0.928307358013364,-1.00271164510857,1.34357764009559,0.622093373022034,-1.04994811927326,-0.559792954094661,1.28270319415086,1.0277349520964
rpl-11.1,0.0798389318114211,0.578502675513033,-0.283939113974558,-0.0157128611771115,0.543733538323325,-0.898385800267259,-0.919181393694158,1.19477043888823,-0.229483753795114,-0.362320288384676,-2.09314093137534,1.8129959139197,0.592322644212489
arx-6,-0.36901095166119,0.0761257436678678,0.412790843628241,-0.648456834939919,-0.348970716019396,-0.437331259025463,-0.421427053984982,0.506812521160457,1.04422634692037,-1.57235982996343,2.16867157532191,-1.24699916847667,0.835928783372207
Y38E10A.24,-0.272760819866527,0.163008099393522,0.373620925147755,-0.844531130558146,-0.0742820109063154,-0.658285088338795,0.0897067036129726,1.85332349304654,-0.642323702194349,1.04306523215929,-1.2779156837516,-1.29057286406073,1.5379468463164
his-57,-0.485171417474404,0.60050654715442,-0.241923635517881,-0.654587287692596,-0.565274450367675,-0.624167254710946,-0.654587287692596,1.16427501594951,0.587744407688829,-0.654587287692596,-0.464469131995657,-0.654587287692596,2.64682907004419
R119.3,-0.180915822009676,0.291667873182519,-0.049137442382368,0.038731008108454,-0.394294899916612,-0.343458396841391,-0.462400948574757,0.0189573691410342,3.13589237050439,-0.747615770026815,-0.6556078357162,-0.747615770026815,0.0957982645582351
erh-1,-0.439482864355494,0.78029018184371,1.06992831817505,-0.834941885596721,-0.467329578892356,-0.508945324922011,-0.601851725670994,1.57732390761068,-0.692194501638499,-1.04043744116523,-0.595607547414963,-0.258099802618565,2.01134826464538
Y55F3AM.11,-0.076368962286058,-0.633323484082707,-0.096221841620034,-0.223504240616654,1.4965650142437,-0.231061884247791,-0.505016315980085,-0.725541718905957,-0.725541718905957,-0.725541718905957,2.54787516615949,0.62322342405397,-0.725541718905957
cdh-5,-0.351113897373236,-0.409527300136037,2.47364451869955,-0.430026935787941,-0.350960891372284,-0.430026935787941,-0.380016542368542,-0.430026935787941,-0.430026935787941,-0.430026935787941,2.01066705529764,-0.430026935787941,-0.412531328019446
ifet-1,-0.478552105256332,0.428741679461749,2.1213062844502,-0.783996995243878,-0.581549250137924,-0.841466416645394,-0.78094135108249,0.282831294597944,1.38251595337713,-1.16559121838951,0.28791022427592,-0.76485352794727,0.893645428539856
spk-1,-0.380956486880382,-0.0285976021339659,2.35800556795428,-0.62246394621887,-0.69652761039188,-0.972159385362653,-0.603321889743364,-0.0713282155843072,1.03656177887466,-1.27426472544447,1.08823087755414,-0.241166618677992,0.407988256054803
gei-1,-0.445486726919237,0.010980341689227,-0.781959773778343,-0.725040205368613,0.183561970343449,-0.242708432423903,-0.370931924205901,-0.65618769979458,0.25651409425052,-0.144312479856158,3.04319571958553,0.50526208569643,-0.632886969218423
dcp-66,0.0970432952975987,0.116127873478052,1.11589500085034,-0.805545848388228,0.242237838144143,-0.788681946124121,-0.983948401001406,0.750846936820567,-0.345134031389996,-2.0848225317653,0.394934253325483,1.70423755883489,0.586810001917973
F57C12.6,0.833443903650275,-0.477896061982687,-1.04730668526757,-0.241209759547637,1.39143104306124,-0.0126783105163292,-0.115538080728533,-0.43603985068379,-0.252575779610144,-0.850003753020786,-0.587215982739942,2.48509398023444,-0.689504662848533
alh-3,1.05872458390717,-0.61426352104895,-1.72267796272048,-0.20081169606154,1.52913231330035,0.0904792667089934,-0.0530455121652318,-0.610874463399725,1.00540658288858,-0.0817697995728518,-1.37403142454332,1.32108899302909,-0.347357360322087
plx-1,-0.288583451079613,0.164999078208902,2.3874479184454,-0.67479643656323,-0.463236630650108,-0.675109957131058,-0.699554975900452,-0.304348340491471,1.74442556796667,-0.913088582427048,-0.507601311871829,0.515433549938324,-0.285986428444486
unc-71,-0.704343982738642,0.772165006832975,2.05085061351861,-0.653118091629279,-0.686564197301173,-0.728462478236113,-0.674757679728073,0.504866189602603,1.69894801433936,-0.728462478236113,-0.612524027939761,-0.728462478236113,0.489865589751721
nhr-50,0.241742351430295,-1.04111157362568,-0.227464723567765,-0.27085590231854,0.430699980024103,0.21923466729038,0.502636775877743,-0.911765965765379,-1.16861793933982,-0.433619600369907,1.77491479228969,1.91181263756081,-1.02760549948593
tcer-1,-0.69891810928391,-0.0825147548253746,-0.206490032080132,-0.669109475631581,-0.531743618996494,-1.01876364499138,-0.814885749078181,-0.461026175381522,2.39908041557568,0.123175652987365,0.652186151545945,1.59372935683398,-0.284720016674394
cpr-3,-0.293712328640376,-0.738042284482131,-0.738042284482131,-0.255710019124576,0.109853059834725,1.53955614774017,1.65648730100606,-0.738042284482131,-0.738042284482131,-0.738042284482131,1.84989976842504,-0.17812022234825,-0.738042284482131
R12E2.8,0.157709998658738,0.813461509726567,0.126882487489196,-0.940748396122654,-0.433854812380851,-0.956428533651507,-0.931903444112607,0.641675777197866,2.44762669890013,-0.966963811362859,-0.762586265846141,0.716868690752684,0.0882601007514362
elof-1,-0.671827509159717,1.29414883065869,1.13245491573036,-0.932546881387039,-0.640887298413537,-0.862033747334679,-0.585699212820896,1.13113549564549,-0.661637053947688,-0.101170412795515,-0.540911858564809,-0.539375249250174,1.97834998163952
F01F1.2,-0.0738047025970692,-0.0718551171432966,-0.201900072748741,-0.328031319050354,-0.246046373643886,-0.245701154547714,-0.395512206480962,-0.0888075279150369,-0.554490167503175,-0.554490167503175,-0.35575125488231,3.28422744797346,-0.167837383957744
mtrr-1,-0.0569191720366845,-0.658088280190062,-0.87861249068789,1.71454961521789,-0.834684230202422,1.63934059174612,0.259900809054443,-0.90096698836693,-0.262067314582291,0.483884635321137,-1.00503398480927,1.28649551697309,-0.787798707437124
ubc-20,0.156214772866807,1.04027630645252,0.203010775576908,-0.960732791069116,-0.395342904347825,-0.606374651426641,-1.00885332256446,1.2652368759278,1.31100515320464,-1.55990254925142,-1.10606438894057,0.954983403696155,0.706543319875201
chaf-1,-0.493358286382569,1.57446524766704,-0.33581486991337,-0.526101157882534,-0.494852723724577,-0.549052229112293,-0.549052229112293,1.18374644136173,-0.521702514856633,-0.549052229112293,-0.531440408951655,-0.549052229112293,2.34126718913173
atf-6,0.957673252877759,0.208472624153164,0.613501131737966,-0.214850861108461,0.752347418059324,-0.413229868593526,-0.769513037139174,-0.433987787481692,-0.76283369791776,-1.08215416299591,-0.774635470424872,2.52562852281195,-0.606418063978771
snap-29,-0.332308380458299,-0.59459311587632,1.91549604198141,-0.719310027915573,-0.00801280871875585,-0.34893710865498,-0.0154068247197928,-0.371282875496911,-1.11968947283718,-1.12132652663362,1.00923743929244,1.87886032098013,-0.172726660942536
cgef-1,-0.516349689411883,0.0876638430571763,2.8756263300906,-0.625330969920058,-0.534785630183142,-0.625330969920058,-0.580380419423387,-0.170300144239808,1.09862872853301,-0.625330969920058,0.167503367464723,-0.625330969920058,0.0737174937929433
natb-1,-0.138367543103497,0.0380947026779644,-0.399244970798365,-0.480413670217485,-0.145931536049573,-0.516673364617234,-0.0710001871740107,0.266348803280825,3.02184261429366,-0.32775018628473,-0.834091588568116,-0.982650770129879,0.569837696690442
dlk-1,0.0419096125794036,-0.418040671484968,-1.11623115891493,-0.0815342957857198,-0.521031875358599,-0.415160998133142,1.59175237835055,0.475668237797653,1.68997179193905,-1.70977846338677,-0.714094422444045,1.02740948473369,0.149160380107832
skr-21,-0.303651677870612,0.723588610205496,0.344905789076503,-0.785986697891082,-0.249398571067506,-0.845726383356412,-0.687072721468133,1.5230423927143,0.286267273613475,-0.828920680699805,-0.563957488547257,-0.892330829501743,2.27924098479278
rig-1,-0.492950203821854,-0.430080228153176,2.64403991810979,-0.54768867878357,-0.546071443123714,-0.565967424640294,-0.547719126304715,-0.36689655221902,1.33318586323391,-0.565967424640294,0.872562135579499,-0.565967424640294,-0.220479410596266
Y52B11A.10,-0.212431698488463,1.23037060611233,0.331179132010776,-0.829787762852148,-0.83255442063145,-0.783730541278542,-0.799194663259766,1.03909607901583,2.14628267411999,-1.13084251172565,3.08387887981042e-06,-0.678837633875737,0.520447656973953
pcca-1,-0.653724286752171,0.690643340833847,1.7287565040819,-0.602823470555338,-0.71011897454676,-0.594029333917785,-0.688306877163475,0.526046038562526,-0.497916447843344,-0.763317807715519,0.160870739139544,-0.763317807715519,2.1672383835921
pde-4,-0.558209833499118,-0.238511079171367,1.79935685494723,-0.461554277913719,-0.488013630408663,-0.473092410063982,-0.392954207778932,-0.341817157086139,-0.0921785917033458,-0.698603900497512,2.57588289619476,-0.0730654543377809,-0.557239208681432
B0546.4,-0.720557030416967,-0.218513889053841,2.23293451821786,-1.02331017521201,-0.432390065019065,-0.465881981843133,-0.725631891734471,0.211902508403249,-0.553916762284569,1.85081501847061,0.511129689298244,-0.656306598491175,-0.0102733403347307
C01B9.1,-0.015534653525013,-0.572897056286968,-0.572897056286968,1.04499748060895,-0.313069491395945,2.85981869691459,-0.217950075394554,-0.572897056286968,-0.572897056286968,0.593072355198073,-0.532226146006866,-0.572897056286968,-0.554622884964402
lrp-2,-0.727858044814525,0.799199904560388,1.2777799767658,-0.770278441031853,-0.722064030742176,-0.770278441031853,-0.728372331594471,1.00110089003024,2.08994129612016,-0.770278441031853,-0.401145264549251,-0.770278441031853,0.492531368351246
C06E4.2,-0.295826614853291,-0.305331919735078,3.3189694962065,-0.305331919735078,-0.257116769084555,-0.305331919735078,-0.305331919735078,-0.289580045146,-0.305331919735078,-0.305331919735078,-0.0337907092420314,-0.305331919735078,-0.305331919735078
aip-1,-0.683822014358418,0.146314454661267,1.85691838055587,-1.00761218039577,-0.464055272278533,-0.774754629073071,1.52990601609987,0.686196642157319,-0.885857737257436,-1.47939925892378,0.288807154428858,0.229760425652359,0.557598018731475
test-1,-0.0347812545201772,-0.236078259724969,3.23989304901341,-0.375571728477011,-0.400860952038904,-0.308948772084744,-0.248021034526513,-0.499944478639409,-0.547240705767055,-0.547240705767055,0.0908087817000652,0.180563112150363,-0.312577051318001
rab-5,-0.676748732509655,-0.631811395850128,0.689815481558818,-0.804112839973938,-0.427824171044845,-0.629664753107607,-0.929347481742937,-0.0938301298585299,0.520479049119604,-0.851213170878588,2.2050854145478,1.64627582537149,-0.0171030956314838
mac-1,-0.315816148298146,0.483918568643461,0.51780861511448,-0.575099424349271,-0.442360795886681,-0.812113076008183,-0.740934143292015,0.194487173243461,2.88185047098019,-0.912258612988738,-0.599530953117258,0.356579166894823,-0.0365308409361257
glct-6,0.014887511297892,-1.22891122036172,0.065948376395095,2.05636029011205,-0.595405080919184,0.795099042485203,0.491910638343604,-1.24293685273745,-0.0976822877975487,0.446880957177095,-0.686783964556433,1.17393928596246,-1.19330669540106
vps-60,-0.473394854181938,-0.535197215790291,0.984917986761388,-0.661289605348817,0.105022274302958,-0.1267236798848,0.934822840342906,-0.871551517055073,2.49355494904778,-0.712226282920416,0.517447598971802,-0.656622065513989,-0.998760428731509
bath-38,-0.46270253255988,0.354284217176243,2.03206851701877,-0.802921221077728,-0.347138194179249,-0.854196416246388,-0.391906965376568,1.20133730447206,-0.943279332049137,-0.411690896555044,0.606673916018401,-1.217443316883,1.23691492024152
tat-1,-0.741664052544574,0.560979023747159,2.61344589334715,-0.602944205998569,-0.465296285624928,-0.855799994671807,-0.593127628517482,0.176088652306935,0.572711397494521,-1.36013628562228,0.181632460813327,0.622281106850591,-0.108170081580049
ZK863.8,-0.38501439454064,-0.379424028824652,2.96715899389107,-0.38501439454064,-0.37768788754377,-0.38501439454064,-0.38501439454064,-0.38501439454064,-0.38501439454064,-0.38501439454064,1.25508247334311,-0.38501439454064,-0.38501439454064
dip-2,-0.441590968254569,0.124359216441532,2.17557255429111,-0.770914020042146,-0.61688139091251,-0.670935695628906,-0.630924739974136,0.123176043127402,1.94285014824631,-0.777165331944713,-0.143880207733563,-0.777165331944713,0.463499724328904
egl-21,-0.454163869459619,-0.421003174445866,3.19724651021487,-0.113998549979005,-0.447355935595751,-0.00433619934782833,-0.0330977649256126,-0.539937657419885,-0.365861728452998,0.437676835046387,-0.341640659061821,-0.577046145797294,-0.336481660775574
trhr-1,0.500504416056346,-0.824637341950655,-0.402788584695131,2.36395779220472,1.29082596486475,0.784742921615506,-0.88275462161695,-0.52602437632753,0.0703284469458552,-0.979813519422695,-0.92519545168782,-0.392539496250428,-0.0766061497359678
epg-6,-0.374020702419932,0.121873361782822,1.60320686031748,-0.698608351824897,-0.485068401193071,-0.519986830967234,-0.677307056406908,0.357973632933038,2.2313723799898,-1.14321224477136,-0.080864418924241,-0.987933142943472,0.652574914427962
Y7A5A.1,0.383180915335472,-0.456816316495675,-0.886783480584708,0.649612771945597,-0.436711103110583,-0.346135678476319,-0.148542438916151,-0.877033242845099,0.87163524777718,-0.00900681437670691,-0.898006256807922,2.72759440838368,-0.572988011828761
ptr-24,2.12245089694661,-0.548713124292385,-0.520062922677408,0.699863427604467,1.79344081080029,0.488299677016882,-0.335683999531976,-0.8515928978249,-0.749300819833768,-0.868223955517755,-0.313264140761817,-0.0667887046512099,-0.850424247277031
F18C12.3,-0.327638965046718,0.251744903070608,0.539572435343407,-0.582233100846482,-0.252512602524509,-0.776903108943966,-0.773944910624755,0.258730334670207,2.84978947819882,-0.986963044743696,-0.731829377321472,0.0501218992511605,0.482066059517397
pha-2,-0.303587207560455,-0.310140652852482,3.31774999144209,-0.310140652852482,-0.310140652852482,-0.310140652852482,-0.310140652852482,-0.310140652852482,-0.310140652852482,-0.310140652852482,-0.0412941068367932,-0.181602801372505,-0.310140652852482
lpd-6,-0.0678664596026696,1.33498951888961,-0.286173896990107,-0.688464448154911,-0.404989094915078,-0.923080728490071,-0.919352600630218,1.49524993689329,1.72549704164704,-0.63580846091033,-0.673487899542828,-0.90672794045064,0.950215032256922
Y48C3A.5,1.12694114130694,-0.537680186575005,-0.76244202515377,0.430362779021279,1.70350170244833,-0.27276710111354,0.683749354553125,-1.29237066603892,-0.0555790553022946,-0.312148728176205,-1.10513306408234,1.45396761061289,-1.06040176150049
rbm-25,-0.761200578570351,0.0386893368906818,0.794022511152299,-1.01634849568612,-0.447429312444849,-0.964821734800624,-0.990836992811139,-0.125978726610609,1.50784346749739,0.483435760062659,2.168903043069,-0.643144840457126,-0.0431334372912158
prpf-4,-0.399957090013979,-0.119209893257606,0.88079231875066,-0.689201422881321,-0.319679044260526,-0.735909820181984,-0.616482813297093,0.577266351628621,2.35471442120393,-1.18458062363831,0.672987846971407,-1.1400606797146,0.719320448690795
T22H9.1,-0.396614137041902,0.132693935359484,0.125399804807632,-0.838499684090146,-0.475205089767714,-0.910845449837818,-0.568668953326034,0.911560718656335,2.31748925206696,-1.00981415862746,0.821783405881987,-1.00981415862746,0.900534514546127
mbk-1,-0.368236953417336,0.00286229045557433,2.87640709387378,-0.612135504768429,-0.250415022081688,-0.403606693411782,-0.666879282803952,0.263023081510819,0.908688085688399,-0.824349476560644,-0.429008406210088,-0.824349476560644,0.328000264285994
picc-1,-0.488657419816909,-0.480953398609509,0.137033081718199,-0.542529208183341,-0.257543959565393,-0.338545125246069,-0.546143945861986,-0.550274662987328,0.414567368461191,0.363141317757688,3.11543716777869,-0.618103475726555,-0.207427739718682
C33D9.6,0.0178477759117053,0.534565313218149,0.503075404061798,-0.769226976232325,0.157541840872875,-0.905091386135112,-0.46338957326341,0.0879617163035947,1.37057026281115,-1.83769329589904,2.04215323589441,-0.597330361541237,-0.140983956002561
slrp-1,-0.380368340580674,-0.269974088491067,1.44956264185279,-0.835286687226818,-0.300995096430534,-0.756083725975706,-0.836213018265573,-0.41989188069737,1.1549254189052,-1.03021643823841,-0.243115111631901,2.22041538671551,0.247240940064546
rsf-1,-0.595725055276441,-0.035939991498422,2.60279512192321,-0.687361415369181,-0.570790445962096,-0.680661842971198,-0.722576141567749,-0.322145103188611,0.846042303037769,-0.757747888625676,1.26409724316193,-0.0356263572161036,-0.304360426447441
M60.4,-0.401745322068625,-0.488182160351816,2.77486573435039,-0.360920452563032,-0.564148245118583,-0.433624633815299,-0.318634491323566,-0.583114522337694,0.143029443979759,0.158271245928786,1.37967623803724,-0.75556641051658,-0.54990642420098
F45H10.2,-0.387686519029821,-0.88401056570789,0.0863345705307608,-0.310059550381315,-0.497555847329157,-0.202091183593519,-0.360026644105049,0.278124260729815,1.26209199602856,1.40217232584999,-1.81366665158168,1.85415966064448,-0.427785852055177
Y71H10B.1,0.782591511070567,-0.925037275413807,-0.829381809274271,0.39647149078981,0.468311293268575,0.627115986166669,0.615323144144492,-1.00056691849113,-1.05126396714408,-1.07136755828214,1.43837383171318,1.54388920078129,-0.99445892932916
ola-1,-0.361607428133639,0.0989107440649852,-0.305454065569782,-0.197453288511372,-0.0486960559485774,-0.535867468792672,-0.530443913070666,0.28708795913734,0.588603943040714,-1.27407138020142,-0.903128081861836,2.86101181213197,0.321107223714964
trak-1,0.512895629104594,-0.679044742283819,-0.687360973001663,-0.0171092860329879,0.252423763786909,0.743070989906181,0.44510181434743,-0.985501249621553,0.636664942108893,2.44903602114807,-0.87791470319453,-0.551223818085774,-1.24103838818175
clip-1,0.404589311228471,-1.06243739283535,1.80682659851457,0.338535201093853,0.608385772042896,-0.274904777465246,-0.568541944720604,-1.16508869096196,-0.864589543132194,-0.490842160855748,1.46186835428515,0.91740945098047,-1.11121017817431
F55F10.1,-0.160389761555513,0.638353180974261,0.680231179628314,-0.941470871345002,-0.302098331905706,-1.67584805916417,-0.891368751138748,1.67393435076152,0.998954462727788,-1.02677391264442,-0.584432760851519,0.971723469689525,0.619185804823676
F02E9.5,-0.543575766542719,-0.365852189677856,1.71840103744825,-0.708740877477625,-0.437847236795981,-0.623427716499392,-0.437639303430078,-0.379012773968519,0.584277159062244,-1.23367203386539,0.0482378437537655,2.30853029963513,0.0703215583581669
ccr-4,-0.517501310649638,0.235179570450479,2.40735569785342,-0.790580544723293,-0.335567123231642,-0.733304223055124,-0.662539082796083,0.849653718445022,1.14758276605601,-1.12619881532547,-0.785874099094092,-0.155405703448835,0.467199149519248
lsy-2,-0.518265154737798,0.406195035721947,0.421186905656986,-0.804079719874305,-0.594162479978648,-0.544672607956785,-0.408936976296308,0.153255653992456,2.9046806150126,-0.811065435614745,-0.450167133855665,-0.412772277424673,0.658803575354933
noah-2,-0.59359574940778,-0.391727004531486,2.18491527036871,-0.59359574940778,-0.584975339513546,-0.59359574940778,-0.59359574940778,-0.571249027712903,0.214793642749273,-0.59359574940778,0.65321470799474,1.976367554161,-0.513361056476893
F44E7.9,-0.0288766129235386,0.627309550748443,-0.890421337345949,-0.707518639828339,-0.352015991189288,-0.612099488063212,-0.742076821839445,0.991448916572712,1.33676350718712,-0.578598063984276,-0.436247036334763,-0.884762197767931,2.27709421476847
F53F10.2,-0.78425295100661,0.534359469660246,1.21258304159171,-0.49618664805577,-1.14691885146052,-0.114810689824016,-0.267059698595961,-0.108325757225198,2.44607291673729,0.605261367419888,-0.933661787809577,-0.0853365281664863,-0.861723883265
klf-3,0.183403263484034,-1.04335713010886,-1.17363407763557,0.213880078054144,1.06110103038074,0.872313461084434,1.21318837270625,-1.17363407763557,0.415659572826192,-1.05475965076165,0.211692992183873,1.43144852569357,-1.1573023602716
Y14H12A.2,0.638689854313518,-0.727304739709763,-0.727304739709763,0.699951384053601,-0.414825435788621,-0.59018923978811,2.79778209455662,-0.727304739709763,-0.727304739709763,0.0552600397581932,0.275205951475949,0.174649049967664,-0.727304739709763
F33E2.5,-0.672413898368855,0.631141479851782,0.614910836271322,-0.688234413966938,-0.679583404674009,-0.688234413966938,-0.674331738654962,1.84771938571781,0.394667721436884,-0.688234413966938,-0.688234413966938,-0.688234413966938,1.97906168825472
cpn-3,-0.49137803779734,0.136937224058561,2.9077836039582,-0.503222651933594,-0.478834497717719,-0.503222651933594,-0.503222651933594,-0.474159879385772,-0.144166475743158,-0.503222651933594,-0.457601810171232,-0.225289928749615,1.23960040928245
puf-9,0.0160574182790344,0.882391052662551,0.508032766647601,-0.730004545292103,-0.0380327753730323,-0.615693750168043,-0.873213201127063,0.573462000680521,2.32676724013686,-1.67500878646801,-0.759559329885175,-0.0170890918866907,0.401891001793556
F09F7.5,0.56679641399243,-0.836868240898192,-1.66690614742052,0.383155418930538,0.911690468545255,0.837722029406787,1.64556803991401,-1.25634951701799,0.104073571275041,-0.174053751528974,-0.706590735516695,1.0110206403185,-0.819258190000175
W04C9.4,-0.0777313418987604,1.29022122825369,-0.101069874927135,-0.834480487027015,-0.125432777919038,-0.975317853575168,-0.82180894572176,1.80630888935117,0.896152970691779,-0.0488910062029058,-0.804473971610242,-1.37536589460229,1.17188906518767
gsp-2,-0.57957495582383,0.0475811871755991,0.57598398620466,-1.0488797114518,0.259733051103587,-0.852993972180312,-0.777629150916976,1.18477704017226,1.53535514140106,-1.63932898398019,-0.249558670970385,0.021710962103616,1.52282407716271
nath-10,-0.484437111493585,1.20870344183251,-0.31798618430978,-0.667075766317566,-0.486011171667319,-0.791296944472744,-0.721712989053621,0.752146270145038,2.03410647448168,-1.18905290092118,-0.802700425191556,0.21306328623155,1.25225402073658
rpb-10,-0.473752876263316,0.987179618899375,-0.0231969441692318,-0.754058476183737,-0.234840920324442,-0.843117157665382,-0.948059988671178,1.9360271324553,-0.0348528584412232,-1.34615098294725,-0.316337481485101,0.39239820834188,1.6587627264543
psd-1,-0.559120926189768,0.340793065197696,2.27721882022273,-0.906864705267262,-0.523873743656915,-1.08903100857626,-1.16562420605585,0.384950830392006,1.4333804222056,-0.547381597362846,-0.0899805116957267,-0.0363306356540071,0.4818641964406
flh-2,-0.787839869084546,0.117251966677694,1.36261508164315,-0.815398083362961,-0.691588964780664,-0.84733513599127,-0.770911168772075,0.271233395902032,2.15717833523933,-0.860974048954698,0.313862631267454,-0.540845158240277,1.09275101845684
ugt-33,1.16649363160857,-0.57583251350733,-0.965690632701999,0.109581554470345,0.307089633531421,-0.821581683882522,0.681614529581683,-0.822550681354731,2.5067411813403,-0.171003146907543,-0.858943928831986,0.0737184606168732,-0.629636403963083
gldc-1,1.1253374870902,-1.09727739326871,-1.41252267664851,1.37143342782907,-0.11579934232695,0.754393277962566,0.307708251290244,-1.1769627050346,0.678690358071935,1.38334646349236,-0.708613016667272,-0.332439266747204,-0.777294865043135
tads-1,-0.642345804170714,0.0631815483387117,1.51158339735317,-0.9255842448734,-0.794129707674131,-0.745989451164485,-0.535741017415495,1.35145579011596,-0.122640302258802,-1.36503356191557,-0.212258256851914,0.824271872713045,1.59322973780363
C35E7.6,-0.524580930506456,0.201801822693677,1.80851969131234,-0.8270797160619,-0.634939153039138,-0.510140278162035,-0.609551106732534,0.992554200113145,-0.373100667162309,-1.01004395035582,0.793834316911495,-1.01004395035582,1.70276972134535
nmad-1,-0.49581695170881,0.477173630260141,0.119949058453057,-0.813124231931389,-0.894268282422099,-0.639472264631092,-0.201101173706005,1.74872284754354,0.381468081093281,-1.16354038367742,-0.619443041417018,-0.0586268407643457,2.15807955290816
lin-59,0.240210361760048,-0.516466524471639,2.34585753493746,-0.477101835888906,0.242622146569673,-0.751924507602276,0.330525549071131,-0.430637049657572,-0.368636109066543,-1.38531594274267,0.0681601079148353,1.51741477620514,-0.814708507028682
hum-1,-0.780082374929753,-0.833615197718464,0.456800553632078,-0.585364582603089,0.0114505585708597,-0.0875579854128651,0.356904005758035,-0.650748963480453,0.891247497150214,-1.44226652945155,2.21309663444773,1.15054742261223,-0.70041103857498
atm-1,1.2773656568577,-0.754250682356975,-1.193384994289,0.969057310778347,1.49098901398287,0.749404353140821,0.838833101828336,-1.06543032835821,0.203203428678909,0.0878219188343337,-0.43152388285492,-1.41662648166962,-0.755458414572599
nol-16,-0.136637405124335,1.04300591520035,-0.00571885437555779,-0.765359396539833,-0.19365327880174,-0.829858272724434,-0.762317381079062,1.47692012885191,0.212264301660263,-1.09611138291394,-0.884976732952007,-0.233526240913753,2.17596859971214
col-48,-0.265387444332242,-0.27941270348913,3.32816493690826,-0.27941270348913,-0.27941270348913,-0.27941270348913,-0.27941270348913,-0.27941270348913,-0.27941270348913,-0.27941270348913,-0.268650457684712,-0.27941270348913,-0.27941270348913
bath-10,-0.586625673157386,0.334927353646795,1.05711606704721,-0.621697763503174,-0.611134178091112,-0.621697763503174,-0.621697763503174,2.13135157179195,-0.347634770004886,-0.621697763503174,-0.621697763503174,-0.621697763503174,1.75218620978647
B0457.6,0.115891242603749,-0.884324104562532,-0.0606234683883992,0.664599557537088,-0.610308703722308,0.638403342222737,2.5965498117393,-0.88963172281682,-0.610027068123931,-0.410453072978171,-0.554133981362098,0.895881364861763,-0.891823197010378
prkl-1,-0.729426240803791,1.20379676569215,1.47774752646366,-0.911985979763266,-0.459791125620841,-0.909257809416033,-0.740287203314077,0.888183293527867,1.48153955386963,-0.933848811792755,0.797568799080157,-0.933848811792755,-0.230389956129949
cct-2,0.652333111807793,0.41592773430686,2.78483743406062,-0.999891774028824,-0.445726796282598,-1.01583584780703,-0.333739642092043,0.444503233412143,-0.684968282625011,-0.42238050671139,-0.631577446116139,0.245450072878266,-0.00893129080264872
let-92,-0.605144768272861,0.465417216377877,1.87441834913038,-0.987707343305531,0.0338752513077132,-0.706681609285552,-0.751665292927941,0.164680807426938,2.06377341240299,-1.02000545428112,-0.244833865821182,-0.60946450848338,0.323337805731665
Y67D8A.2,-0.18359296194594,0.390806650156091,0.375019796385334,-0.842797818146574,-0.280855558725851,-0.870410977418519,-0.0809017950553088,-0.175783741264387,1.91112611903087,-1.33757971237763,-0.881808641014181,1.96709758424152,0.00968105613457389
gbf-1,-0.129325326278356,-0.807159469485877,1.26454225919112,-0.774669732083473,0.162162615540761,-0.18963140411821,-0.448652242205185,-0.708738269374719,2.56657251700821,0.265508268696467,0.478888499941552,-1.0258309208109,-0.653666796021387
scpl-1,0.358449681742818,-0.882898262585502,0.199019633275608,0.126580916180304,0.0846177628101747,0.20705033703788,0.243508536343987,-0.868735455790885,-0.94818861793415,-0.94818861793415,0.712385008232578,2.64617557727655,-0.92977649865521
F44E2.3,-0.476111508417509,-0.290956468566481,1.6382424065104,-0.482740011674543,-0.253007736588665,-0.571677325179893,-0.522559179849305,-0.464581181459696,2.65428546334876,-0.00743481933697187,-0.032644833213147,-0.856828691970108,-0.333986113602844
T28D6.7,-0.536341167234504,-0.622567565158735,-0.129968243030165,0.880345799302002,-0.568145335378489,0.507755097537752,0.557736535872014,-0.636365060498067,-0.636365060498067,2.81005868216449,-0.353413562082097,-0.636365060498067,-0.636365060498067
fard-1,0.35264861191055,0.00735167857555205,-2.01664124374784,-0.196166084126225,-0.00910209867337214,0.97049089638007,1.8729112325579,0.326686281905934,-0.348049298262557,0.71519907401673,-1.26848047367184,0.463416174863987,-0.870264751728893
Y37A1A.4,-0.971645388580195,1.19574084551302,0.54831315608916,-0.952281067205119,-0.889164203577133,-0.861144989142854,-0.432187693027355,1.7588530633187,0.497131575676636,-1.07300392374963,0.46085806350562,-0.572689140301546,1.29121970148069
gck-2,-0.296361829693798,-0.26739132262228,1.09110608861631,-0.54247368816669,-0.294231954521153,-0.528682458976586,-0.179179097839751,-0.0202678936836868,-0.667665439008868,-0.667665439008868,2.96860617116309,-0.492352499438352,-0.103440636819372
T23D8.3,-0.154657369002265,0.549885749186789,-0.344048970003454,-0.67535840243493,0.00253160473798761,-1.08612687956433,-0.171919231676201,1.49419848804151,2.3577172252958,-0.805163155263408,-1.00918544483338,-0.536828291081504,0.378954676597379
D2021.4,0.755569134403572,-1.02755221457305,-1.60864370390027,0.464203339405906,0.657878962773912,1.08448299396898,1.02525089292619,-0.792505151999568,-0.00386243270489405,1.63384241769271,-0.824054131890846,-0.648253823812246,-0.716356282290406
ptps-1,-0.483429010156882,-0.908101369229835,-0.880974467326666,0.57699057662055,1.54173467355127,1.2795564415492,-0.709766737987473,-0.889879803479746,-0.20702888343364,1.80913362556033,-0.614706976938566,0.333660872005954,-0.847188940734495
C45G9.6,-0.295378133488936,-0.283016410457565,-0.100205393275899,-0.295378133488936,-0.295378133488936,-0.28180851680341,-0.295378133488936,-0.295378133488936,-0.295378133488936,-0.295378133488936,3.3234335219373,-0.295378133488936,-0.295378133488936
ctg-1,-0.400595861241907,-0.340845873698511,3.16664882149453,-0.423337832793048,-0.385900156953964,-0.330336979336645,-0.413848152128179,-0.304974308552361,0.711961236669761,-0.423337832793048,-0.349228894898059,-0.423337832793048,-0.0828663329755174
clec-174,-0.0590124919729566,-0.649986117392101,-0.649986117392101,1.18242464758918,0.733225608056975,2.71531372926454,-0.519864700469266,-0.649986117392101,-0.649986117392101,-0.0603759904819594,-0.244772912651916,-0.517381077348103,-0.629612342418094
degt-1,-0.311179831597252,-0.325260845478901,-0.281034347959816,-0.195188176509968,-0.108893091891469,-0.139959812755668,-0.293916488605618,-0.332527460653613,-0.332527460653613,-0.332527460653613,3.31806989806676,-0.332527460653613,-0.332527460653613
rab-8,-0.580562022500681,0.447969629715993,1.98126273644809,-0.720017368417097,-0.658960493131758,-0.687611101198932,-0.522290789523272,1.11853792488834,-0.892098916599267,-0.216260863378465,-0.0926462340723351,-0.892098916599267,1.71477641436865
F48F7.6,-0.543483505410609,0.375259032899415,1.68227382044701,-0.895436289930294,-0.6463809647127,-0.851922340045749,-0.768360878549081,0.123745856129792,2.20959028805841,-1.05148937657004,0.33843639099006,-0.185915427096802,0.213683393790586
ears-1,0.151272171556003,0.630204830994762,-0.809273975774003,-0.471864902509886,-0.243358274499931,-1.13754941489721,-1.25697306597004,0.975973241939115,1.88503123062637,1.25872130088335,-1.11481900627091,-0.395900177639535,0.528536041561911
K05B2.2,-0.495752109589602,-0.473250208708113,0.0508972552025391,-0.145855437683544,-0.554624541260496,0.0859144982189731,0.0601089334456806,-0.107306082984826,-0.690446212081944,-0.690446212081944,3.18224110734399,0.0785543295772056,-0.300035319397915
Y53F4B.14,-0.684116409168596,-0.520396330736819,-0.272771773579375,-0.683584108676182,-0.838902731886088,1.63234902499368,2.34001629776334,-0.490670897547021,0.407176855800746,-0.905443933958442,0.604670725448155,-0.0592029076339916,-0.529123810819405
M79.2,-0.475351934972253,1.9070391749267,-0.0846784874906831,-0.655998763867211,-0.624829691228921,-0.663281387009222,-0.663281387009222,1.55192476095109,-0.432188562545125,-0.663281387009222,-0.23540211562879,-0.663281387009222,1.70261116789208
teg-4,-0.456548798393405,0.781892251075895,0.884378094230111,-0.659735697493457,-0.513023281477364,-0.855535581063193,-0.657540317923491,0.796187136710703,2.26211090028344,-1.15932606820094,-0.710918597304087,-0.524306565084205,0.812366524639993
W08G11.3,0.413018588460023,0.499301927380849,-0.914929100912453,-0.1515737886798,0.926123085937633,-0.258276776034913,-0.0577574909725377,-0.427558623536649,2.11551834552765,-1.97792243912092,-0.829961058564597,0.727356789277076,-0.0633394587613572
apd-3,-0.622254922237702,0.494716472036572,0.804880986786353,-0.774941460437817,-0.324870956042813,-0.998221794277981,-0.628421899395261,0.761710841767373,1.58830291781335,-1.38845742049403,0.811337913660666,-1.06514497625062,1.34136429707191
mrg-1,-0.641661542987845,1.12033757953665,1.20163721711766,-0.832917265753486,-0.621175124265965,-0.876801112185333,-0.699321826219349,0.998981162818324,-0.023640704958935,-0.496038160524104,-0.277963461217451,-0.93739008964511,2.08595332828495
F39C12.1,-0.42252670544626,2.12987733852943,1.1784202546584,-0.532158497944731,-0.436899813492795,-0.915174016471519,-0.513470268367801,0.265843654196538,1.22655684653752,0.436009199430272,-1.22676541725194,-1.00914491634336,-0.180567658033747
cua-1,-0.249845543600199,-1.10254380821163,1.13599890641046,1.1970398494661,0.492911120567801,2.08309377072907,0.293360886387642,-1.08870877508009,-1.00829190424868,-0.0671734520124129,-0.59811189242631,-0.248476725092618,-0.839252432889122
F39B2.8,-0.310599990153184,-0.165203369390712,3.30489359960054,-0.241590640536921,-0.172914167608579,-0.344002340358264,-0.36095482821109,-0.184514721386056,-0.414372756204137,-0.414372756204137,-0.0224612492463445,-0.414372756204137,-0.259534024096981
Y73C8B.3,-0.105953471258315,0.885545401351026,-0.692652893672666,-0.425882646829668,-0.223734257886915,-0.198158732547256,0.0283043643288121,2.23283806894283,-0.234705038774421,-1.18488821857966,-0.756677232124484,-0.928445161568695,1.60440981861941
EGAP1.5,-0.277346151039116,-0.266625494902849,3.32553672386173,-0.232279483275556,-0.291787334704034,-0.295890663403803,-0.278310224770887,-0.164196277212143,-0.306982012133201,-0.306982012133201,-0.291173046020537,-0.306982012133201,-0.306982012133201
srp-6,-0.0072095220450577,-0.753465530549793,0.325417662149762,-0.134274092708389,0.45484227933099,-0.0319540683234873,-0.241321144049157,-0.811238078692952,-0.908235717751809,-0.841006428333807,1.16441314466608,2.6102473624798,-0.826215866172177
stau-1,-0.374357609178433,0.587282728563382,0.898090775111601,-0.71020362009691,-0.57808037925832,-0.770602706227861,-0.561355882506325,0.36713678755232,2.40284659974328,-1.12962158041995,0.5295304188738,-1.12962158041995,0.468956048263357
Y41D4B.17,0.0522751829767729,-0.550039655936825,-0.566327899737825,-0.44472201253157,1.0163381167284,-0.432698107819357,-0.491696482222547,-0.566327899737825,0.222013075447005,-0.566327899737825,-0.0556855836911155,2.94952706600054,-0.566327899737825
unc-6,-0.426213526433398,-0.337654352454979,3.15030294492181,-0.41097948250847,-0.375778181251641,-0.426213526433398,-0.267446187757279,-0.426213526433398,-0.0266645058337487,-0.426213526433398,0.743345820290959,-0.426213526433398,-0.344058423239666
F26G1.10,1.46831775404899,-0.962829928007671,-0.914466372199466,0.875666130769431,-0.0420969401392929,0.638852366391629,2.02771653987675,-0.962829928007671,-0.962829928007671,0.0132374008886364,-0.208523328398648,-0.0246586264363699,-0.945555140778644
C15C8.7,-0.675490489716468,-0.927210621301145,-0.439595829098146,0.0626475499590557,-0.737762291862718,1.44802564813747,0.330959316341187,-0.719580114497748,-1.15551447166914,2.18676818338423,-0.505575823151857,0.885978990787758,0.246349952687521
Y14H12B.1,-0.59581665565894,0.671029651159866,0.638091977488945,-0.849991081498458,-0.547790650345592,-0.774990653253642,-1.00749438245091,1.00216510712019,-0.783683315579935,-0.466377018041421,-0.663200273495594,1.39931036996761,1.97874692458788
cnb-1,-0.102911310910595,-0.90519201675224,1.79056651510397,-0.206444271850348,-0.396236520808354,0.677506271615843,-0.728577106406245,-0.662363443222218,0.719552893121971,1.27227397603418,0.810868148003023,-1.83004222508713,-0.439000908841846
uev-1,-0.51951651914164,-0.569763758530424,0.590315205429498,-0.130480867539303,-0.540209254002541,0.223509704375496,0.597279525445808,-0.545848873463201,-0.589304644836865,-0.581107740108354,-0.500693497445763,2.98821384689635,-0.422393127079064
F35B12.10,-0.05443523289449,-0.599203955996143,-0.375512934369803,0.189002456835936,-0.175780057031747,0.0889051444884481,0.292284938545936,-0.395038708556643,3.13909233206666,-0.214115655758905,-0.724147158031787,-0.774145575531225,-0.396905593766233
C37H5.5,-0.238766998658792,1.02515073138847,1.40875958218206,-0.541866742008158,-0.455277039440191,-0.853749614789456,-0.487723481903102,1.51176365859652,-0.223082111640681,-1.09914849308674,-0.797172053319955,-0.844874517243489,1.59598707992351
ddx-46,-0.513628083394639,0.303615911588298,1.19273423929234,-0.82844974777544,-0.317537507100775,-0.460942996916517,-0.873797593720709,0.573852783722785,2.20324801970074,-1.39959504059285,-0.858130171278955,0.265130094585743,0.713500091889982
pqe-1,-0.933413482742798,0.388004488175743,1.37386350972175,-0.980870078429468,-0.665950564209307,-0.94519536285908,-0.826188696307222,0.38934761437529,2.04772073015699,-0.05487187579281,1.01354958705334,-0.85535422733096,0.0493583581885394
cyp-33C4,-0.0712023430140186,-0.288164331344304,-0.395766961488807,0.191651678182337,-0.300062722193037,0.229103606870911,-0.0927488192615342,-0.50284295257884,3.19695991680551,-0.600218843821132,-0.183596008471628,-0.600218843821132,-0.582893375864322
Y102A11A.2,0.327414992495809,-0.463022044056606,-1.10790785938857,-0.364996654922664,0.381130455313853,0.210808849915772,1.3642236433221,-1.24086075629675,1.69276459774063,-0.621473468936506,-0.22742866098546,1.33283297210365,-1.28348606630525
pro-2,-0.354039800891449,0.86297584251135,-0.334561994018051,-1.00974632271619,-0.486479663411758,-1.18924053538949,-0.78816102708704,0.785978413000254,1.87377487947357,0.244016907890666,-1.1862481972022,0.127617995429795,1.45411350241055
scm-1,-0.480217793597434,-0.000825880938106379,1.14877170468719,-0.747728826858468,-0.474386100865427,-0.879760363684011,-0.514789322135845,0.318206724555105,-0.293833304269691,-1.54802998715608,0.73878410983639,2.30497130279037,0.42883773763602
C06G4.6,-0.258997497032198,-0.28362031629481,-0.28362031629481,-0.28362031629481,-0.28362031629481,-0.28362031629481,-0.23262183249522,-0.28362031629481,-0.28362031629481,-0.28362031629481,3.32782249247551,-0.28362031629481,-0.28362031629481
cil-7,-0.278261494473915,-0.267309490663151,3.32818592987621,-0.278261494473915,-0.278261494473915,-0.278261494473915,-0.278261494473915,-0.278261494473915,-0.278261494473915,-0.278261494473915,-0.278261494473915,-0.278261494473915,-0.278261494473915
znf-622,-0.9348068444733,-0.052445020737734,0.884542635651857,-1.06764485119536,-0.857043749091001,-0.76133594642511,-0.648830643887565,1.13112956419359,-0.437725394566503,0.185123224028046,-0.337904473535709,2.35685508070179,0.54008641933701
spl-1,-0.10431351136811,0.311731092994939,-0.841301148460062,1.89482835622899,0.0165935301781713,1.68022050221406,-0.0571401032331264,-0.922606082530802,-1.36515360877879,-0.325138243448497,-0.890357446562863,0.998532763818505,-0.395896101052403
cpn-1,-0.586494606027305,-0.593403623472169,-0.0577032033906627,-0.534005332313005,-0.516513180595255,-0.419465720459702,-0.37821858783351,-0.525971198273349,0.648569100844039,-0.648695428370129,1.84115777947301,2.36082036263741,-0.590076362219374
F37C4.6,-0.54482256625015,0.687534532657634,-0.803060415066696,-0.453621943710816,-0.51304812908854,-0.55191661093459,-0.349131444136499,0.620632850974497,0.627535434172517,0.000433397044166285,-0.704835100161912,-0.803060415066696,2.78736040956709
cope-1,0.576457715016972,-0.687171710387648,0.620221163780952,-0.634682726354574,0.448799523723122,-0.45588739023533,-0.705642540600276,0.324843498937611,-1.36765733239965,-1.57261125049166,1.38459573806569,1.73961764442846,0.32911766651632
K08D10.14,-0.482753816059029,-0.598637681025618,-0.62008512195367,-0.199413678210188,0.442534032384581,1.24003129513916,-0.200556579198586,-0.62008512195367,-0.62008512195367,-0.461818845623615,-0.0590956261910715,2.80005138659905,-0.62008512195367
ceh-22,-0.277350098112615,-0.277350098112615,3.32820117735137,-0.277350098112615,-0.277350098112615,-0.277350098112615,-0.277350098112615,-0.277350098112615,-0.277350098112615,-0.277350098112615,-0.277350098112615,-0.277350098112615,-0.277350098112615
C53D6.8,-0.324258725080066,-0.0857835157307129,3.31484137099828,-0.319439674800614,-0.31719673727279,-0.330189408557512,-0.330189408557512,-0.11776080597208,-0.330189408557512,-0.330189408557512,-0.330189408557512,-0.330189408557512,-0.169265460796943
K10D6.4,-0.205312428007863,0.130261678094067,-0.359791541837592,-0.355061508114467,-0.449127622001054,-0.409149001767653,-0.162448546589875,0.564552498263964,3.15840964572487,-0.560407075873828,-0.560407075873828,-0.560407075873828,-0.23111194614291
Y38C1AA.1,-0.489361419356901,-0.308728418886569,1.04400032522986,-0.96319559726869,-0.21256244701322,-0.980490456141454,-0.933217978563996,-0.0834284093465171,1.82988742185044,-0.998186431876898,1.81906577898546,-0.0504605020237044,0.32667813441219
K05B2.4,1.44466907886357,-1.21855969733089,-1.70444165697998,0.00532776303017921,0.6085981627295,0.74731566217553,0.4060768537038,-0.704863519341692,0.0897234723375513,1.08607693386683,-1.02484672674163,1.04330591169028,-0.778382238003051
pqn-51,-0.0429110884705811,-0.236815831408865,2.12775550984032,-0.647105415369859,0.142951376956811,-0.608430489552077,-0.0845820549762816,-0.261045526891543,-1.64696154168198,-0.983316472622729,1.40534585518768,0.930864106672549,-0.0957484276834406
peb-1,-0.327757904628123,-0.357730165141359,0.710413968078974,-0.365879430896091,-0.298163913653902,-0.365879430896091,-0.365879430896091,-0.345903249427614,-0.365879430896091,-0.365879430896091,3.18029728104466,-0.365879430896091,-0.365879430896091
tatn-1,1.12700084067121,-0.874875571664008,-1.34477586926341,2.34750553198603,0.565256873269456,0.489488652170878,0.0656506067876182,-0.697715937465725,-0.300716394919341,0.040251172893153,-1.21781687556769,-0.10442957355522,-0.0948234553429416
F58H1.5,-0.502198978023593,0.311632458804796,1.61724670289399,-0.591441965777552,-0.492958366232521,-0.554002645863059,-0.112305937264279,-0.287525718988958,-0.40844485495418,-0.591441965777552,2.64212307159689,-0.591441965777552,-0.439239834636433
gob-1,-0.546596214832596,-0.0154949806412239,-0.845322923107699,-0.923763427895278,-0.57083259587428,-0.932329548074524,-0.444805556651775,1.46022736606966,1.73655650365324,0.107408319404522,-0.0279819289285815,-0.738893596350359,1.7418285832289
mfsd-8,-0.496248543986834,-0.754133184189807,-0.476078535068574,1.4006555258604,0.0531151130685872,1.71092479178147,-0.751628874657032,-0.766234919940886,-0.816321490740592,1.57088489449813,-0.709667637850166,0.816145374767734,-0.781412513542423
ldp-1,-0.35572031395666,-0.623946917679124,-0.977929561883312,0.65271630343377,0.263129712941471,0.467274699339947,-0.247110427308127,0.0459005329738076,-0.400315050387551,2.81399690707272,-1.26505494920036,-0.220219252759915,-0.152721682586668
R13D11.4,-0.244139749567241,1.48834725540236,-0.519001283593662,-0.905131949598134,-0.330485887564815,-1.04703064227173,-0.661884561272179,0.947141668145713,1.45157288731301,-1.07542749801418,-0.834800570044788,1.43001080639684,0.300829524668806
K07F5.14,-0.384073280130485,0.819703501928165,-0.081723081992147,-0.892215256030265,-0.269457890988591,-0.882641200112596,-0.652936513263541,1.2000741298671,1.75919539150665,-1.11291424436655,-0.696507751091925,-0.434996526350759,1.62849272102495
sor-1,-0.709380432239768,-0.244569669491389,2.5707444915739,-1.14180679517008,0.27561695894496,-0.292824941781228,0.0303656021682119,-0.306329765359156,-0.27423431772746,-0.815436089077049,1.52635761418037,-0.25067180671287,-0.367830849308444
mccc-1,-0.448976807461442,-0.903492221031687,0.524843135846822,0.108794019213472,-0.5774353924347,0.157051498832932,-0.100231431605754,-0.815196489668561,-0.535838632939905,2.96372163065738,0.0102215240557583,0.317063345577927,-0.700524179042245
jmjc-1,-0.334276943886914,1.48121381825343,-0.100233397983209,-0.543385217168487,-0.374408528569323,-0.716570818732257,-0.859331545698616,1.7291277927011,-0.601997215716324,0.162417499343166,-0.756147921937606,-0.890255323303457,1.8038478026985
nhr-46,-0.792252685873486,-0.0425662922331016,1.81580214142269,-1.19801828782462,-0.65407813531314,-0.747673169029631,-0.940991659068753,0.240775789367149,1.89009654885486,-0.643488991351162,0.102779626534443,0.137904496584117,0.831710617930633
F37A4.2,-0.523815363253884,0.488763377126798,1.22709209169668,-0.71002032857756,-0.51801182811064,-0.656254106806073,-0.748411183816102,1.89213739200612,-0.540082033985427,-0.888859920632486,-0.199640278735719,-0.599542647034564,1.77664483012286
C05D9.7,-0.598322308891288,1.05803242495574,0.0334776430837322,-0.739617970714391,-0.743374679105688,-0.774762956702972,-0.723932206484693,1.17606484420999,1.66024030323161,-0.774762956702972,-0.456346473866271,-0.774762956702972,1.65806729369017
F40F11.3,-0.237714302385451,-0.137218397411229,3.21679763281495,-0.200619712847003,-0.0227373926516923,-0.549564405146039,0.112602779541646,-0.10911251687683,-0.291529691961962,-0.927263816593046,-0.398472407247769,-0.261700853909882,-0.193466915325697
act-2,-0.689420130483953,0.442900141393856,1.5709332626462,-0.904541588838363,-0.771859796804895,-0.791113358471342,-0.878855773721572,0.860841146309452,0.616988348038061,-0.947613192988837,1.49861187744723,-0.947613192988837,0.940742258463001
lars-1,0.0473996564395873,0.541723917381786,0.0768072177164457,-0.298438711768355,-0.0259491019126158,-0.768012100219886,-0.429286556105386,0.612584595964096,-1.4305762247187,-0.360688507187612,-0.756620629581918,2.77667689832666,0.0143795456659017
lin-24,0.144388324745557,-0.636661288432292,0.714925742016954,-0.58079817866916,1.10346409313396,-0.379423043854855,0.125928164798941,-0.73197858511832,-0.809374510940734,-0.685313107709081,-0.105530035953133,2.64974693692289,-0.809374510940734
acdh-9,-0.261044411868482,-0.53337504158952,-0.349044990109623,-0.34828871438129,0.093990596011486,-0.31873815308973,-0.816591777358729,-0.417632244910968,2.21110011815662,1.08991896276524,-1.57110365039261,1.37267787907556,-0.151868572307962
him-8,-0.593837702855929,-0.583478146699974,0.532774705110767,0.529224662588062,-0.665551292102201,0.577735178766609,0.218085885166518,-0.70652726801115,-0.75482694101981,2.85698790609788,-0.554120793165013,-0.510522469322079,-0.345943724553681
sars-1,-0.168777436861698,0.909187203389602,0.257801722325668,-0.874983973968036,-0.388703347573118,-0.805801811042751,-0.347760674482816,0.816542605609891,-0.467719396782179,-0.978780027759138,-1.00435079704624,2.49564019083496,0.557705743355857
coel-1,-0.654680686298803,0.723242793393773,2.48416687802215,-0.942008264362581,-0.27505215291901,-0.923846547863817,-0.702738307841434,1.01776262915907,0.19168869311217,-0.89441620966608,0.281727512775726,-0.685911953645053,0.380065616133887
dyf-4,-0.28945506883614,-0.28945506883614,3.32541383152398,-0.28945506883614,-0.28945506883614,-0.28945506883614,-0.28945506883614,-0.28945506883614,-0.28945506883614,-0.28945506883614,-0.141408074326445,-0.28945506883614,-0.28945506883614
prx-1,-0.383391424000538,1.3525977129101,-0.378186690530915,-0.510663556775042,-0.322433707737667,-0.595695031178925,-0.590291088970421,0.916075757015328,2.22100666339114,-0.900557804567775,-0.794818127834028,-0.900557804567775,0.88691510284652
F35C8.5,1.0060503556798,-0.875288277556717,-0.882287914903372,1.8919145004666,0.070759372250458,1.16360220142903,0.335100045025207,-0.882287914903372,-0.529259110587562,-0.757776547300781,-0.809702608240031,1.15146381354411,-0.882287914903372
eea-1,-0.610062806581808,0.0903545721775326,0.742385463108205,-0.425360741070081,-0.698785907184443,-0.37012909329082,-0.644781751665087,-0.107554931909786,-0.807898639521269,-0.506923744063131,2.95501541389138,0.436376309583349,-0.0526341434740438
unc-34,-0.456113381460237,-0.0107927165553657,2.49287238265514,-0.50608167167655,-0.735759609347691,-0.420205716584139,-0.371903944326026,-0.52796917398084,-0.115496173020468,-0.555976083075788,1.90312214617084,-0.350541460221504,-0.345154598577374
wdr-23,-0.294294115183369,-0.00596554610458724,2.89800142905962,-0.264166721567943,-0.65972373629697,-0.39898664243315,0.552197281425048,0.45130369856417,-0.799320049691038,-0.0408258360920166,-0.560643041140149,-1.14666054889633,0.269083828356711
Y54F10AM.6,-0.289509797942412,-0.16065354807918,3.32237384001227,-0.213359619696969,-0.229222002349748,-0.29076140990359,-0.341130213321939,-0.267520921603897,-0.341130213321939,-0.341130213321939,-0.298780555564696,-0.341130213321939,-0.208045131584024
snf-3,-0.321092392876516,-0.321092392876516,3.31895368892412,-0.313000176191913,-0.196812047623135,-0.321092392876516,-0.321092392876516,-0.321092392876516,-0.321092392876516,-0.321092392876516,-0.1484310166254,-0.109584778805542,-0.303478919542521
T22B7.8,-0.331265046679831,-0.68441649477833,0.126029084357148,0.853208674375676,-0.858917889682544,1.6734816356841,1.89940508744097,-0.779349469523944,-0.826338682012265,0.904239465667313,-0.459415490653817,-0.935680126959197,-0.58098074723528
pgp-1,0.989750923096745,-0.947057382526365,-1.35046011133696,0.0501844425821489,0.10585019395901,1.55915908742174,0.731825571318862,-1.15572046356265,1.18740800378368,0.577942033280731,-1.28302271441983,0.259594334942084,-0.725453918539204
set-1,-0.694992404116267,1.18120506424432,0.0584819086683523,-0.850159975965871,-0.560252038892108,-0.859391987806265,-0.498240345598013,1.49931032199258,0.471236488716059,-0.606992479348329,-0.174277851176609,-1.01453214652958,2.04860544581173
poml-2,-0.613332908782126,1.86801441368531,-0.628606579281121,-0.62232566446795,-0.614701132200222,-0.628606579281121,-0.628606579281121,0.966833950050927,1.89721501854296,-0.628606579281121,-0.511646773829118,-0.628606579281121,0.772975993405824
nhr-105,-0.231623433412105,-0.196838288676218,0.671393929305903,-0.347124719455719,-0.315591100608342,-0.331034925308928,-0.460373318927559,-0.298274593819155,-0.479474566252859,3.14792857607415,-0.312365407889365,-0.763119729232605,-0.0835024217972027
saeg-1,-0.16130332327981,-0.947124374177227,1.33996013215985,-0.652740316646095,-0.284421999365456,0.532090673764018,-0.156738588718483,-0.850079089356976,-1.36980215681353,0.535209061727033,1.49345860300414,1.52860882476898,-1.00711744706645
T23F2.5,-0.59939411410858,0.087817715309123,2.6225841685801,-0.645805909615005,-0.6315839232233,-0.623730545286777,-0.534107695043521,0.958940468802814,-0.655037012438293,-0.655037012438293,0.959334394479148,-0.655037012438293,0.371056477420881
nspg-11,-0.505292834152599,-0.436763333312659,-0.550159210873329,0.314149473157334,2.92928700126519,-0.33487506851545,-0.550159210873329,-0.529912837193058,-0.550159210873329,1.09754699455408,-0.315089701271479,-0.0519045592278719,-0.516667502683502
cdc-48.1,-0.0914310128005935,0.358824530984521,-0.0537858852197753,-0.433669495616248,0.00508686686389925,-0.379370712396337,-0.275940231148911,0.104133812543343,2.90424180866937,0.0392750650210321,-0.802990015094524,-1.52848973938552,0.154115007579751
pat-10,-0.757441993302206,0.136419906040013,2.66153108068656,-0.721258522361116,-0.696013103888958,-0.5603002409666,-0.763335243488062,-0.504903053254196,0.82902350193886,-0.43199532226482,0.137886230576184,-0.389413256778901,1.05980001706325
C17H12.8,-0.329231801174225,-0.160059072856145,-0.354618385220972,-0.345021386617273,-0.092464501867468,-0.354618385220972,-0.268292743312667,-0.16165415225763,3.31478384295019,-0.354618385220972,-0.313948823883637,-0.354618385220972,-0.22563782009726
C53B4.3,0.724193589813666,0.492906606634086,-0.977670947608305,0.874015466289875,0.861461307315126,1.12697314934745,-0.653150978854558,-0.651199018134566,-1.14271249054535,1.78551976061051,-0.689318993478206,-1.14747232147955,-0.603545129910184
kin-29,0.0741977153309748,-1.29346273241079,1.52589933742363,-0.0107727352210943,0.279445713177465,-0.0867085012318946,-0.127865999074474,-1.25999521081317,-0.299321857032789,-0.387548987169439,1.44443659151839,1.47925066737783,-1.33755400187463
F53H2.3,-0.500700995895995,0.155342782118301,1.99652967982419,-0.739511533610768,-0.658277239012739,-0.568353645472827,0.397609475965958,-0.477005438979353,-0.363056906171485,-1.15692771160633,2.12794646288634,0.0134464435330421,-0.22704137357834
Y43C5B.3,-0.494741241963329,-0.494741241963329,-0.494741241963329,-0.378404740831719,-0.279152981651908,0.829151003978143,-0.455408722484971,-0.473402085408169,0.801940813478874,2.92372416469973,-0.494741241963329,-0.494741241963329,-0.494741241963329
snu-23,-0.287220090136309,-0.107053919467384,-0.176555507333596,-0.687229945539199,-0.439897431360552,-0.770168030015821,-0.631468107698508,0.286344425984285,-0.0347036007859167,0.0171477434732418,-0.44513794257462,3.14953133916967,0.126411066284702
efk-1,-0.477726555409109,-0.0369929613031506,2.49806321394594,-0.499714745872729,-0.390278732115928,-0.600079394733242,-0.808195176218012,0.995065737709514,-0.179966156428753,-1.05622249562889,-0.758592938395388,1.17550429704081,0.139135907408927
cyp-25A2,0.890297176153735,-0.773041331898932,-1.2298276397902,0.503375268222717,1.02043968546988,1.64067601049072,0.711889352174461,-1.2119130569596,-0.843518198048608,-0.661507265870107,0.716653299927335,0.38670762152221,-1.15023092139362
Y75B8A.7,-0.697370927398712,0.675442113614627,1.16091306948048,-0.801825570398697,-0.534920966084776,-1.02853824674131,-1.00691300104524,1.36890802473245,1.46225428791225,-1.10388444055656,-0.502159456925522,-0.0950991465648738,1.10319425997588
T26H5.8,0.971342584816097,-0.794749760378578,-0.794749760378578,0.764154437196477,0.750566800612686,-0.396728864055562,-0.298422613636145,-0.794749760378578,-0.794749760378578,0.201286394910376,-0.509364756438895,2.49091481848786,-0.794749760378578
jmjd-1.2,-0.66923264568839,0.143186520515054,2.35294675623873,-0.870047626141347,-0.199393154972894,-0.760249650360857,-0.823115484509619,0.621706413472201,0.716452663022167,-1.28395680427825,0.340031385709328,-0.55418620458961,0.98585783158349
C31E10.11,-0.356256470873052,-0.145920985715448,-0.363813479225237,3.2212571510107,0.541856654717527,-0.350428515337832,-0.363813479225237,-0.363813479225237,-0.363813479225237,-0.363813479225237,-0.363813479225237,-0.363813479225237,-0.363813479225237
clec-210,-0.203089318441264,-0.240022424430618,-0.395367158768876,-0.388804542751219,-0.361167418764582,-0.294213437247432,-0.225855413599555,-0.0558066906218926,3.29798283463452,-0.395367158768876,-0.36435007948912,-0.395367158768876,0.0214279670177902
pfn-2,-0.274796505127528,-0.369440180997081,0.455910788042091,-0.640671457563161,0.288463927821145,-0.381017495582191,-0.565352599155963,-0.588584913377677,0.0553987506142798,0.427867820808855,3.01321895621095,-0.710498545846859,-0.710498545846859
rpa-2,-0.306776392894478,1.13818398204,0.262673567779418,-0.721176040360585,-1.04940978839283,-0.819830334418759,0.608971743795664,0.891608438194382,-0.890892509124283,1.0553670654051,-0.479158974689288,-1.40952790144952,1.71996714411519
tag-196,-0.553231442187712,0.00336799524057782,3.11955135775896,-0.576381961360845,-0.588579435105885,-0.588579435105885,-0.588579435105885,0.0303656069072562,0.409612551765439,-0.588579435105885,-0.247811022143355,0.0885882111227985,0.080256443320421
taf-7.1,-0.329240791001221,-0.295065774557375,0.258559356031778,-0.333371324844445,-0.333371324844445,-0.333371324844445,-0.293958241184043,-0.31546555846774,-0.333371324844445,-0.333371324844445,3.28470193623838,-0.333371324844445,-0.309302977993105
kcc-2,-0.516305768059569,0.0918362947899584,0.562157158621594,1.22719558738632,-0.07966163104674,0.63051713096158,2.23774608477596,-0.659918783877191,-0.969522388132094,-0.734471889446342,-0.677591314017182,0.309822584222226,-1.42180306617852
aex-1,0.0339673996993738,-1.06178849505316,-1.07149861745275,0.624156368905413,0.0276348089833368,1.18211257584662,0.402501233248161,-1.07149861745275,-0.712191348771295,2.18216145126636,-0.00106703412279052,0.511733540404634,-1.04622326550116
znf-706,-0.249343775924313,0.107648807250361,0.502521703202281,-1.13394150460264,-0.754235185710972,-0.93616229444945,-0.757255520410215,1.76339476482462,0.00614207998998761,-0.291223050569896,-1.0343484683296,1.03514551600959,1.74165692872025
dpm-3,-0.279204146043356,1.24128208821716,-0.46914420409652,-0.29928387783345,-0.558279463518865,-0.390956602546448,-0.584318395442283,2.16558773819859,-0.526282956251968,-0.0975493825202943,-0.580960264900788,-1.2032857060989,1.58239517283713
swsn-1,-0.756806700302426,0.671946633414913,0.543364994581711,-0.879339970117553,-0.67423262441359,-0.811490827479944,-0.76299502298094,0.669377879327272,2.50848562154517,-0.0833138169622547,-0.544555096088669,-0.702054889771382,0.821613819247688
kbrl-1,-0.0749240135188143,-0.585731345162336,0.15626352070651,0.106063858347809,-0.437834508288396,-0.410350015322731,0.154501730799378,-0.329928129929232,-0.816886821366292,-1.23469146532571,2.74323060709027,1.11982444982933,-0.389537867859792
tin-13,0.988926068959586,0.188186030281056,-0.468786257544549,0.498262465291979,0.513235249966947,0.176335824415874,-0.304127732935542,1.62613044072775,-0.752039545215836,-2.11195677293296,-1.36122486350192,0.278424514789499,0.728634577698114
aps-1,-0.192323645138274,-0.00575865579813244,0.288806029005476,-0.644846759677482,-0.42577515105175,-0.340709559039307,-0.526959067342855,0.228999393514804,-0.619773320241255,-1.20601231290499,0.14753995711617,2.979084406335,0.317728685222602
ptpn-22,0.572415048545099,-0.817581384024909,-0.974163742077327,1.3286357784502,-0.307442094654106,0.999824532749138,1.59736910998598,-0.908800161565978,-0.349478964647791,-0.828679920315273,-0.625647558264018,1.29002678931121,-0.976477433492218
nuo-1,-0.0608226592890624,-0.543080086092249,2.65389450558821,-0.26278084675101,-0.331970005732591,0.345387314883737,-0.259470707605397,0.530654397875343,0.664800247111749,-0.107951646962147,-1.17302889706,-1.47671425344769,0.0210826374811026
stam-1,-0.560621276612288,-0.197951966352947,2.13439561770067,-0.909716313156795,-0.173209027019184,-0.890278562007764,-0.763088746368315,-0.333025632702994,0.72113985572191,-0.71479564806666,1.8914406807308,-0.345138560074231,0.140849578207808
C46C11.3,-0.318830748177798,-0.318830748177798,3.30222308311109,-0.318830748177798,-0.266271215424171,-0.318830748177798,-0.318830748177798,-0.318830748177798,-0.318830748177798,-0.318830748177798,0.135495089660776,-0.318830748177798,-0.30197022374751
gly-4,1.11915630732154,-0.581332883303597,-0.549319931963019,1.44646592351348,0.798643162098195,-0.19041824633004,-0.13396557206304,-0.456407067805411,1.29929046293422,-1.91900245793003,-0.804209757440873,0.726253719646764,-0.755153658678196
dmd-4,-0.291300851585343,-0.291300851585343,-0.291300851585343,-0.291300851585343,-0.138460690044169,-0.273784029727502,-0.291300851585343,-0.291300851585343,-0.291300851585343,-0.291300851585343,3.3252532356251,-0.291300851585343,-0.291300851585343
uggt-1,0.572308274106284,0.564618734601531,-0.61080262597765,1.62102792726873,0.802991410991743,-0.536419567314323,-0.797473803324946,-0.00598467166805455,-0.338908461481972,-2.12633931717505,-0.126897192997606,1.39923251936016,-0.417353226388841
T26H5.14,-0.352885824657199,-0.586702448988215,-0.586702448988215,-0.522962667179366,1.11800517600566,-0.489524432104941,1.14045424186669,-0.586702448988215,-0.586702448988215,-0.586702448988215,0.0299060164365359,2.59722218356191,-0.586702448988215
Y39A3CL.3,0.240143526718198,-0.633595691013105,0.294555734584993,-0.0982580815649756,0.105773611541161,-0.504252246213591,-0.338393932825819,0.290917931841467,0.0205252252072257,2.71817601632163,-1.24078881782705,-1.34556949394744,0.4907662171773
clec-52,-0.48603524785778,-0.701047274959495,-0.613599652828478,2.25347001532258,-0.288013681161703,0.710996833617543,0.904491832429873,-0.681666656401855,-0.713891374882001,1.48939718888719,-0.446319232401871,-0.713891374882001,-0.713891374882001
irx-1,-0.304988840868752,-0.390635289544165,1.25765697348541,-0.41239461606034,-0.38377477820082,-0.373530709072539,-0.293364532606204,-0.41239461606034,-0.41239461606034,-0.41239461606034,2.96300487316911,-0.41239461606034,-0.41239461606034
F36D4.5,-0.500257749317091,0.690140369420056,1.80542775511947,-0.953388729067352,-0.465488612096586,-0.73335731113723,-0.541901525609703,0.0261187887960389,-0.256498075162233,-1.1623979519407,2.00144854427384,-0.515848996990152,0.606003493711641
grd-5,-0.277364522829641,-0.276234818300741,3.32808203376312,-0.284711594156282,-0.272094016547778,-0.260855696507447,-0.284711594156282,-0.284711594156282,-0.284711594156282,-0.284711594156282,-0.265349296166423,-0.284711594156282,-0.267914118473404
swan-2,-0.584988886068704,0.125704097914751,0.558268863675989,-0.7062425880759,-0.273856859808727,-0.724134865411003,-0.543105199355103,0.277022612204002,2.85303403561382,-0.831341505927495,0.571295345176521,-0.831341505927495,0.109686455989341
qdpr-1,-0.202243094535469,-0.247159107255275,0.31333656370881,-0.429656917092395,-0.27221388829282,-0.319435437966546,-0.384619018343805,-0.409545379291977,3.2075693693797,-0.617121385687409,0.180168119505136,-0.617121385687409,-0.201958438440546
sdc-3,-0.579660958161789,0.240135764352488,0.261175474656342,-0.595665173061426,-0.570832137398467,-0.63409989792792,-0.00719209180540935,-0.161813735927187,3.06591713672062,-0.852442378896682,-0.397144365184481,0.358789509088349,-0.127167146454436
zfh-2,-0.45621484364577,-0.472126062520036,1.56809370130772,-0.5145397581576,-0.480215396227176,-0.543366917113605,-0.299526020591256,-0.516786763607558,-0.249836287704437,-0.567098099419837,2.67692257476054,0.375770462669172,-0.521076589750161
spon-1,-0.290983233968548,-0.220525128794526,3.32645141190116,-0.296120395809393,-0.296120395809393,-0.287219608085879,-0.296120395809393,-0.256198744966018,-0.296120395809393,-0.296120395809393,-0.296120395809393,-0.296120395809393,-0.198681925420438
phy-2,-0.367866816104293,-0.312499310833936,3.25363041974293,-0.367866816104293,-0.367866816104293,-0.367866816104293,-0.31244745923469,-0.325057657373344,0.409296923688812,-0.367866816104293,-0.199992973344955,-0.367866816104293,-0.305729046019061
spop-1,-0.73899676167788,0.0667776995127452,2.45927644703365,-0.903216167922736,-0.717044597206084,-0.468753142865236,-0.440896398302999,0.492369856858079,0.599278748530486,-0.843869436757205,0.735236590494566,-1.06194703553659,0.821784197839202
Y105E8B.7,-0.412022997566099,-0.246235855566435,1.96573992821934,-0.501704020436283,-0.684072934148813,-0.528286076843238,-0.546911089482894,-0.290092243737917,0.631556308672876,2.22983508178341,-0.567561221199819,-0.898483256649327,-0.151761623044804
scp-1,-0.390093524061322,1.59259335735526,1.8920259135259,-0.157306189336154,-0.0524208831075557,-0.443300570044507,0.78783669330012,-0.108210037342498,0.629559481374446,-1.62488376373217,-0.986503530510414,-0.898682183926649,-0.240614763494457
M03C11.3,-0.431841437996523,-0.317505545380376,2.56850174378408,-0.712995135974361,-0.486735926864258,-0.668253567268206,-0.643204215848366,-0.242667328079928,1.4495124401773,-0.923543090289096,-0.0583713103484129,0.672042277880204,-0.204938903792057
unc-64,-0.205400274076659,-1.0949689376466,0.903066222469221,-0.715549536887049,0.189652279576397,-0.235144364658624,0.739536601882288,-0.945950345862426,-0.244075014321886,0.170713228333185,0.187615601123644,2.49508122935901,-1.2445766892905
Y47H10A.4,-0.137976406304296,-0.464413488111032,0.489362045538757,-0.140312013868207,0.0899578402220954,-0.363561691596457,-0.330807196904783,-0.496470925653398,-0.496470925653398,-0.496470925653398,-0.463233956849032,3.18750263104448,-0.377104986211332
Y46D2A.2,1.15373571696165,-0.252128320852403,-1.09643445798279,-0.822929301440027,0.562816188758513,-0.414836014645793,0.76176454859268,-0.122143187166984,-0.282005240203225,-1.09643445798279,2.21837648547215,-1.09643445798279,0.486652498471816
lact-2,0.58876723705007,0.0416773621599068,-1.21857076897694,1.43225892082503,0.983024351668153,0.977357580499562,-0.492162014011925,-1.66373061334965,0.678246465132439,0.161261926977794,0.336443934730983,-0.234130112196512,-1.59044427050891
pat-3,-0.693208556388486,0.952694558364034,1.74125270775872,-1.01959918891793,-0.526451409907983,-1.13885533231273,-0.895275246523594,0.938373402537624,-0.593137775201011,0.0918457275829601,-0.40507420834201,-0.110158830624346,1.65759415197476
F13B12.1,-0.359129085560022,0.449668421992816,-0.0282957717264021,-0.794604431142627,-0.326200912232104,-0.469868783644774,-0.178209261967932,0.689935850821945,2.73836668989557,-1.11687122711804,-0.828420889998611,-0.498240353523351,0.721869754203533
acs-2,-0.648622941636448,-0.294218396531387,-0.455766350268271,0.848595743777184,-0.679614795292711,0.871662429434735,0.0350375514938791,-0.0627022931517186,-0.777226630011728,2.79751614741318,-0.64659210597107,-0.465254658612526,-0.522813700643117
mfap-1,-0.326613466888759,0.179078758807558,2.67194449097756,-0.515234957840588,-0.626446792785562,-0.917953488791102,-0.260371433097082,0.465542314508746,-0.560010094148142,-1.37968972460329,0.323956051955094,0.183474674666999,0.76232366723857
rsks-1,-0.871983472239277,-0.745510637765228,1.11201296111511,-0.635037817469701,-0.156236970809768,-0.902336331466902,-1.10608243265531,-0.182887209416338,-0.725592158127225,1.84039926327221,1.24353805363486,1.21695332444389,-0.0872365725163172
Y44A6D.3,0.402962816584984,-1.34166517649586,-1.27245563195495,0.620324802266435,0.446121326399866,1.27576411160141,1.32329664024296,-1.242206805986,-0.369415885640412,0.515214947869139,0.631026015523684,0.406538861320488,-1.39550602173175
tpi-1,0.0711129820366442,-1.42763007328101,-0.501030312509056,1.00841640500946,-0.614455947195096,0.839661655904274,2.51852779582344,-0.813903930560624,-0.416022710894602,-0.462071399225424,0.258661481886416,-0.0874602619815379,-0.373805685012889
F36H5.4,-0.449039928525247,0.275139752088513,-0.116903933388718,-0.453249381134092,-0.453249381134092,-0.453249381134092,-0.453249381134092,0.753992044758376,-0.453249381134092,-0.453249381134092,-0.381826178041729,-0.453249381134092,3.09138391104745
F52H2.1,-0.354005773242327,-0.195732722502868,0.278581657492672,-0.413874581422443,-0.335279902897526,-0.40612822728225,-0.359861394035372,-0.119117080895776,-0.417002936031895,-0.447345946151232,-0.180952311039668,3.26509441028392,-0.314375192275233
fmo-5,-0.0328030729144808,0.921045618983726,-0.926312293805942,-0.196064772791432,-0.128594973272816,-0.57971045692287,-0.201734509473335,0.880239555850697,0.889894276019442,-1.38791498457788,-1.18326528785352,-0.267491350207804,2.21271225096622
pfkb-1.1,1.26390286498583,-0.259783945146637,-1.35163786450514,0.187774690263623,0.865508918931354,-0.4486753130356,0.590276302585633,0.0105142741210281,-0.227472917652166,-1.40956152701623,-0.957509703764929,2.03248243193777,-0.295818211704531
EGAP9.3,-0.192276433672243,0.633791057707642,-0.940515127732389,-0.633993467994305,-0.558929622193579,-0.737878342888018,-0.367861499630591,0.969903264050118,-0.0737579064991139,-0.940515127732389,-0.432173543987089,0.661161978442764,2.61304477212919
F43C1.7,-0.249668434255365,-0.820420954339341,-0.447014674943825,-0.604172465302893,-0.0392607078447036,1.03078183150047,1.80380971683068,-0.875851784964587,-0.875851784964587,-0.0247884565896267,-0.0665923228276597,2.02662271997645,-0.857592682275011
rsp-8,-0.651880852540895,0.392801376323224,0.839163067092879,-0.65797712769288,-0.66608114057182,-0.867767043172672,-0.828843093097761,0.377280429141203,-0.806166241247115,2.67652765653047,-0.373937896631854,0.551222007728148,0.0156588581390755
ZK1127.4,-0.38766222222236,0.916463354791198,-0.312123524570483,-0.486610021460965,-0.489551118823401,-0.712883696923931,-0.629541354531791,1.07927824671234,1.76669625765138,-0.874600502566623,-0.764389281199671,-0.874600502566623,1.76952436571092
Y43F8C.7,-0.237023618228678,0.668312369331584,1.27951546390462,-0.444817404956462,-0.638016709659785,-0.194965965464374,-0.611464225082988,1.05796292644995,0.160469205615581,-1.20324963174916,0.679396355207366,-1.93966221834045,1.42354345297278
ccg-1,-0.337677803422142,-0.173068646476675,3.28728073021536,-0.337677803422142,-0.337677803422142,-0.337677803422142,-0.297147007614147,-0.337677803422142,-0.337677803422142,-0.337677803422142,0.222035154674738,-0.337677803422142,-0.337677803422142
lin-49,-0.399619305722991,-0.0876150507912176,2.46452558680161,-0.66801280029169,-0.447672647227162,-0.540161827856109,-0.610575742285696,0.297541025684429,-0.114291996834418,-0.946105403146424,1.52796032472277,-0.946105403146424,0.470133240093322
sna-1,-0.531834948039066,0.949204788105258,0.725561516653053,-1.10417597074818,-0.576709498337879,-0.536430765710971,-0.766287750770238,1.34558978048512,-0.38086999352908,0.045878173605614,-0.495196834919352,-0.883617500706236,2.20888900391196
dlst-1,-0.148100999929213,-0.325004315807919,-0.549143513328951,-0.196329172584395,0.237799435745797,0.377963773875627,0.326837588110198,-0.222349819639433,-0.572642238572242,2.84924775936142,-0.0400644955596281,-1.64956714067557,-0.0886468609956949
F13D11.4,-0.584026764968828,-0.53701521010046,-0.364925156729545,-0.175144843123337,0.225030869929255,0.242495409765493,-0.629475750435432,-0.518176057631094,-0.642950165296995,1.73409401420796,2.49681751402814,-0.642950165296995,-0.603773694348162
clec-65,-0.0733464252888624,-0.581982147885466,-0.581982147885466,3.03315886161436,-0.182021326646718,0.665156121078355,0.120546658802373,-0.581982147885466,-0.581982147885466,0.331411305530053,-0.581982147885466,-0.403012307776766,-0.581982147885466
T01B10.5,-0.210298543860011,-0.232591601453429,-0.259911954531615,-0.396337694873616,-0.346593672508186,-0.449041220625236,-0.461436748485296,0.168090574098436,-0.517568079172752,-0.517568079172752,3.22534466896287,-0.297262092868363,0.295174444489949
K02C4.5,-0.453031207720162,-0.581623141116783,-0.581623141116783,-0.151282591382542,-0.404694334468117,0.559489145425491,0.480743359291897,-0.581623141116783,-0.581623141116783,3.06105963786698,-0.131277370734527,-0.0700823072457551,-0.564431766566138
fbp-1,-0.143131131219999,0.203427637760458,1.09044030209241,-0.974795317526026,-0.278459462927354,-0.869910974029525,-0.641042587162811,0.84549754126287,1.38222601739773,-1.27707723300953,-0.20148115767869,-0.961255555151045,1.82556192019151
amdh-1,-0.197034195674116,-0.2800481390107,-0.292075290861031,-0.292075290861031,-0.292075290861031,-0.292075290861031,-0.237745783178908,-0.292075290861031,-0.292075290861031,-0.292075290861031,3.32684678674327,-0.292075290861031,-0.275416341991297
col-97,-0.372016175943386,-0.263290245961354,3.2992508185521,-0.372016175943386,-0.333902064453633,-0.350996312566697,-0.35889165676355,-0.272637954534318,-0.372016175943386,0.0528771886477879,-0.21630892957759,-0.0680361395692043,-0.372016175943386
max-2,-0.630980077139315,-0.170773767617392,2.42381539752604,-0.912609121340859,-0.62060945076004,-0.53924606999168,-0.785114280526441,0.126260011236224,0.247139075201907,1.28974758986066,0.654404552965747,-1.18074539208998,0.098711532675129
mfsd-11,-0.562216676291885,1.38433721669174,-0.747918809696706,-0.630522391022744,-0.544221752011892,-0.723879217535758,-0.712179534395553,2.22130979534899,-0.116306037741721,-0.580205572384553,0.666403660458326,-0.747918809696706,1.09331812827846
svh-2,-0.390327051024704,-0.478690186608351,0.26867850087102,-0.569642385657263,-0.74315881313037,-0.201311692275815,0.0538993704541018,-0.591542088467068,1.47704299466873,-1.0677103134665,0.777631249983277,2.35683520675209,-0.891704792099151
paqr-1,-0.802645556793654,1.47011545094238,-0.0365239247999198,-0.799218946417434,-0.565158039042276,-0.503899153324082,-0.845911336930961,0.963998619741222,-0.0517155209162283,-0.0368602315389825,-0.396677017503891,-0.761029093921749,2.36552475050558
pdzd-8,-0.518310546361304,-0.254714665453759,1.31019485507997,-0.471654854581075,-0.465114733461311,-0.266980363603518,-0.496013011242987,-0.31910823838487,-0.345723360261348,-0.816804241650678,2.87355016378651,-0.0105976953397671,-0.218723308525858
mel-11,-0.30990295534204,-0.146682363094685,2.82530900255721,-0.485928289808662,-0.365149101912225,-0.4251743100677,-0.564468352308962,-0.33831031207319,-0.0785911049653602,-0.671647610805489,1.40641743217819,-0.671647610805489,-0.174224423551605
ptr-4,-0.281268404717544,-0.281268404717544,3.32803269797802,-0.281268404717544,-0.281268404717544,-0.281268404717544,-0.281268404717544,-0.281268404717544,-0.281268404717544,-0.281268404717544,-0.269655358821517,-0.281268404717544,-0.245693291981064
C50B8.6,0.548889658629931,-0.998399947494829,-0.328850515913501,-0.0884111316999319,0.253264470273432,0.098122421669486,0.5893170950363,-1.06009437948822,-1.06009437948822,1.91670541422355,1.69302696582824,-0.503381292088025,-1.06009437948822
C05D10.4,-0.392499872473492,-0.349144164546142,0.706697192082864,-0.437423372127338,-0.370396769862166,-0.305973151238635,-0.327715436145079,-0.437423372127338,-0.305080225664502,-0.092466832456553,3.16784075986452,-0.437423372127338,-0.418991383178796
nduf-11,-0.322912979258196,-0.763014487152627,-0.720137791851993,-0.102161051215227,-0.673383986027913,0.031226119483758,-0.645339358543606,0.225646883724435,2.83498427704621,0.947256715712889,-0.91984935083586,-0.141539580463885,0.249224589382011
F28F5.4,-0.291041327909631,-0.366998532533903,-0.0723639221946868,-0.327405981428304,-0.0235270169280475,-0.313419722884542,-0.230358736699347,-0.43048385324592,-0.43048385324592,-0.43048385324592,3.28189185644504,0.0651587971170972,-0.43048385324592
nas-5,-0.278986904239078,-0.282493082487276,-0.3069472515422,-0.3069472515422,-0.3069472515422,-0.291456443985949,-0.252719586984915,-0.26132835766379,-0.3069472515422,-0.3069472515422,3.32467557985815,-0.136440230150794,-0.286514716635352
F37A4.1,0.213204053189348,0.190922960252759,-0.463748276165541,-0.254134345066502,-0.392377273954717,-0.539944283597007,-0.93185961863255,0.266844914807299,2.85018962196239,-1.4222280705877,0.0409144599986634,0.282802428945841,0.15941342884772
D2005.3,0.0509553398729561,1.1355422589665,1.6013635295692,-0.936783104046201,-0.380120710815779,-0.68623873369258,-0.385004577548502,1.3064495674541,0.151126956252399,-1.51214062181532,-0.335036725644942,-1.09451881426636,1.08440563571453
crh-1,-0.586888373730235,-0.187409773067553,-0.178071538585437,-0.702561139682677,-1.00118152405741,0.326148618177757,1.22361580415232,-0.0592366705245568,0.87713786924811,-0.501965476416413,2.4457856507487,-1.0646653587151,-0.590708087547506
wwp-1,-0.68195410181541,0.541253931829595,-0.24277155264261,-0.503232528232625,-0.708522532298866,-0.62422750245394,0.243535258194503,0.292478303470026,0.110309364051876,-1.1640594383152,-0.646348115296229,2.78359097123905,0.599947942269824
bath-47,0.0119177376695963,-0.65245663869204,-0.65245663869204,2.28841450198336,-0.549512179486196,-0.10495097582477,1.70855192604121,-0.65245663869204,-0.65245663869204,-0.65245663869204,-0.360040723713056,0.920359545482093,-0.65245663869204
ipgm-1,-0.113167864742715,-1.18612677938268,0.672570051912553,0.266529795421387,-0.589930410155745,0.258273653744154,1.62116751679592,-1.30735911464731,-0.525811332223663,1.87413253181562,0.165090744996036,0.08199865795321,-1.21736745148676
F26G1.11,1.29024410379881,-1.10251052667473,-0.792534125965587,1.04865285486784,0.841951775945825,1.3104582234226,-0.280034696202469,-0.804662266354832,-1.30942135333746,0.980642198859629,-1.1677142205544,0.308659930256996,-0.323731898062228
nstp-10,1.6909631104629,-0.374633799540408,-0.799076537500327,0.978793145215121,1.54823120226258,0.747040977471678,0.543748326862276,-0.784930439782739,-0.350745180514643,-0.598418241932258,-0.189480726258897,-1.44258960791059,-0.968902228834696
nhr-133,1.62187406702714,-0.807328627119968,-0.81304850275736,-0.479448808064685,0.703912899575858,-0.00579738767315908,0.0930350061084364,-1.00218732194576,-0.212756750826814,-0.0629781566946268,2.25200743884812,-0.214139309399306,-1.07314454707787
smu-2,-0.238578337443178,0.733562304400501,2.45557421506617,-0.613749352974936,-0.374273714186424,-0.422269750684279,0.0208517090786144,0.906914994577964,-0.72712787825139,-1.15305197947676,-0.222183978035052,-1.15305197947676,0.787383747405537
set-19,-0.408976913180112,0.341019352348318,-0.0117184544737539,-1.26183425253502,0.536510621169242,-1.12601392838989,-0.938027574893359,-0.00100576093275754,2.24591294844485,-0.329819091193108,1.25878516312543,0.520088936720753,-0.824921046210589
bcat-1,0.541830607688121,-0.35946645524694,-1.20592490258525,0.00378036679950595,0.221486590327846,-0.288264924588708,1.1991386391929,0.421691385440385,-0.864395552841394,-1.4163459924595,-0.455523204834558,2.32368221407788,-0.12168877097029
epn-1,-0.219114070329451,0.811460628189736,1.16558734061682,-0.938812280535809,-0.369589458674703,-0.778298420056114,-0.69062945322891,0.799348671976015,1.78147795094866,-1.30625547951525,0.357267767128575,-1.30625547951525,0.693812282995667
T25G3.3,0.0233193380681194,0.74440951891665,1.30189827714969,-0.517131394071573,-0.0432972673393702,-0.652884522762854,-0.573655920719484,1.79907248922917,0.392516394015169,-0.727154744917151,-1.21368886675897,-1.52982229685152,0.996418996042112
wah-1,0.483013203993384,-0.535206834964518,-1.09414988376715,1.83935524818277,0.605083202273602,0.359489953492091,0.606884920826962,-0.34521626982621,-1.73968849759442,0.976713887454741,0.420923396287027,-1.29632733037402,-0.280874995984263
T21E8.5,-0.59567734596105,0.475026300182725,-0.559420106461442,-0.622627589795317,-0.622627589795317,-0.622627589795317,-0.622627589795317,1.65712652639887,1.78495398067352,-0.622627589795317,-0.602696910998768,-0.622627589795317,1.57645309493805
ntl-3,-0.549509490901551,0.635395703215802,2.12096264040754,-0.718125344892702,-0.53965451723502,-0.83388609680463,-0.70571932770962,0.414293042084502,-0.278406702694242,-1.26933608693607,1.56587213186369,-0.406058228892259,0.564172278494558
fbxa-53,0.484074426259018,-0.954036457151526,-0.954036457151526,0.499335269500869,0.0409445488373079,0.977658543211377,2.14695347676147,-0.954036457151526,-0.954036457151526,0.647340108352254,-0.712746281715823,0.68662219455116,-0.954036457151526
tcc-1,0.40548649497563,-0.92482590790674,-0.684448950473444,2.49088900981405,0.52474447996071,0.945150669209417,0.592765099263343,-0.918930846693023,-0.472045003228626,-0.619044217836247,-0.561100193884594,0.210176189917107,-0.988816823117583
sax-1,-0.507438177898662,-0.283322796588444,1.23057982695995,-0.633261013326585,-0.521755549963189,-0.458083409164936,-0.347464544944177,-0.0703409710149036,-0.00948780509203915,-0.242537070226502,2.82853267252511,-1.03773396554453,0.0523128042789118
C14C11.4,-0.0451386145791932,-0.675261002021546,-0.675261002021546,2.62151602431329,0.544664156603058,1.34075897485211,-0.573753649802182,-0.675261002021546,-0.675261002021546,0.111148936369021,-0.675261002021546,0.0171056840666564,-0.639996501715037
C02B10.4,-0.0745103303791347,0.574862073457249,-0.341882831392537,-0.553224749716831,-0.515557626593218,-0.517627601372859,-0.680194678635415,0.525166785298256,2.61360599811792,-1.01671158523189,-0.557156330289528,-0.635640184307431,1.17887106104542
Y75B8A.18,-0.57337766751548,1.24441007496651,-0.363946797735815,-0.607341582880962,-0.589525049143991,-0.607341582880962,-0.578249341159134,1.20949643907988,0.133781507506812,-0.607341582880962,-0.519445512645761,-0.607341582880962,2.46622267817082
ufd-2,-0.410171510576409,0.32365020425265,-0.0603305480667837,-0.443401767110443,-0.350949752900425,-0.477673215445958,-0.718644996995606,-0.0472147165101318,2.76399202394094,-0.864375731663706,-0.0818093361296914,-0.864375731663706,1.23130507886927
unc-97,-0.67683008210183,0.401048010238433,2.64043013041255,-0.782965341799457,-0.667625986005873,-0.781766396270178,-0.755549752827192,0.373578045505269,0.160926293720408,-0.800920794400355,0.758600366921285,-0.557928400936354,0.689003907543296
T26E3.4,-0.548410358886393,0.652278692806562,1.23727677198172,-0.405600434600263,-0.214090922311818,-0.46156151585813,-0.519901521668789,2.08147059034537,-0.71394764222346,-0.120800831418351,-0.974744190387944,-1.27921048849767,1.26724185071916
F35D2.3,0.427090674622388,-0.097126677854279,3.10522677241071,-0.447021199785953,0.58053774269434,-0.498380644986156,-0.498380644986156,-0.351477789908243,-0.498380644986156,-0.498380644986156,-0.349015067625586,-0.376311229622599,-0.498380644986156
F18E3.13,-0.254511544255926,-0.386962782405988,-0.386962782405988,-0.189490970108074,-0.365885683380992,0.530154316965151,-0.278697332884844,-0.373177487222127,-0.386962782405988,3.2235404940527,-0.357117881135948,-0.386962782405988,-0.386962782405988
fbxb-66,-0.483237351951953,0.0736382954177636,0.0921657081515128,-0.530656633575971,-0.530656633575971,-0.530656633575971,-0.530656633575971,1.84781430740517,-0.318844594391721,-0.530656633575971,-0.530656633575971,-0.530656633575971,2.50306007040103
F23H12.3,-0.0102836051456909,-0.735354983945029,-0.905155089619455,0.20316346223751,0.0902982017443822,0.383709834224058,0.965265137287718,-0.859189155856479,-0.504379892472027,-0.288171926806545,2.74920576606154,-0.167337721668589,-0.921770026041395
K01A2.4,-0.72121037015203,1.32708983862847,0.897568918970506,-0.570310785111466,-0.773887480835906,-0.759747063975856,-0.751199617989429,1.65755365424935,0.872028299267101,-0.800503713870636,-0.780492286312409,-0.800503713870636,1.20361432100293
tbc-3,-0.464281376838206,-0.432276474278121,1.02191154718312,-0.790594279733256,-0.0859644213277146,0.230905911954296,-0.627807892290199,-0.145423329783522,-1.27304484669367,-0.758696426445616,2.23026971015118,1.46465911117311,-0.369657233071404
C47D12.5,-0.292864035508376,-0.188413467788433,2.98335796942445,-0.58248981151529,-0.404142637412126,-0.596124071347862,-0.302178778049669,-0.488123810950087,-0.203215995643922,-0.605730691601849,0.277791680419789,0.983533902094245,-0.581400252120869
egl-9,-0.796665844233984,-0.343694711012755,2.06952216874814,-0.679440272391323,-0.766689523078145,-0.667153442415408,-0.773935248091121,-0.231569096746817,-0.232089419225088,1.29297971087314,-0.4971779340306,1.68544874464807,-0.0595351330441076
met-2,-0.355998769697404,0.0112895164925996,0.880137739607547,-0.543291113100672,-0.470278716385807,-0.52479415096883,-0.318235476445004,-0.188308562445258,3.04871151331925,-0.650831443911942,-0.119157586645636,-0.650831443911942,-0.118411505906899
eftu-2,-0.676723605232568,0.616276228417911,-0.273416380018876,-0.766846549592872,-0.456806414185526,-0.551479649659361,-0.936273100143977,1.27380340661476,1.28929640338103,0.0812683033088612,-1.24760841302156,-0.380578204596155,2.02908797472833
ZK512.2,-0.474592593520162,0.668150381518033,0.749301617053173,-0.532012200718825,-0.432467644602465,-0.850244387637257,-0.773408137342399,2.13396146426287,-0.133494710784951,-1.00576372041319,-0.526834036833688,-0.511724280174808,1.68912824919367
sma-6,1.35846709500661,0.516336308009839,-0.40509598211068,-0.408065323417694,0.908467295765755,-0.364087484071654,-0.793593939823993,-0.717700965973445,1.9749091367403,-1.37641564509313,-0.486717482480985,0.733881572515577,-0.940384585066499
nhr-153,-0.291975429456899,-0.873229007367434,-0.948248205922451,-0.127001649703379,0.34807621193119,1.43215261655142,-0.117392385935465,-0.898427515071571,-0.990458049404369,0.187720672154696,1.6131663167816,1.63735254980036,-0.971736124357694
nipi-3,0.0857088516028155,-0.605319550156315,0.849276428669862,-0.62524989350707,0.709072070591174,-0.230645640333702,1.72621643814397,-0.799781164224994,-1.22649761645382,-0.536518049908578,-0.142681414699991,1.84888764434973,-1.05246810407308
lin-5,-0.596158326561646,0.890066433507749,1.40683082722488,-0.943520596684992,-0.670884731649045,-0.727840883595947,-0.972998523410816,0.830909097113544,1.30484092734456,-1.27759305815453,-0.17089859898503,-0.422955120728061,1.35020255457934
tomm-7,0.68812417412813,-0.738780982342949,-0.557734055151498,0.11019107928144,0.372372744380197,-0.282652952303352,-0.352794009910833,0.433789465246223,-0.970897253661014,2.66529138491605,-1.40337406938776,-0.216015616188004,0.252480090993372
lsy-22,-0.608957556528944,-0.372206416009133,2.26001639695576,-0.694226617658121,-0.625473845909881,-0.542091556712859,-0.610787624168061,-0.209676484886867,1.9809223521929,-0.731348248794346,-0.243823172688167,-0.118557133842544,0.516209908050261
lec-12,-0.522728264089151,-0.594302905294349,-0.701559578267618,-0.96976416583878,-0.593195857089853,-0.216718530141689,-0.204221318514808,-0.390800408803657,0.820787452835728,0.594192379006025,0.268833635144978,2.85159261271401,-0.34211505166083
let-504,-0.711085410596073,0.481971537310279,0.929937024272676,-0.818651395713878,-0.67445539012835,-0.755824310186483,-0.486463896459235,0.6862479291286,1.35836070491942,-1.28556759577813,0.308804745011084,-0.918934432372881,1.88566049059298
C36B7.6,-0.397746415055991,1.87703965394774,-0.0576958754247831,-0.619128949673277,-0.672546239762166,-0.639357976216707,-0.694243218753059,1.23403033981334,0.26799360974117,-1.15466591916717,0.207695293341222,-0.98094573143858,1.62957142864827
F13H8.1,0.826491121374032,-0.185453013510311,-1.18910675784764,0.614317049866804,0.31567001876042,0.0925723962012644,1.65627576866057,-1.11334786545016,-0.221225336959025,1.61736282160856,-0.0775599037717941,-1.18910675784764,-1.14688954108508
F53A9.9,-0.244958807263023,-0.285016141366186,-0.285016141366186,-0.285016141366186,-0.285016141366186,-0.246553012220599,-0.271188430828473,-0.285016141366186,-0.285016141366186,-0.285016141366186,3.32784552260777,-0.285016141366186,-0.285016141366186
helq-1,1.10758285276291,-0.351438219966679,-0.438848559558753,-0.360446286180706,0.0967783064245018,-0.527156673990223,-0.56422539557853,-0.282703942451455,-0.22344965555809,-0.789658500449211,-0.386541292863343,2.95994638176873,-0.239839014359163
C39E9.8,-0.32360268921131,-0.32360268921131,0.262560368759165,-0.32360268921131,-0.310921247030963,-0.32360268921131,-0.32360268921131,-0.32360268921131,-0.32360268921131,-0.32360268921131,3.28438777038489,-0.32360268921131,-0.32360268921131
tbc-9,-0.406261497034737,-0.052579166434655,3.02086712676356,-0.353953369608288,-0.132677607795805,-0.613716733527237,-0.739732189616153,-0.102165230486793,0.171331567532386,-1.22520784976335,0.276620603549891,0.00814682607903918,0.149327520342141
nhr-66,-0.386073845107193,-0.323275917506119,1.12951860094727,-0.208564973646983,-0.02452151900277,-0.236748398903008,-0.477689057117987,-0.45045701287828,-0.704810139492065,-0.495622813040012,2.97182317815734,-0.555476123875581,-0.238101978534613
riok-2,-0.206465598513128,0.695917097630465,0.903327675863707,-0.890901123074769,-0.750292606240831,-0.992171323869283,-0.549416365837773,1.65277550824614,0.802622282045501,-0.28535816614969,-0.969195544837367,-1.01766556095969,1.60682372569672
R11G1.7,-0.607899255993093,0.950581866363707,0.51566443360854,-0.61225277223709,-0.61225277223709,-0.61225277223709,-0.61225277223709,1.39308534672246,-0.476952462761783,-0.61225277223709,-0.506586282882412,-0.61225277223709,2.40562298836512
F56C9.10,-0.291868835731558,0.251912946063675,2.22538869342602,-0.640363488356911,0.371665605639976,-0.498867269143952,0.460597099739405,-0.252537048965321,-0.441207935062777,-1.7009938468844,1.26398510193669,-1.02989093664477,0.282179913983917
fbxa-37,-0.0125271489125681,-0.806461040830663,-0.750501833308272,0.0206249264677526,0.387412141186203,0.348008137803738,1.98729016753629,-0.816002244737151,-0.816002244737151,-0.816002244737151,0.118411814450519,1.9717518145556,-0.816002244737151
iffb-1,-0.016311386340509,-0.121241677072382,-0.257179107744157,0.294246748806121,-0.00999242389293816,0.4019210616556,-0.0620189911271536,-0.498345207078427,3.01025075010183,-1.22162651675719,-0.717516617077813,-0.282951993356143,-0.519234640116831
pno-1,-0.142488278356248,1.07940387968868,0.301008828006799,-0.338530035872327,-0.296776534139139,-0.820376894226818,-0.509321743430395,1.86671366580515,0.818283547001474,-1.80194048094124,-0.621098325002342,-0.687694851301799,1.1528172227682
nhr-20,-0.567434146547351,-0.286050534492541,1.72244493202737,-0.759404273760288,-0.374747769194839,-0.224897241589512,-0.0217151143810491,0.0312308580174709,-1.13703855003868,-1.26271966611311,1.13507425557421,1.91223143242158,-0.166974181923266
hsb-1,-0.456606284938895,0.709889309498534,1.21668019554656,-0.962347434381643,-0.179580399977445,-0.796947678406558,-0.794886699934728,1.10175802919577,-1.08148287225212,-1.11293526685641,1.21633210052418,-0.386601425468145,1.5267284274509
spp-8,-0.543485496764875,-0.737402637087943,-0.737402637087943,1.06129178934389,1.14302101810459,1.0595175798211,-0.737402637087943,-0.737402637087943,-0.737402637087943,0.361727572988527,-0.717144409124179,2.05948776815861,-0.737402637087943
sec-11,0.353517800455914,0.520018519866532,-0.882641806711432,-0.000315205551732368,-0.52176670520545,-0.227763907795731,-0.80757659664611,0.119765583189829,1.53805184577998,2.24478972297089,-0.949996801330368,-1.22554381501186,-0.160538634010463
adss-1,-0.73626725487707,-0.653828337453616,2.24730661818005,-0.15313052020425,-0.97415101630085,-0.429322184438322,-0.28657243936495,0.087070576026771,-1.273856923807,-0.28705692013184,1.62894700267043,0.537585203223369,0.293276196477278
clec-67,-0.139072759552103,-0.710926304805215,-0.710926304805215,2.26034088148237,-0.266202978775594,1.28001316967393,1.40223368518446,-0.710926304805215,-0.710926304805215,0.133836929646454,-0.675863728008226,-0.440653675625214,-0.710926304805215
F01F1.11,-0.518028497049112,-0.10546715564159,0.443738570359539,-0.453215861771485,-0.377681684561978,-0.528361668712576,-0.44222818058778,0.0659993012232625,3.1618649405823,-0.570819274729571,0.0922742381241061,-0.570819274729571,-0.197255452505547
ubc-25,-0.0995811924149591,0.338549329130202,1.39957895782166,-0.938358515202829,-0.262759091219183,-0.936790315261173,-0.910012258101192,0.767430462710689,1.00333810559477,-1.14378844006381,0.662486697802359,-1.33851442201153,1.458420681215
nhr-111,-0.283564397986702,-0.225240729741155,3.32775581283715,-0.283564397986702,-0.266871103228973,-0.283564397986702,-0.283564397986702,-0.283564397986702,-0.283564397986702,-0.283564397986702,-0.283564397986702,-0.283564397986702,-0.283564397986702
repo-1,-0.489549863277026,0.0971249115504119,-0.0826029525137485,-0.587452245067413,-0.531290619236525,-0.387564034790324,-0.575655218506136,0.0530740757059874,3.13615954511781,-0.658263186933128,-0.444612951709186,0.0693680588715107,0.401264480787762
abhd-5.1,0.662681135834563,-0.73589349947477,0.838023444271226,-0.372797078519678,1.35276569220538,-0.0420528338583295,0.126888695009747,-0.823939558059067,-0.930594859528094,-0.930594859528094,-0.475914122325688,2.21595181192414,-0.884523967951335
rpoa-2,-0.227727579543219,0.990683730201804,0.260598320688065,-0.813164563685787,-0.477061930252194,-0.995360170155238,-0.938471175318045,1.4364763864911,1.68696871800308,-0.358341179724084,-1.14060575428597,-0.615842232260744,1.19184742984124
K10C3.4,-0.189959764517008,0.27778840219359,1.26393233624857,-0.812007936803418,-0.368549933709385,-0.874472755563304,-0.29837242286484,1.14810447592534,0.545834219094614,-1.26700053828786,-0.573131310248604,-0.914655140711855,2.06249036924416
T19D12.2,0.407159925647917,-0.831586502307193,-0.831586502307193,0.0220923235293059,-0.281502778262344,0.0447150479661216,2.74385410530828,-0.831586502307193,0.857729239037989,-0.831586502307193,0.204457590847546,0.140474663982429,-0.812634108828473
spcs-1,-0.293193397573884,0.00342734666766723,1.54653069112575,-0.89909650234453,-0.442260180421725,-1.08056665702505,-1.07367923310481,1.23212101035483,-1.41964484486472,0.500099483900403,0.10358159209987,0.302052251999165,1.52062843918703
nhr-35,-0.488460511194733,0.615871626065098,0.0183837251306115,-0.790010146034594,-0.00295351603775247,-0.237624530666078,-0.942092405346928,0.642062038411231,2.28722622258761,-1.21909793464625,-0.809715360137226,-0.430952745887353,1.35736353775636
T10B11.5,-0.421610752905916,0.908289856313414,-0.854571279499475,-0.719353112552218,-0.325907290601002,-0.767499858252775,-0.748742372868417,1.79980859673894,0.0564182318088722,-0.854571279499475,-0.627275277127564,1.9345065879454,0.62050795050022
unc-42,-0.397083026569115,-0.367331607374544,2.81132137169203,-0.404310274556733,-0.404310274556733,-0.404310274556733,-0.404310274556733,-0.404310274556733,1.5400864626672,-0.404310274556733,-0.352511003961705,-0.404310274556733,-0.404310274556733
wts-1,-0.414093621011663,0.251046842579187,1.51871845717659,-0.763533697900735,-0.693413668011095,-0.948892010159703,-0.246497142743536,0.0234920612078238,2.46924484731263,-1.13601980497112,0.14650305549418,-0.141841938203362,-0.064713380769202
F20D12.12,-0.454903639195635,0.0539864577855588,0.133267896534715,-0.836726235232435,-0.412684155758054,-0.642012703089561,-0.569431022219782,1.59296993916754,1.36685886771795,-0.900613563040925,-0.84613044712457,-0.484142564107783,1.99956116856298
rtfo-1,-0.699246825898011,-0.153944077798901,1.92827563658137,-0.871777481390622,-0.669195012350821,-1.0536686113909,-0.699220060698546,0.479125498841686,1.60458969066588,-0.447828004438884,0.0505453319245515,-0.685955894683804,1.218299810637
F11G11.5,-0.165871455008638,0.287733080161219,0.363069992697714,-0.978215576590489,0.0218567149368969,-0.939291363464862,-0.0799670994932654,0.322663798318208,2.35110434253979,-0.898080177156992,-0.161177289583825,-1.3733685622102,1.24954359485445
Y82E9BR.14,-0.72293274846611,-0.694556518687312,-0.835595144914254,0.240011597871697,-0.71425526703788,0.670617572769798,1.24597157147062,-0.511637683764515,0.949365389752463,0.194672979282826,-0.894984768782581,2.14115937201784,-1.0678363515126
hipr-1,0.116120334436966,-0.985582497247793,0.253006016916231,0.192247076950022,-0.211913240406105,0.215409023839149,0.798614556684159,-0.7488476209342,-0.490050696780651,-0.70245148282366,2.80420016566488,-0.26159501070617,-0.979156625592831
nex-2,-0.491918118119501,-0.521919232212612,0.467839308391793,-0.592732045929782,-0.226557853335015,-0.632534118795285,-0.430471245395594,-0.234789326236547,-0.65454476400513,-0.65454476400513,2.9728866209555,0.62079193162874,0.378493607058567
myrf-1,-0.460247877218504,0.667317117659232,0.819468858315016,-0.81658454990318,-0.448545066570786,-0.830249888324575,-0.80916566364324,1.90431211801004,1.20078133397762,-0.905523277309293,-0.59698942578382,-0.905523277309293,1.18094959810079
arx-4,-0.401906938422906,-0.270083043743122,-0.848383781029787,-0.643928912940563,-0.406627771691387,-0.426007623248197,-0.454722826046277,-0.277833688550247,2.90471912576524,-0.570849276321103,0.944507702459376,0.574287097410576,-0.123170063641602
tsp-1,-0.322805144166658,-0.28210835401479,-0.634795346441758,-0.491861368072133,-0.400490484531521,-0.290153125109741,1.21763993687215,-0.224268023278019,-0.693546448748468,-0.693546448748468,2.80864681356188,-0.517536163487598,0.524824156165129
atic-1,1.34029570625521,-1.05176026623163,0.261119460228544,1.60497719408671,0.555556338516429,0.235673481913351,1.12765478027319,-0.866431004475405,-1.43019966345513,0.459790640570382,-0.45298904399281,-0.808382989123917,-0.975304634564924
ZC239.16,-0.0958415822799219,-0.856534188648918,-0.866430522096318,0.614262749480454,-0.445695800770056,0.747823489852091,0.489578936617448,-0.866430522096318,2.46734145228107,0.882366045453056,-0.462355411946967,-0.741654123749303,-0.866430522096318
his-67,-0.484268401865119,0.303336751687183,-0.330048617540667,-0.468792316706005,-0.444431222238467,-0.467409145954668,-0.471979012919559,1.5984814634757,-0.45693222916032,-0.48867342860881,-0.48867342860881,-0.48867342860881,2.68806301704836
F53E10.6,-0.583996906619883,1.24808910394446,1.54426179792153,-0.8278197848601,-0.486020386477381,-0.87992877597369,-0.759336733611034,1.08355058172715,0.895766988581369,-1.06062742258259,-0.744258482451643,-0.616545130356215,1.18686515075802
sptf-2,-0.57485370596765,1.46394712189094,-0.311216939029223,-0.677998539221825,-0.677998539221825,-0.677998539221825,-0.234836024561339,2.6045881599576,-0.320100794259292,-0.677998539221825,-0.562023208312611,0.572725802188082,0.0737637449807988
F49F1.7,-0.455893403384697,-0.506762178895447,-0.514542932196584,-0.267035741329164,0.127556445684636,2.00563345389715,-0.426634768538515,-0.491721819974354,-0.514542932196584,-0.340739203381422,-0.514542932196584,2.41376894470815,-0.514542932196584
byn-1,0.25499784359288,0.662371359915883,0.466483238252902,-0.701929379965166,0.269552861902882,-1.52627793711647,-0.465610252560781,0.647778558082019,1.56679481214488,-0.537876691111956,-1.8488415493367,-0.0455710940057227,1.25812823020534
fat-6,-0.0895494582741711,-0.203626761141427,-1.05030857785631,1.20838891181849,1.0628166063865,2.16747329717563,-0.5538587174312,-0.425434116963174,-0.761524364784514,-0.962671267219406,-0.22260261282454,0.78187415174963,-0.950977090635505
gst-19,-0.761945398886079,0.205233947900615,-1.27631901246793,-0.87904195026784,-0.232010856280575,1.44397115065239,-0.682113767544628,0.56456261700431,-0.129673720975932,2.05723580478918,-0.666951709472958,-0.626184371025796,0.983237266575242
syf-3,-0.572026848338407,0.630904613913484,0.0462966478351319,-0.683041134070236,-0.451937180379055,-0.750991584693914,-0.573209408149904,0.609017448114741,2.26133601543593,-1.18316498912451,-0.737554902159123,-0.102398898177342,1.50677021979321
sftb-6,-0.43271548753811,0.0536155387744097,0.520978968838756,-0.72183937508877,-0.442720067930093,-0.308896013457209,-0.536671807553936,0.417546876116236,-0.923413159246229,2.90100092624759,-0.760868533694955,-0.323939029815347,0.557921164347661
F43B10.1,-0.0184665816024099,-0.764693491927971,1.19760924172514,-0.530886431346368,0.28717930230673,-0.734404935821632,-0.561723077267658,-0.90731745184186,-0.0540084853536658,-0.677165293841882,1.95557505696076,1.69368480334495,-0.885382655334133
W01A8.6,-0.224559515887228,-0.149576615769661,-0.118197020977887,-0.418370966775327,-0.304360732956799,-0.425090635144667,-0.452370386350505,-0.346713596302679,3.26924738332731,-0.452370386350505,-0.336283906122918,0.237633975086807,-0.278987595775945
apb-1,-0.651855396095551,-0.393781809635699,2.40716166685246,-0.645101583790899,0.372346173461598,-0.0980952855125888,-0.11211446030887,-0.356353544268797,-0.265593150595518,0.245437825341708,1.42711925099946,-1.63291058067305,-0.296259105774252
F25D1.5,-0.387538473696532,-0.462762164702718,1.01453572102772,-0.487393919309907,0.391904750724994,-0.0495046146971971,2.90939318769385,-0.558150700400739,-0.605026486868601,-0.605026486868601,0.0258439215425201,-0.605026486868601,-0.581248247576184
him-4,-0.464827948914221,-0.478395334701976,1.66454553785779,-0.478395334701976,-0.478395334701976,-0.478395334701976,-0.464345032481908,-0.478395334701976,-0.478395334701976,0.423509882215791,2.61454989814288,-0.478395334701976,-0.424664993906503
gbh-2,-0.0621229408017192,1.09245141538495,-0.928702915110847,-0.833529174957266,-0.489647513951304,-0.720146883707443,-0.173366533849999,0.763328987342525,2.16370729236498,-0.0842439021119354,-0.81378405270674,-1.07939420964573,1.16545043175054
ugtp-1,-0.0381904290002652,-0.932364260922201,-0.652570532787324,1.00537979900664,-0.329978380968272,1.57246461924784,1.23646306631486,-0.653953529391295,-1.0073871713522,-1.0073871713522,1.61531147848258,-0.096139473897041,-0.711648013381125
rsp-1,-0.418442228514364,0.97852870407188,0.620336523780779,-0.494993103557037,-0.263633796158051,-0.58825349944329,-0.710671221568513,0.44630564329327,0.0376042769518245,-1.16742214689198,-0.190353968957697,-0.882946537460655,2.63394135445384
acy-1,-0.299038551569598,-0.3879364025272,2.56331303760938,-0.448566968813388,-0.348194019352262,-0.431029842961009,-0.448566968813388,-0.384026833596399,-0.448566968813388,-0.448566968813388,1.89599703850862,-0.448566968813388,-0.366249582044586
ama-1,-0.214853410625893,0.931810913158135,1.43840686637382,-0.79611469038191,-0.589189863542475,-0.934826184738575,-0.394702559485699,1.34696506936533,0.909873473565631,-1.7314983143954,-0.788455135668081,-0.039076867094536,0.861660703469653
daf-5,-0.813318598199919,0.0109656406988169,1.79709761786864,-0.822871806568661,-0.925071925856187,-0.472553977325594,-0.868530683929743,0.262577868155605,1.8654444574405,-1.04604492870082,0.95999459714992,-0.100938262488003,0.153250001755441
lin-36,-0.722306936050271,0.419197366307635,1.62259917264367,-0.787766569223693,-0.669728710525768,-0.720342846031878,-0.614486145120943,-0.236209201491017,1.86110743801286,-0.17739363577305,-0.574583334046288,-0.84961717572512,1.44953057702386
K07G5.5,0.236261292876884,-0.451586127839294,-0.772400548966223,2.63720652256308,-0.570803402515546,-0.0431456463978649,0.946983406273177,-0.772400548966223,-0.772400548966223,0.933504236662981,-0.548210714037296,-0.0506073717212305,-0.772400548966223
spp-22,-0.279760836864497,-0.27140144475388,-0.279760836864497,-0.279760836864497,-0.259132372683594,-0.279760836864497,-0.279760836864497,-0.279760836864497,-0.279760836864497,-0.279760836864497,3.32814218608245,-0.279760836864497,-0.279760836864497
max-1,-0.378932013388039,-0.42053332342499,3.19813620458809,-0.427033039866585,-0.306887057669021,-0.375301230667544,-0.400368768277876,-0.427033039866585,0.558972750383845,-0.427033039866585,-0.0703442444994432,-0.0966101575786824,-0.427033039866585
flp-34,-0.254868980490581,-0.266286696676748,3.32234832397423,-0.116673862996336,-0.217481794590469,-0.310634199570046,-0.248238690880823,-0.320967111460353,-0.320967111460353,-0.320967111460353,-0.30332854146746,-0.320967111460353,-0.320967111460353
R08F11.1,-0.610914917730623,0.275824496566487,-0.534177648736692,-0.628408487206909,-0.54783309003088,-0.539954213556564,-0.6133456413045,1.24139853976895,1.35535525655458,-0.701031182406188,-0.688896286868514,-0.340892251305212,2.33287542625606
crb-3,1.5699136578618,-0.812138607773477,-0.829566439934944,0.0128951040656672,1.38535965916891,0.467161989139417,0.203758233499642,-1.07593240617205,-1.06450385593174,-0.329796838592933,0.0182411120512488,1.5511705055339,-1.09656211291544
rsd-3,-0.064065222199135,-0.0946355011728339,0.528206612622289,-0.551394549412786,0.564252639867423,-0.566573652608057,-0.159460179765992,0.153138565087633,-1.35985071367362,-1.35985071367362,2.40547817715558,0.995187514028908,-0.490432976255784
F18H3.4,-0.210584960222087,-0.547284847720417,0.73440542336098,-0.494546389619989,-0.248770012854744,-0.121268775298639,0.225731060630268,-0.553873714729033,-0.823766675473323,-0.823766675473323,0.378879673125779,2.95267441063341,-0.467828516358882
mlt-8,-0.394984768090386,-0.288906860967339,3.15017554644857,-0.32705257329097,-0.394984768090386,-0.394984768090386,-0.394984768090386,-0.394984768090386,0.785875511308035,-0.394984768090386,-0.382836548924675,-0.394984768090386,-0.172361697940921
F07A11.4,1.17929852042322,-1.07173161579153,-0.989491701457979,1.01378400867891,0.757379310594718,1.23704167210745,0.981895707312892,-0.960997865074142,-1.21294763528333,0.00232864951990398,-0.420648922188249,0.65882963488485,-1.17473976372671
ttll-12,-0.151307791832183,0.811291827743719,3.0011517935338,-0.423831541116933,-0.215423414285866,-0.479930800854585,0.207286521111693,-0.178689746911157,-0.884243521104454,-0.884243521104454,-0.226694372335731,-0.29223642031511,-0.28312901252874
ztf-6,-0.39404917208376,-0.329316878985255,3.13850428356646,-0.413456078277285,-0.364673378006915,-0.403259528240326,-0.413456078277285,-0.226122860366571,-0.413456078277285,-0.413456078277285,0.810856338258076,-0.413456078277285,-0.164658412755286
F10D11.6,-0.35066139332781,-0.329483612292983,0.522408801808759,-0.35066139332781,-0.32759683361507,-0.35066139332781,-0.291525346046789,-0.35066139332781,-0.35066139332781,-0.35066139332781,3.23148813676857,-0.35066139332781,-0.35066139332781
larp-5,-0.498142684214006,0.383143473829571,1.97159036499169,-0.658296249335497,-0.44063037743952,-0.467889318955491,-0.392543012883521,0.471057196266331,-0.923535787277846,-0.923535787277846,0.476193083051682,-0.923535787277846,1.92612488652229
ocam-1,-0.278448540731857,-0.278448540731857,3.32817901644428,-0.278448540731857,-0.278448540731857,-0.278448540731857,-0.278448540731857,-0.265245068393858,-0.278448540731857,-0.278448540731857,-0.278448540731857,-0.278448540731857,-0.278448540731857
C17H11.6,-0.465224963739392,-0.430177000281569,0.137847171393545,-0.490898096377453,-0.519081460516948,-0.74677453582556,-0.285363589145533,-0.338875819564307,2.10093433664332,-0.0814994608029723,2.23593843022182,-0.926859762939011,-0.189965249065933
znf-593,-0.0899522662971561,0.885410307434987,1.10684601453133,-0.786579469582939,-0.178313863056082,-0.641184199857443,-0.447341051653945,1.93730941064491,0.194579976715835,-1.63066553108722,-1.10808642697768,-0.23578597075521,0.993763069940605
let-413,-0.387946963491459,1.16998634197406,0.0535860176208964,-1.30257717975872,-0.161922333808544,-1.05222913214772,-0.987299173293408,1.05316034661269,1.21509493919872,-0.134641260198013,0.732450741705174,-1.424186918822,1.22652457440832
B0302.5,-0.624712509212171,-0.635059199472418,-0.285503933874099,-0.398852862612444,-0.55178672887162,0.149602842530548,-0.146877946495493,-0.609239971590469,-0.635059199472418,2.55048760013918,1.7093729617607,0.112688146643125,-0.635059199472418
obr-1,-0.610527465565779,-0.67300360758003,-0.1463854117112,-0.542661883772347,-0.682829649104621,-0.489486330264257,-1.10367920884222,0.0338081854514267,0.237836918360802,2.01285940018106,2.08778086414141,0.417026728738545,-0.540738540032796
sfa-1,-0.459751095372614,0.180927644960645,1.40674757835062,-0.590787577384894,-0.541574679489368,-0.677851765017751,-0.60886518102807,0.419619370816078,2.62415930606549,-0.849267292565386,-0.307453589734822,-0.650653287555801,0.0547505679558811
pms-2,-0.188997130652123,-0.00282162202434791,-0.769457676962124,-0.522154103941616,-0.490073892166488,-0.513077725896253,-0.419364978267304,-0.257423077596678,2.83162005507187,0.0779688270719356,-0.718365388653173,1.30499721702307,-0.332850503006772
cdc-42,-0.424476839241742,-0.909009943362207,1.03826444029518,-0.731941510432795,-0.56492220311073,-0.631957812158064,0.146704351982036,0.0506319820951886,1.30263620430505,-1.81245117783291,0.457351413714871,1.84105559926664,0.238115494479475
Y55B1AR.2,-0.0148194501855924,-0.700009483810501,-0.00619102286837524,-0.296271912979473,0.421645530905267,-0.306021344329469,-0.249559369813025,-0.566671984888766,-0.682182250148585,-0.930159701252134,1.37075559892507,2.65869900718114,-0.699213616735549
Y61A9LA.10,-0.381244801360491,0.619999514112295,0.202043591996308,-0.452780986149657,-0.130237010383232,-0.935732400994927,-0.235253874993741,1.6565180975915,0.463466294650287,-0.927563478040373,-0.88871276912456,-1.10116812353657,2.11066594623317
zen-4,-0.56122565732374,2.07981310740769,-0.153490277892979,-0.661978915739842,-0.641692959911344,-0.673704746478638,-0.680790954448361,0.867126127861834,0.798342013599508,-0.680790954448361,-0.680790954448361,-0.680790954448361,1.66997512627095
F29A7.4,-0.350101616677339,-0.21754312352717,3.24310290117862,-0.350101616677339,-0.350101616677339,-0.350101616677339,-0.350101616677339,-0.350101616677339,0.465145629866929,-0.350101616677339,-0.339790857422323,-0.350101616677339,-0.350101616677339
igcm-4,-0.362716389265134,-0.336609826004591,3.27174486225203,-0.382990202458175,-0.358437384997858,-0.201851980028482,-0.382990202458175,-0.301444935845649,-0.382990202458175,0.237143815682396,-0.382990202458175,-0.382990202458175,-0.0328771495018377
F38B7.3,-0.588982099744827,0.220001796626694,3.0007782145059,-0.685687552749622,-0.631929130764353,-0.544929091831953,-0.564741796816059,0.35046672446297,-0.0798188114056927,0.122080145741356,0.18806449117418,-0.95248465555641,0.167181766357816
tcl-2,-0.563000314479617,0.189998111333786,1.31904040768666,-0.825316135371695,-0.673419863257934,-0.804216792034138,-0.622012622746708,2.19019196388996,-0.363163864007255,-0.831677768058502,-0.688470351919534,0.485039821846991,1.18700740711799
apb-3,-0.020783511736365,0.326798120249544,-0.622976997707328,-0.997897298074883,-0.106842018673812,-0.713335603950494,-0.82079185374757,0.0803847476310199,2.36774569495294,-1.31244690947421,-0.0790110263667882,0.657970295936275,1.24118636096167
kat-1,-0.478886317633251,-0.829278877980337,-1.39025783720394,0.184106175271595,-0.278930410809394,0.998166806820377,0.268541503880818,0.812104984765988,1.65607036580464,-0.763526619033127,-1.63967885979516,0.392921041254055,1.06864804465774
hint-3,0.358751311045199,-0.905449356065926,-0.15403600895082,0.773047188454734,0.756661187646871,1.40272949116922,0.173613223017986,-0.929293976678785,-0.948867676066788,1.98065104650298,-0.610071077941089,-0.948867676066788,-0.948867676066788
F54C9.9,-0.288230536605594,0.38289897952681,0.693149299075287,-0.772491369675614,-0.644649561629869,-0.870469594254867,-0.649787799508713,0.872143935516469,0.808734004061519,-1.76450794610643,-0.647226282904265,1.40809421634745,1.47234265615782
cysl-1,-0.382252494108797,-0.784151303655366,2.29133546564748,-0.33005243525472,-0.109800880938973,-0.50414530727369,-0.410509349432966,-0.561844555103713,-0.0578176982226822,-0.665123648385597,1.5735803339468,-1.07979718214999,1.02057905493221
sdhb-1,-0.050684329586713,-0.816416088193188,-0.824547383650991,0.373235010870318,-0.463342001948065,1.12973920303568,0.77770486432328,-0.679491442939218,-1.91642300293928,1.55931882397795,0.209411287014908,1.23396043923631,-0.532465379200995
rhgf-2,-0.45165305774785,0.92999193576001,2.48449165635688,-0.83259559744507,-0.557490324254659,-0.839790161310182,-0.82686252932758,-0.312533592263937,0.669023640155014,-0.879207764378223,0.796663408539989,0.355127319700359,-0.535164933784748
otpl-3,0.67365533957878,-0.410416950567972,-0.890863415540889,0.799695924890176,0.364869819990926,1.60161611948182,0.231317444164401,-0.817638391127126,-0.858486510395994,-0.890863415540889,1.88714339417462,-0.890863415540889,-0.799165943566962
F28B4.4,-0.608194079611052,1.17587549991346,2.47869375659759,-0.714826647707719,-0.448594523398513,-0.697726099357795,-0.714826647707719,1.02567041162733,0.304972266160507,-0.714826647707719,-0.466367147983724,-0.714826647707719,0.0949765068830694
lst-6,-0.670501353795392,0.039935080968602,0.562398243503158,-0.659996329097549,-0.696431911128934,-0.743355909410281,-0.527176163033404,0.147414843378188,2.92596155909929,-0.891540414232528,0.129293370897321,0.110866308861406,0.273132673990126
R12E2.13,0.191752120376008,0.296851966829569,-0.782654632170404,1.17625056009342,-0.250398734945259,0.900307823176743,0.562724129622839,1.09133987200465,-0.420293760804977,-0.502104547532937,-1.86171664210856,-1.52814841217891,1.1260902576378
prx-3,-0.580380891440433,0.699587513207956,-0.546646456370691,-0.376273799695144,-0.24510667618884,-0.0574910192817983,-0.585667619881241,0.9109104531364,1.82893469785026,-0.829580757865545,-0.986569746496451,-1.06422373532878,1.83250803835431
pals-19,1.15688254067849,-0.325267778085216,-1.24879706285912,0.447656497547393,0.568487871217504,0.883406455449773,0.179763369709694,-0.050539138722384,-1.07655852928576,-1.24879706285912,-1.08150521473944,1.93634936880433,-0.141081316856134
sucl-1,-0.750363379976407,-0.358922709326386,1.4593182547572,-0.518020415992059,-0.362115165329865,0.0245626366256695,-1.12131121123368,0.239869033967205,2.07130650273678,-1.17379641480433,-0.900729595791573,0.789477506492217,0.600724957875231
C08G9.1,-0.291732377683276,-0.201839254304655,3.32682016150343,-0.291732377683276,-0.291732377683276,-0.291732377683276,-0.291732377683276,-0.291732377683276,-0.291732377683276,-0.291732377683276,-0.270474147212409,-0.291732377683276,-0.228915360836883
B0348.2,-0.153877338306192,-0.734969787068365,-0.472041686949083,0.56175187986562,0.0605056776585257,-0.294761793599275,2.46907801308749,-0.873195575417939,-0.958682603279237,-0.508134980641344,0.510984552730052,1.29954355707341,-0.906199915153659
skr-4,-0.399088648900057,-0.464201226754471,-0.11937520720404,-0.419638319905114,-0.0312848641927123,0.996644779610732,-0.423315599840387,-0.464201226754471,-0.464201226754471,3.04795106371462,-0.330887069510685,-0.464201226754471,-0.464201226754471
snf-1,0.441776593816624,-0.553495970724766,1.55396758750246,-0.249001597378327,0.673459470807785,-0.359390322961883,-0.591580504884726,-0.644509686277139,-0.686624635779409,-0.686624635779409,2.42069202930025,-0.686624635779409,-0.63204369186205
gtbp-1,-0.511545356189444,0.692120122629948,1.45920810467506,-0.823026379098917,-0.572619573398758,-0.801083813309356,-0.644529285349375,1.06907340292365,1.52599194195121,-0.915870307533768,-0.934079401687186,-0.715366056731991,1.17172660111893
F11A10.6,0.0326045413881635,-0.523858181849497,0.906982832485718,-0.32926951876277,-0.531336556168949,-0.366539920334342,-0.502828742023608,-0.453564976696614,3.07353397186292,-0.473608788839454,-0.243889289410363,-0.380259082417283,-0.207966289233926
zip-7,-0.417516232393738,0.374103173760954,-0.417516232393738,-0.417516232393738,-0.417516232393738,-0.417516232393738,-0.417516232393738,0.208203144829578,-0.0257780814179388,-0.417516232393738,-0.417516232393738,-0.417516232393738,3.20111785437105
F09E10.6,-0.147784750769659,-0.317924466383344,3.28527875425014,-0.345949032808316,-0.310722052089314,-0.353163820373308,-0.293332792953059,-0.353163820373308,0.224486142555967,-0.353163820373308,-0.353163820373308,-0.353163820373308,-0.328232699935877
exos-1,-0.272762648954617,-0.0800692717494484,-0.211089488493613,-0.357406254395757,-0.177794729739284,-0.311892339203017,-0.357705453403953,-0.032402007094369,3.28583723828732,-0.488106042179286,-0.462207682120875,-0.488106042179286,-0.046295278773815
lin-17,-0.483312854257656,0.826099588445245,1.14222782218311,-0.982287413360058,-0.976416962766666,-1.01033380211576,0.149229976716212,-0.083395711422189,2.3106777715515,-1.03616257507891,-0.250785252250821,0.556011871616619,-0.161552459260634
plx-2,-0.351605523735801,-0.215906127547707,3.17584091244394,-0.435419496097873,-0.415306545097732,-0.359953435819288,-0.435419496097873,-0.435419496097873,0.404495697977626,-0.435419496097873,0.374951998366207,-0.435419496097873,-0.435419496097873
Y38H6C.21,-0.392095283499642,-0.750679937828382,-0.750679937828382,1.04907547400697,-0.638066174168182,1.58805374986498,-0.0997825498729915,-0.750679937828382,-0.750679937828382,1.88520345850931,-0.647124792158181,1.00813580645964,-0.750679937828382
gsa-1,-0.212506805894312,-0.629613359928833,2.89775447974068,-0.318721925085061,-0.303779360331736,-0.415894414874452,-0.434815094280892,-0.506872067208627,-0.416269944586576,-0.393447602136866,1.10004794491931,0.426775293055916,-0.792657143388556
acs-13,-0.0973975465698064,1.2709254081082,-0.748460560567591,-0.53267519179528,0.377226727330973,-0.179667809266867,-0.0638249981701844,0.750448325652617,-0.177122849617746,-2.11261978164544,0.820339159213361,-0.953970410143095,1.64679952747086
C03A3.1,-0.324517006460535,-0.302899169444413,3.31649636384802,-0.334564557749784,-0.334564557749784,-0.324935175551947,-0.334564557749784,-0.276692891166059,-0.084015676999258,-0.334564557749784,-0.153638391023401,-0.334564557749784,-0.176975264453486
R10E4.9,-0.751543953059624,0.0514428245359085,2.31727284830676,-0.84053732948367,-0.686534565912731,-0.874271025292847,-0.783829093469481,0.649806008661002,0.30185990782173,0.721083011179612,0.221538659088486,-1.25185211155648,0.925564819181336
edc-4,-0.860176218005999,-0.295577709696761,2.30371096503989,-0.78336188823313,-0.586455160569968,-0.606836713525136,-0.927314183913182,0.863894285352647,1.35972627612794,0.0296894210786131,-0.724502121293243,-0.402699892521243,0.62990294015957
F11E6.8,-0.361696366950373,-0.421432783997675,2.03143623999155,-0.402710449647158,-0.421432783997675,-0.399338573705875,-0.413981128669304,-0.421432783997675,-0.421432783997675,-0.421432783997675,2.45716241063161,-0.421432783997675,-0.382275427664401
emb-4,-0.460229735597578,1.00221342281656,-0.115729845147989,-0.463531625130091,-0.580879361899885,-0.653693638583306,-0.712271644923153,1.18388268029808,-0.657042952713652,-1.30232762010828,-0.320087148005273,2.21415203182575,0.865545437168812
C47G2.4,-0.582904385568264,0.417004429293155,0.995651937741378,-0.571965171143618,-0.644868008940337,-0.507604701084338,-0.756125102595457,-0.0119264027501603,2.68888643720819,-1.07824955151705,0.289321145930448,-0.575722032598062,0.338501406024112
C05D2.8,-0.856898491354646,0.18579504209507,-1.07702257277022,0.619128369735009,-0.944490221551954,0.91735147647975,-0.242438045958764,-0.320486889889652,-0.372080272736342,2.62098788433671,-0.855394479642066,0.170267563816113,0.155280637440992
atln-1,-0.514298242471432,1.04022497274708,1.17445329043426,-0.597962830415084,-0.474182788694616,-0.518004076827355,-1.22826425183328,0.0945315722654908,-0.247743158458942,-1.56489790624033,0.0670767635177774,1.91232870517567,0.856737950800755
nipa-1,-0.188243991307617,-0.27657544680715,-1.12566184489102,0.773938260172712,-0.739488922710967,0.593843224735444,1.28286605684969,-0.134278901337149,-0.521446091014945,-1.2337100863771,-0.275169731182307,-0.472490666828186,2.3164181406986
ire-1,-0.0991889145334104,-0.372512689802177,-0.407539800748247,-0.399862040636683,-0.221673321418628,-0.597923403900499,-0.433141358340951,-0.736414353503209,2.5554225013455,-0.248147387437569,1.82839531344444,-0.236408241263697,-0.631006303204872
tomm-20,0.378073667084415,1.37090739198085,0.200845006732151,0.60373943470497,0.246250560614866,0.399858374548207,-0.318049165229179,0.542229924533263,0.112616243237432,-1.29797222637111,-1.18652261148946,-2.15364934783869,1.10167274749229
cul-3,-0.376488436570182,-0.180053050268688,-0.048815534981195,-0.497403780427209,-0.345999151803437,-0.35961315423198,-0.506918372709974,0.0195551699026811,3.2159586549935,-0.712639698479856,-0.431670343315237,0.0489333901266371,0.175154307764936
F17B5.8,-0.38059103401626,-0.696806640818424,-0.696806640818424,0.272307098903837,-0.284966671573225,0.193563214670493,0.722454880469992,-0.696806640818424,-0.696806640818424,2.82487947797849,-0.533239916079032,0.669626153737828,-0.696806640818424
akir-1,-0.445670746753519,-0.0446742144271069,2.76830695587323,-0.662386439197141,-0.415782338593908,-0.329744938079242,-0.620604065731838,0.51951338759882,-0.618581727843483,-1.26501191078097,-0.0827889865966203,0.434720880949556,0.762704143582217
R119.5,-0.210609699647858,0.150437495736146,0.799336982141512,-0.780694729853384,-0.50797683469213,-0.674444296458578,-0.762174095807394,0.832599221358363,2.43717316532492,-0.819858648129094,-0.643548626423768,-0.819858648129094,0.999618714580364
rpom-1,0.331063994598721,0.81171582235436,-0.971465952589712,-0.348961084256286,-0.0424106772080596,-0.239755266467614,-0.516106599404842,0.404141623627496,2.7623058992872,-1.18575407287697,-0.721819443048978,-0.340995203353717,0.0580409593384013
rrp-8,-0.148906254812395,0.545336297911544,-0.212356341371551,-0.544735592710675,-0.39974472551701,-0.657981709865232,-0.520048611062455,0.426774367462007,2.80754345827473,-0.789298396454883,-0.608652762401068,-0.789298396454883,0.891368667001865
W09B6.4,1.06399940638009,-0.391170386548725,-0.825208390605102,-0.6414031049546,1.49618864671124,-0.630723921787166,-0.774399350020761,-0.697276209218251,1.43726125824993,-0.92615629840716,-0.397317245010767,1.64103409291568,-0.354828497704407
jud-4,-0.413032262888439,-0.413032262888439,1.87484769365876,-0.37687129771914,-0.413032262888439,-0.364262288543763,-0.413032262888439,-0.413032262888439,-0.413032262888439,-0.413032262888439,2.5835762586001,-0.413032262888439,-0.413032262888439
eva-1,-0.302132008336559,-0.181429635183733,3.32532115014823,-0.286155835562283,-0.302132008336559,-0.302132008336559,-0.302132008336559,-0.226175447138646,-0.302132008336559,-0.302132008336559,-0.214504165571104,-0.302132008336559,-0.302132008336559
kal-1,-0.638260424617562,0.701344150921376,1.7866793067443,-0.738796499792412,-0.709425806540255,-0.667800867063863,-0.721189619380928,0.802092669535603,0.0944741119578343,-0.748521283147138,-0.401808811369309,-0.748521283147138,1.98973435589949
abt-4,-0.18033997973874,-0.689217336636212,-0.694820791573715,-0.271971605392443,-0.335735713498789,0.272939934818056,2.80922821522917,-0.758877729541425,-0.139161857765588,-0.758877729541425,0.606474447352197,0.878856784012094,-0.738496637723182
spin-1,0.125658319158021,-0.947638786749747,-0.964300800667544,0.455946272834834,-0.0563847733080841,0.771939019660514,-0.121681110821312,-0.95064119666914,-1.03988576200742,1.98974917711979,0.16601511595226,1.5504560623263,-0.97923153682847
del-5,0.0239824589923201,-1.02306265579234,-0.308999310089705,0.321258472243511,1.02561756716757,0.984698579725596,-0.00724235812733384,-0.988836164835514,-0.0531161103416938,2.40473593162357,-0.717623559966373,-0.638350194807273,-1.02306265579234
rpb-8,-0.158712209115312,0.953800528295202,-0.574506995304896,-0.815363071382277,-0.156759878283801,-0.971482370398338,-0.69521290980947,0.802095998034208,-0.950277861123658,-0.142825214177087,-0.843918331818581,1.89290549080515,1.66025682427886
mrpl-40,-0.427626882093771,-0.361865729841993,0.0453923742897111,-0.54490375213584,-0.469549409268911,-0.491346622625858,-0.569492740608127,-0.0180377950176485,-0.602818696818507,1.38817206097849,-0.900377939609461,2.72943829084911,0.223016841902802
ztf-27,-0.257459308218157,-0.20705416922146,-0.15970040801072,-0.6809057467896,0.0562629814306538,-0.580402075503221,-0.437960107949637,-0.64900679657843,-0.873813203239988,0.295963319406891,3.01226917227683,0.692388168831058,-0.210581826434214
wrb-1,-0.423384344680786,0.595717320726392,0.227807796210985,-0.540779138504188,-0.357736941989205,-0.227390618492676,-0.384615313349527,1.80808883624663,-0.83765436724781,-0.83765436724781,-0.465718692501014,-0.83765436724781,2.28097419807682
eif-3.G,-0.361306548380157,0.948981320141743,1.0005518747072,-0.692507812041154,-0.44152191487894,-0.930478584400345,-0.511926349854344,1.26091010081509,1.37250219407001,-0.653948193123143,-1.19287838305776,-1.08679798743419,1.288420283436
uaf-1,-0.472583934599526,-0.454119873119819,1.81440651050646,-1.03729039402858,-0.593901455408646,-0.711695057692105,-0.533038240021343,-0.460847599936021,1.87275915705189,-1.10943740552868,0.516020929972993,0.866085373478058,0.303641989325308
rab-14,-0.56171367168285,-0.342308410380704,2.73232324510674,-0.736125882324842,-0.360757342305051,-0.429254625360223,-0.198573791713823,-0.000806515684894458,0.452446080532356,-0.944734768460699,1.07093928556036,-0.944734768460699,0.263301165174333
C34F6.10,-0.832979970194164,0.486287086493798,0.945615204413102,-0.879166115263972,-0.836729502945287,-0.879166115263972,-0.868026920617182,1.30551761880281,1.31626767942123,-0.879166115263972,1.31003247334844,-0.879166115263972,0.690680792333135
attf-6,-0.521009984644075,-0.0290647976133967,0.844241786753399,-0.351371411957175,-0.220571092643152,-0.513279315515703,-0.58049637026522,0.0841800328815694,2.88917911228759,-0.795315225883023,-0.563646620412358,-0.795315225883023,0.552469112894563
Y60C6A.3,-0.378040467933044,-0.408551128702226,-0.408551128702226,-0.3870878509023,-0.408551128702226,-0.395824369149197,-0.14432658012693,-0.408551128702226,-0.408551128702226,-0.408551128702226,1.16410265820136,3.00103451082569,-0.408551128702226
fbxa-219,0.123019976441948,-0.994573767527012,-1.02703145024079,0.851987419916705,-0.0510511429800426,1.29890026612483,0.304539423903645,-1.02703145024079,-0.0532230403835765,-0.325321966812432,-0.332344869602939,2.25916205164124,-1.02703145024079
rpoa-1,0.697195253158826,0.236725801792471,0.693732697765922,-0.479864703599318,-0.730202479262542,-1.29456840717445,-0.0604925797750749,0.310856020302003,-0.373019403874474,-0.929338741429754,-1.18853302338814,2.32101883796533,0.7964907275192
laf-1,-0.643963103590346,0.10619771154625,1.12423242856992,-0.935810383858641,-0.488977428535837,-0.628749093612197,-0.295114538033195,0.318653281874612,2.73976551568352,-0.258646508650292,-0.972322459493352,-0.24545098565705,0.180185563756614
C30B5.2,-0.36328020563936,0.128043019401855,1.59354452579931,-0.252757307724457,-0.535305431850201,-0.43953509867805,-0.177484042421396,0.0350269993739096,-0.665811535162342,-1.51045487571134,2.42192470024655,-0.359891863679516,0.125981116045048
amph-1,0.123166553011798,-0.0844481051633506,-0.150834870128561,-0.873176716905527,-0.00407013140540702,0.00470142439153079,-0.246701964082152,-0.218110332563214,2.28564655838432,-1.43072698816317,1.59179705824266,-1.12384642961933,0.126603944000415
mca-1,-0.278279425265902,-0.278279425265902,3.32818532314507,-0.267111645220143,-0.278279425265902,-0.278279425265902,-0.278279425265902,-0.278279425265902,-0.278279425265902,-0.278279425265902,-0.278279425265902,-0.278279425265902,-0.278279425265902
egl-3,-0.279201902985962,-0.231994894570306,3.32782612426164,-0.284837741632386,-0.284837741632386,-0.284837741632386,-0.284837741632386,-0.284837741632386,-0.284837741632386,-0.284837741632386,-0.274193422467599,-0.284837741632386,-0.263733971178681
dsh-1,-0.488752075327031,1.37652690491394,1.97261445938605,-0.914224832098673,0.235906736295278,-0.714615205957213,-0.822334145891,0.453127307125736,0.846048079035619,-1.32698906723005,-0.658147227949505,-0.6043630403964,0.645202108093251
C34H4.2,-0.466448903015056,-0.677479733933076,-0.677479733933076,2.60361477296277,-0.23218712879952,0.499301649775915,0.238561359407713,-0.677479733933076,-0.677479733933076,1.44910796226085,-0.367881460262873,-0.336669582664411,-0.677479733933076
kcc-1,0.0032264421986698,-0.573316667147556,1.43868262883867,2.42556566479981,0.937399896716073,0.153088463141114,-0.452206902980336,-0.629921647375547,-0.71631403365471,-0.71631403365471,-0.506119089685336,-0.71631403365471,-0.647456687541428
F59B2.8,-0.563181825125626,0.376665980399121,2.90586233644536,-0.625815838161559,-0.103125591221889,-0.493471290240495,-0.574906920844854,0.722660942677116,-0.478078711640945,-0.703688349627061,-0.298223177729646,-0.703688349627061,0.538990794697539
dyf-7,-0.277331823717012,-0.213928349928959,3.32744595193552,-0.288626619387361,-0.288626619387361,-0.288626619387361,-0.259914798110867,-0.288626619387361,-0.288626619387361,-0.288626619387361,-0.288626619387361,-0.288626619387361,-0.267258025079797
cct-6,-0.100317695003596,0.568569382795064,1.96142331952468,-0.785968385629552,-0.787243833927017,-0.93987925312036,-0.415101071622837,0.326399955229905,1.87034775585517,-0.593388908439739,0.071312519472008,-1.24864495016076,0.072491165027035
ucr-11,1.14386232635372,-0.30738097895903,-0.887672702760948,0.847734645000932,0.617325641368706,0.860719558836306,0.346717532079431,0.17091816012261,-1.1196065098681,1.18664538298061,-0.663930913699778,-2.17166141985345,-0.023670721601004
cir-1,-0.633940169114947,0.462590080922171,0.913303901796626,-1.1106267381015,-0.97612847699901,-0.981293920686892,-0.978762375852573,0.341270983750501,1.92259010541369,-0.834629602317388,-0.0867028297765055,0.965933371927298,0.996395669038536
eif-3.C,-0.0128321529165106,-0.423811023618048,0.331873654494175,-0.063583162768068,-0.0433950970770824,-0.260141643993877,-0.513613317344053,0.170001952143455,0.252633781851791,0.124626951477577,-1.69948175143789,2.81403414859078,-0.676312339402254
chpf-1,0.33298864647168,0.429473982749902,-0.71480110464287,-0.729175270450167,0.780083274152397,-0.44171299175307,-0.0146141682291376,0.185078839765839,-0.0562312754951974,-0.124800584594703,-1.43236870836795,-0.861735010882992,2.64781437127626
let-607,0.251185558860757,-0.151975743563064,2.2690956683512,0.111181544315206,1.33691863764222,-0.135318780611382,-0.447047608169492,-0.761929146110884,-1.62144610614021,0.0340110961984786,0.239195054017792,-1.2129350521406,0.0890648773499759
sftb-2,-0.329672942409542,0.540000349684959,0.0172622307651153,-0.804815515728108,-0.400084431011536,-0.484370922231001,-0.552973874287197,0.882168862395576,2.67107953287908,-0.995579163537816,-0.663064143912993,-0.610907484417472,0.730957501810935
tag-325,-0.422358992555577,-0.21219073498928,0.292618947488901,-0.941082240398966,-0.249158364088779,-0.728355800207814,-0.450694405423725,0.188991083344949,3.00523864230083,-0.742822051970315,-0.0559706447591834,-0.252999826438384,0.56878438769734
dhs-19,-0.494783544577945,0.161198223446337,2.42635377498716,-0.249915821986725,-0.51999976832638,-0.596179277502696,-0.659871379474147,1.00595764360354,-0.659871379474147,-0.659871379474147,-0.543784028778376,-0.659871379474147,1.45063831703167
F09F7.6,-0.736979134868947,-0.323332613435053,0.481733432758684,-0.461300790475199,-0.797137239870444,-0.575663675324413,-0.442144734524395,0.50664952971618,1.75091301804385,-0.822787047024935,-0.80151054568044,-0.0371948483924905,2.2587546490776
ZK1010.8,-0.268766763889243,-0.227005843859054,-0.338736749176658,-0.715502523028331,0.219487069062155,-0.410114455933512,-0.475182016491903,-0.496523419134001,0.949793741658637,-0.604222981557208,2.89873511439213,0.346185348164751,-0.878146520207762
eif-6,-0.235293687203982,-0.334937194474949,-0.385302878987499,-0.0927799513323403,-0.40998493914138,0.790241118409013,0.0776099532418057,0.552385969696632,1.96245373123969,-1.60434715809586,-1.75862101781233,0.621788229245606,0.816787825215604
vbh-1,-0.96900757222826,0.0167273444194129,2.28806196969703,-0.951347184928361,-0.974015058008676,-0.944060363386942,-0.732742764192731,0.837592539048275,-0.343694087339919,-0.243276816035781,0.955462865671459,0.2221793440221,0.838119783262399
ZC328.3,0.682422660958787,-0.75800009689182,-0.219994669886282,-0.510783784144251,0.568214199072894,-0.379126508968011,0.035595115794746,-0.821658716435611,-0.25800141125485,-1.11509536665816,2.2837936644402,1.4422235163579,-0.949588602385542
mek-1,-0.00684297692721684,-0.756218677796705,-0.161119317583359,0.0357805033676597,-0.0836601627976828,-0.156438733322363,0.91649665871715,-0.684403336564318,-0.575189298138823,-0.975525758529079,0.336522818102521,2.84944897550576,-0.738850694033543
dli-1,-0.488348572358058,-0.450629376763534,1.15356180219951,-1.07265048029876,-0.267549051146729,-0.92656701812697,-0.746407073061931,-0.0461489270236596,2.63109142308844,0.574703837996368,0.0428535437056707,-0.556545017470872,0.152634909260515
srt-42,-0.148633247229889,0.484009961362159,3.17853188986787,-0.447060490977271,-0.33624088696254,-0.516821041331847,-0.504725326997962,-0.192816112353025,-0.53263242369607,-0.53263242369607,-0.37629674722572,0.131246976832867,-0.205930127592508
akt-1,-0.181265872517708,-0.248286764701396,0.846496021515763,-0.550768013556381,0.038409350160566,-0.679933134344399,-1.06674972759202,-0.876663729379665,1.90613574718328,-0.520826987401236,1.96113117293824,0.218926037021983,-0.846604099327026
snt-3,-0.230716752725303,-0.0318648323509818,3.3096173272794,-0.356631059366522,-0.365105107880329,-0.365105107880329,-0.351022531000987,-0.33732171699416,-0.11048085992833,-0.365105107880329,-0.296961284964993,-0.210599477757296,-0.288703488549842
exc-7,-0.428567784957771,-0.372961849078905,2.66511310340525,-0.446507799408015,-0.431452766347278,-0.454062194279282,-0.439778131423789,-0.37221964924876,-0.21189520104331,-0.454062194279282,1.75210091010302,-0.454062194279282,-0.351644249162595
mog-3,-0.362165735722237,-0.139903445294974,2.25531437966973,-0.82704190403424,-0.721774658595534,-0.580436537402679,-0.30419191292625,-0.223140857757204,-0.586762917277848,-1.19359658895464,1.34291308631364,0.119304696079154,1.22148239590308
M01E5.3,-0.443732770911337,0.231186954360192,2.0417756841055,-0.693552411996033,-0.387773964121205,-0.444686312908955,-0.468589187977472,0.573270028668422,1.9639024971553,-1.00744467701026,-0.534100522834678,-1.00744467701026,0.177189360480794
C49H3.16,-0.315590270777443,-0.298552021708586,3.30977808235323,-0.315590270777443,-0.305274001985781,-0.315590270777443,-0.29339343785455,-0.273602950617517,-0.315590270777443,-0.315590270777443,0.0701762252553004,-0.315590270777443,-0.315590270777443
alg-1,0.12468623107046,-0.00665030017753736,2.36348513817563,-1.1866030630198,-0.373924953078163,-0.803388954362404,0.203751750689879,0.416931220731897,0.45860118697696,-1.63553953634007,0.366538491487238,-0.659452402582315,0.731565190428224
C29E4.12,-0.601177607656891,1.6710515103622,0.371116282679243,-0.689530031005499,-0.577475627503852,-0.877738101251653,-0.618532449936909,1.66545114397206,0.305298319459594,-0.290789810813752,-0.796855202106935,-1.01806768316654,1.45724925696893
T01B7.5,-0.154410125427151,0.661500359868437,0.909838704003549,-0.830550030143516,-0.316924978921915,-1.21624741635838,-0.706286115834836,2.12007500092662,0.0629042340778123,0.0388291044742618,-1.12404542601349,-0.728464556777477,1.28378124612608
F20D1.3,-0.389913917063223,-0.416371284218148,0.380409903027518,-0.506633252674296,-0.311057272374231,-0.583358429206658,-0.365567013226092,-0.476422757276308,-0.534277150234482,0.853303781949803,3.03736183448917,-0.337626194543429,-0.349848248649627
uaf-2,-0.10562127919661,0.797755849378454,2.16134413906263,-1.18867575161219,-0.64506871018368,-0.90232982356708,-0.875395405971625,1.04595601365033,0.859893599544293,-0.750287811459862,-0.449162239406248,-0.553855483691944,0.605446903453524
ephx-1,0.773712874832898,-1.24736037027882,-0.92229007685239,0.347240025614099,0.256156403892016,0.835013434378524,1.31831511867117,-1.32341148716084,-0.460831437855877,-0.163564548896444,0.211079253400718,1.64873911440648,-1.27279830415152
Y54F10AL.1,-0.144550287515079,-0.63952772041383,-0.460018629795595,-0.251151550287607,0.861022426169456,-0.53596688127658,-0.728243705918348,-0.210642860989887,-0.122811189707766,-0.218106805321729,-0.746989169031271,3.00580959041525,0.191176783672991
blos-8,-0.58653944519246,0.000502819743270394,2.80196988086861,-0.672014002825979,-0.645896326379196,-0.617882543967568,-0.732208214288124,0.358097524126557,1.02300985169879,-0.845160341307519,-0.306640392688421,0.0395306781340021,0.183230512078039
cup-14,-0.691531696975287,0.236547860396755,0.875581013837447,-0.887790436306586,-0.774133815589182,-0.643802225842828,-0.486509373992286,-0.596455541632646,2.42851008538988,-0.339072686602059,-0.178541027829105,1.45094862157976,-0.393750776433862
F54D5.5,-0.704606246942297,1.05066262863698,0.650414072415322,-0.716029961697332,-0.716029961697332,-0.716029961697332,-0.70184574303481,0.4999850286449,2.16242632333726,-0.716029961697332,-0.637208017049863,-0.716029961697332,1.26032176247917
T03F7.7,-0.776130825191597,-0.0770794718136917,-0.456942443167364,-0.560690065022986,-0.776577998913877,-0.442591458340838,-0.790316792700788,1.0202745859826,-0.837078910249924,1.40106195936981,0.201184889485308,-0.276483212492953,2.3713697430563
ugt-39,-0.318268283786997,1.84271607735026,-0.981784003383644,-0.331051507507931,-0.670651115923793,-0.796138104177546,-0.376012786486753,1.10887228401998,1.5669788894247,-0.981784003383644,-0.907194550035264,-0.0115783285634227,0.85589543245405
ttr-34,-0.516674924115943,-0.737049021171883,-0.600624753782877,0.178643607047334,-0.252749049555612,1.84313769019798,1.249187307356,-0.737049021171883,-0.737049021171883,1.93966171958111,-0.532084383109119,-0.404345587937646,-0.693004562165583
Y52B11A.12,2.04835929139656,-0.389176840142078,-1.20249250955017,-0.137017389419036,1.62601723719704,-0.553420679821712,0.276933300443596,0.0601861708637128,-0.793693445606317,-0.746046540126622,-0.924570086581563,1.01786957767382,-0.282948086327232
arx-7,-0.141353667448694,-0.134909499329129,-0.281724429352796,-0.664936364313026,-0.244077027061186,-0.612060617333132,-0.469007587307696,-0.414147789540614,0.664085274341378,-0.625710728507538,3.11440968941712,0.084163332065419,-0.274730585630112
somi-1,-0.409151480116548,-0.187804299895546,3.24056214172436,-0.403160274953474,-0.412414269663675,-0.441213154661051,-0.353986803578353,-0.0383400965733045,-0.441213154661051,-0.441213154661051,0.120779082355157,-0.441213154661051,0.208368619345589
F10E9.11,-0.181758821829973,1.17851750468136,0.785406914880183,-0.724370464522075,-0.601238585370827,-0.779613833653289,-0.851701545730734,1.6707032757245,0.233326422154376,-0.587481019573331,-0.769690274972198,-1.05744056617119,1.68534099438321
mig-38,-0.538417836063602,0.0946509998214256,2.65593156911488,-0.952861294945712,-0.37332069028495,-0.890296621756886,-0.594981172139325,0.171315759816039,1.22312956860532,-0.711903865244024,0.464514872100621,-0.440064039171809,-0.107697249851978
mrps-5,-0.587898750914449,0.20783398882798,-0.511680659040518,-0.514633415895784,-0.578292320605542,-0.578812718820685,-0.583691014146476,-0.0787559992934014,0.442180156832996,2.96946107256462,-0.880529646272492,0.485666331600956,0.2091529751628
soc-2,0.667894195679187,-1.10028552732221,1.41998629662376,-0.271645760375492,0.765267859895594,0.228378278022856,0.67187942209518,-1.21050451598752,-0.299058846914922,-1.21050451598752,-0.0852975750138218,1.63439520527241,-1.21050451598752
marc-4,-0.147591800297051,-0.871715912215435,0.0161441472997893,-0.479236682469004,0.151855690378542,-0.603908584888483,-0.779161706408328,-0.919796154992898,2.09591344119269,0.084459660018323,1.92341555334101,0.449418504033742,-0.919796154992898
scav-1,0.903197129251832,1.11479359751865,-1.83715866798594,1.2543489966203,0.433089828343857,0.420931752350103,-0.411304016475293,0.392236671457919,0.511479105095815,-1.25540707297027,-1.57015561310748,0.0458874752182008,-0.00193918531770588
swsn-2.2,-0.542706253668755,0.872156835526554,-0.29746804373528,-0.754306407049928,-0.510080493778379,-0.627276665585972,-0.650530069553066,0.734538204579509,2.03845864591338,-0.411468332237271,-0.680286570750153,-0.915919222372272,1.74488837271163
F41C3.8,0.243982868590269,-0.570333360104913,-0.851928940115607,0.0753579980297368,0.0914450045607729,0.445398427957966,0.376321901177116,-0.851928940115607,-0.629816698862446,-0.708875510024839,2.83285546132722,0.399450727695936,-0.851928940115607
lin-38,-0.378778851037674,-0.00989028253060897,-0.0238494578425205,-0.575851190808036,-0.509670635093322,-0.605876214138307,-0.554060670807129,0.0731903993756739,3.07432488198411,-0.630510040961705,-0.435364829847146,0.724301530996845,-0.147964639290179
agl-1,0.0243662966359823,-0.206075495127979,3.12867589520766,-0.0456927052639704,-0.448163907001264,-0.602508407525527,-0.0226615730193835,-0.109018451435722,-0.440552934516358,-0.712927008353347,-0.355489206233486,-0.712927008353347,0.502974504986741
pros-1,-0.287912853846982,-0.200027631551249,3.32508889313541,-0.300968822541025,-0.300968822541025,-0.300968822541025,-0.300968822541025,-0.259587017515884,-0.300968822541025,-0.300968822541025,-0.300968822541025,-0.300968822541025,-0.169810809893101
K07F5.15,-0.658259752118054,0.711192985098438,1.96961763816708,-1.08245471602525,-0.492978528144401,-1.00725973582791,-1.04609803373502,1.00394664461832,0.878060733012034,-1.16860467780246,0.118862787832994,0.0710027325808967,0.702971922343334
tmed-10,0.531951561560163,0.175261849882585,0.33911772903755,1.35034024504052,0.351666978345702,0.460067522967981,-0.192117186948288,0.864764351844203,-2.51017296293712,-0.0268399317245389,-0.470147622291935,-1.36518693332694,0.491294398550134
T02H6.1,-0.614429767429985,0.195052075920338,2.32132776790073,-0.529533173344204,-0.659378858707861,-0.779783788718785,-0.802567949761957,-0.558334763720123,1.95904595311066,-0.0631112350955292,-0.186590317867941,-0.126182041466868,-0.155513900818473
ZK632.12,-0.00589892005868608,-0.725338179847445,-1.03666319245535,-0.0131431571215814,0.762974769602056,0.180340545283615,0.473416849152174,-0.426483133687967,0.406217444477191,-1.55537529441281,0.985920044802351,2.11515680005401,-1.16112457578756
Y39G8B.10,-0.532405888854948,-0.598409525206806,-0.605822050583651,-0.276018281392273,0.28328135804818,2.1823864176422,-0.432685990780949,-0.605822050583651,-0.605822050583651,2.12405232600327,-0.494267562385791,0.167355349261718,-0.605822050583651
gale-1,0.751652977142965,-0.324206066198145,-1.58891922552204,0.00286677278956424,1.42029287366667,-0.572261968565491,1.01336932761213,-0.476919597706901,0.883645370010479,1.14125555522017,-1.56065173481225,0.12879828986396,-0.818922573501102
ucr-1,-0.20130159463579,-1.01260509819172,-1.6574156396475,0.622588406102272,-0.0548092145285302,0.132059213266878,0.388156917609941,-1.15355962231073,1.81150413326358,1.55731700374551,0.151632479386303,0.154089404768287,-0.737656388828487
gei-17,-0.206857180200722,-0.787044457053448,1.31228462120662,-0.728890680952596,0.781147773532009,-0.497200550706271,-0.627232568819547,-0.434309270808512,-0.815639003596699,2.49989413030211,0.491957531027959,-0.491583043615532,-0.496527300315372
sex-1,-0.572358299636837,0.628024699839948,0.878031947531821,-0.652604359866627,-0.513646429620975,-0.652604359866627,-0.652604359866627,1.22751670484608,-0.326635517506967,-0.652604359866627,-0.547904907589658,-0.652604359866627,2.48999360146972
ash-2,-0.458091862308009,0.463556583125502,1.53455565138293,-0.770939416318892,-0.409196746057352,-0.832342705716382,-0.402810065921802,-0.149447307541721,0.0233928774770545,-1.24048315193858,-0.546817774676041,2.35729292228849,0.431330996204807
C44B11.6,-0.303213513486347,-0.274779221116525,3.31262905976644,-0.299262068431468,-0.24318491535956,-0.308728220880539,-0.306572926962859,-0.278763887290125,-0.351755991508162,-0.351755991508162,0.0246097713852987,-0.351755991508162,-0.267466103099831
Y45G5AL.1,-0.0498012857629987,-0.441138929792936,0.736217941931258,-0.460029760086802,-0.0979419067875364,-0.500096865059021,-0.346372514249106,-0.417019965412584,0.851571302402962,-1.12095016593818,2.83072230767709,-0.40386433535129,-0.58129582357086
imph-1,-0.431758391640633,-0.661669659993785,2.79715769739127,-0.587311285218286,0.165545476921977,-0.378705164839672,-0.472984166448552,-0.679525981074409,-0.385921433814783,-0.335361470668872,1.18638761530279,0.465765452076135,-0.681618687993173
Y40C5A.4,-0.409818808264599,0.18205163818677,-0.206891855718887,-0.432405242139955,-0.537589655941523,-0.40541986901727,-0.50874928691753,0.228315237465432,3.18375513504516,-0.569914206235516,-0.503749115955415,-0.221631215442368,0.202047244935706
cest-9.2,0.99128973301165,-0.935507888147335,-0.981104072531956,0.707454483472228,0.529785139868597,0.0969878294759557,-0.0773410758337736,-0.981104072531956,-0.750764465445405,2.0925131142002,-0.714019843332576,1.00291519032633,-0.981104072531956
Y111B2A.12,-0.258273541593563,0.251156575327696,1.71304275547109,-0.759289504078451,-0.391639388650055,-0.389826568722505,-0.991998760083374,-0.126311188233142,1.74255093795095,-1.74295290508248,0.179623279221135,0.956041310599024,-0.182123002126325
hrpf-1,-0.323923039080704,0.0358778246516106,0.376898570214241,-0.549061222780793,-0.343969065819422,-0.553213633735673,-0.640621906471587,0.0467961856581794,3.02769669888661,-0.79040456807359,0.0654563805977674,-0.79040456807359,0.438872344026949
pqn-21,-0.378588543828849,0.367965302292886,2.61549631475494,-0.631754101727734,-0.379394562759648,-0.532279381224394,-0.708152730057457,-0.00587651007732652,1.16095258645914,-1.01533119644504,0.318419737460873,-1.01533119644504,0.203874281597654
ketn-1,-0.394776811585139,-0.40001640321789,0.339663933260887,-0.393776693529145,-0.108607002378649,-0.236441925691904,-0.415409751840535,-0.443832098514507,3.23224462918964,-0.443832098514507,0.0695087474645373,-0.443832098514507,-0.360892426128282
W04B5.5,-0.308379215739649,-0.303519743329421,0.415138982241931,-0.581904456121756,-0.271736824973512,-0.410556393965383,-0.431153193142172,-0.366196673179947,0.309197740333623,-0.744936398652447,3.12905086348618,-0.536349481002926,0.101344794045482
rnp-5,-0.453958335074467,0.301888223137174,0.444255046059933,-0.656601887539765,-0.285266379758645,-0.364058357331073,-0.656162601815267,0.831280627482793,-0.951603035295497,2.51527868463325,-0.598775839571721,-1.09757607758185,0.971299932655136
math-3,1.04884067063027,-0.982638241517518,-1.12579981789325,1.04587858479979,0.26977257670366,1.15587056989888,0.37316781903984,-1.42356715448608,0.56846371323016,-0.43285756036741,-0.525758091049906,1.28141812300432,-1.25279119199277
bath-9,-0.562927651458693,0.317492234232556,0.656099369179372,-0.731413552002451,-0.570603423643874,-0.67575701425749,-0.740820970396163,1.28632757183922,0.171116321691404,-0.757272308166108,-0.169944447122869,-0.757272308166108,2.5349761782712
Y45F10D.7,-0.412959705258409,0.667138644300927,2.28359959216117,-0.788655491558599,-0.653386368134055,-0.956131020496502,-0.645931870172018,0.958771787095599,0.495084232496654,-0.50932934079801,-0.803999416089021,-0.725992666191646,1.09179162264391
M04C3.5,1.51759822639826,-0.613259522905525,-0.643409860120262,0.57130945975299,0.0552693835313783,0.0656378899228799,2.54751219818553,-0.590180955235604,-0.643409860120262,-0.643409860120262,-0.410840684882332,-0.643409860120262,-0.56940655428653
nra-2,-0.153431288183379,0.481005306933379,-0.489091489639562,1.10494947091728,-0.0647728835389282,0.585144853235503,-0.909419515006359,0.629714414640201,0.828218265837998,-1.69825438281161,0.357910103576747,-1.88371184703546,1.21173899107419
lact-5,-0.351166890768169,-0.322225837305455,-0.351166890768169,-0.351166890768169,-0.351166890768169,-0.351166890768169,-0.351166890768169,0.556866974397054,-0.351166890768169,-0.351166890768169,-0.297165448388377,-0.351166890768169,3.2230263282103
nhr-3,-0.173914768108737,-0.626225036213279,-0.264541909366359,-0.188804098439015,0.589385532074445,0.367509768619278,0.0888363396203318,-0.846393310574599,-1.02321158898892,-0.203106526108515,2.82051092432104,0.463439541696039,-1.0034848685317
ptr-17,-0.27052688578527,-0.285998380624523,3.32772224335649,-0.277239681407983,-0.266488917574139,-0.285998380624523,-0.285998380624523,-0.285998380624523,-0.285998380624523,-0.285998380624523,-0.225479713592911,-0.285998380624523,-0.285998380624523
ZC239.4,-0.274083520021344,-0.302390131982902,-0.302390131982902,-0.302390131982902,-0.302390131982902,-0.302390131982902,-0.0201583076762759,-0.302390131982902,-0.302390131982902,-0.302390131982902,3.31814314752664,-0.302390131982902,-0.302390131982902
Y41D4A.4,1.07758317916892,-0.103977010912757,0.0988048880168512,0.693749615782206,0.738155081797031,0.240456997408417,-0.182457961444481,-0.545396917480633,0.367775686276447,-1.81939439701333,1.70125247059729,-1.63085399763556,-0.635697634560404
lron-2,-0.30422513078202,-0.290101218880378,-0.104363161862426,-0.30422513078202,-0.208003733422297,-0.286276045350427,-0.30422513078202,-0.30422513078202,-0.30422513078202,-0.30422513078202,3.32254520577168,-0.30422513078202,-0.30422513078202
F59D12.2,-0.622713004816353,-0.531706027312864,1.79188673018593,-0.657732677128361,-0.657732677128361,-0.623580047740984,-0.568680796023913,-0.593548607356722,1.18951251644672,0.586014644818681,1.91639769849233,-0.657732677128361,-0.570385075307737
Y59C2A.2,-0.0900364704869742,-0.0589070917872196,1.88324898890013,-0.525568673756701,-0.548961594678357,-0.68265555285082,-0.872184343594814,-0.485406168538175,1.26849440539533,-0.67862902335623,1.90605273507985,-0.361371353741149,-0.754075856584876
Y54G2A.41,-0.318342824513484,-0.672617491147533,-0.699930077231618,-0.0387256970827223,0.025658225197778,1.14237314462731,-0.615083628791845,-0.540605642564319,-0.699930077231618,2.37007938063447,-0.699930077231618,1.39882216443733,-0.651767399102127
tag-96,1.59345338529201,-0.948535671863018,-0.721213213562443,0.309673181427542,1.12474974682814,0.625508255115046,1.5774336779766,-0.919138636644249,0.0751603586643975,-1.3345614967995,-0.326247654537982,-0.0257973399178164,-1.03048459197873
ztf-29,-0.608214317176953,0.393634699523097,-0.494216900596393,-0.615901128047315,-0.615901128047315,-0.602761525023886,-0.615901128047315,2.16066151972344,1.17289902681335,-0.615901128047315,-0.559268995866072,-0.615901128047315,1.61677213283999
spi-1,-0.370125548496958,-0.341158840684583,3.21660003760541,-0.370125548496958,-0.310434610913695,-0.370125548496958,-0.370125548496958,-0.370125548496958,0.572174936292725,-0.370125548496958,-0.222321842372783,-0.370125548496958,-0.323980840448373
F54H5.14,1.4021705067771,-0.416982755091677,-1.56134476973661,0.887640861005826,0.912013545855136,0.856265547473968,0.144824228781605,-0.59552842976577,-0.828632290777445,-1.41658366615319,0.452742306533123,1.02565749074979,-0.862242575651865
ric-7,-0.219512764726548,-0.750843693487164,2.94122235866425,-0.19092939363339,-0.707825676201203,-0.147856484550922,-0.148517054403578,-1.02399668566994,0.118805890645422,0.119495751508512,0.771913136400094,-0.0705202285670921,-0.691435155978438
pax-1,-0.278740778191549,-0.278740778191549,3.3281656242449,-0.278740778191549,-0.26201706413786,-0.278740778191549,-0.278740778191549,-0.278740778191549,-0.278740778191549,-0.278740778191549,-0.278740778191549,-0.278740778191549,-0.278740778191549
ttr-36,-0.419939891857123,2.00228543317586,0.236459032233144,-0.72655727526696,-0.654409416147077,-0.764718722809509,-0.764718722809509,0.706892913650036,1.28564246854573,-0.764718722809509,-0.713658059780106,-0.764718722809509,1.34215968668453
nhr-142,-0.282122618945648,-0.249613277898658,-0.655172937823005,-0.582171597070036,-0.433280892598927,-0.588660896311334,-0.441974936239256,0.61532219301304,2.91453603411045,-0.691987618436398,-0.521793898216734,0.0611568873754927,0.855763559041011
rbx-1,-0.882935786355962,0.669505609187467,0.687923599357207,-1.26680891773364,-0.6237092743084,-1.14195628093373,-1.03406112354419,1.76811381199922,0.594641539148936,0.400847499159312,-0.387504234039901,-0.229243987884142,1.44518754594782
fkh-7,-0.339043870491338,0.318712786013512,0.603254185637789,-0.820514099919292,-0.388760708230356,-0.697108094750301,-0.754122860479792,0.0116005134807818,2.51245813284961,-0.0431265523334197,1.31965547245989,-0.871814672353443,-0.851190231883632
T04C9.1,-0.22944281130234,-0.40170363277086,2.72198787468007,-0.362615559716414,-0.392162408383641,0.557384239873259,0.989961639292289,-0.593549241514276,-1.32189311985466,0.159218862590479,0.0258118580136737,-0.504496450358727,-0.648501250548851
prp-6,-0.538611669572131,1.06130186956375,0.603643774089781,-0.847911640886513,-1.07586813392468,-0.884383110940271,-0.922989303890192,0.415673792747122,0.996498843328977,-1.6724852305614,0.944562140227685,1.02799597730911,0.892572692508762
gpx-7,-0.0431326022238393,-0.614615027241941,-0.62585037523878,1.1624987894456,-0.383519603899753,0.356527187606261,-0.147144674802705,-0.62585037523878,-0.62585037523878,2.8480897984102,-0.545310486575958,-0.15050062085042,-0.60534163415111
Y54G9A.7,-0.0768117415791294,0.244371964897846,-0.155202695245079,-0.126827333383389,-0.00543851020279079,-0.108931705003138,-0.648029594652865,1.60059233494672,-0.781149437035239,-1.54920384227976,-1.26351520633074,1.73080025301571,1.13934551285186
sel-7,-0.361982731659371,-0.403064767389781,1.44520892473101,-0.403064767389781,-0.403064767389781,-0.321765378621145,-0.403064767389781,-0.403064767389781,-0.403064767389781,-0.403064767389781,2.86612209205753,-0.403064767389781,-0.403064767389781
gon-2,0.0887474063389474,0.575968516042137,-0.626697633904889,0.123289895040765,0.840766974358433,-0.678854810502344,-0.889189855035069,-0.286146135540998,2.48896684711874,-1.70211772207729,0.0664563177492548,0.239805620060763,-0.240995419648461
tceb-3,-0.515577960324628,-0.257708029437565,1.95132567375821,-0.705104075671719,0.1181970783666,-0.627410266528047,-0.48237534337972,-0.127858233785995,-1.35923216376599,-0.880312732796442,1.89447271319481,0.456003480744465,0.535579859626021
tfg-1,0.221775253115524,-0.501273612432658,0.3973559058384,-0.0450533168703571,0.425929284673762,0.134239148782579,0.224660647886227,-0.352611743203123,-1.77859668938376,1.63648178189445,1.50716575539891,-1.74242793197439,-0.127644483725566
cfim-2,-0.479827820041748,-0.152219723311993,1.21178360736025,-0.652277435853864,-0.549312668487717,-0.421666063664912,-0.404918182865634,0.487405414293985,2.48983199531041,-0.926700564226564,-0.54556379265383,-0.926700564226564,0.870165798368186
Y43F4B.10,-0.728020703590949,0.988875945078371,0.140453863065533,-0.95643962749734,-0.60790476358204,-0.958051693794354,-0.594231909176188,1.56230321690722,1.2158705298213,-0.717424185542997,0.275697124454541,-1.101972515344,1.4808447192009
rrp-1,-0.426461323678904,0.982965715252085,0.205281108789294,-0.782258833083853,-0.163617417353983,-0.833862305710275,-0.572408540928133,1.59788174636492,-0.495589143107488,-0.426335972183141,-0.983251762081632,-0.355042755830576,2.25269948355168
ugt-12,-0.387337283144869,0.463593972173673,-0.784351907081417,0.0683969066646798,-0.399705364348026,-0.675271238999645,0.0454792233157008,0.546743341027209,-0.505468766216451,-0.778093186027877,-0.837931069848515,0.342565559009435,2.9013798134761
cdk-1,-0.485169129029962,2.32909858097342,-0.313923150906713,-0.529893869138508,-0.529893869138508,-0.479135627456264,-0.467044460606065,0.689274353593657,-0.529893869138508,-0.529893869138508,-0.529893869138508,-0.529893869138508,1.90626264826297
epg-4,-0.604534360650982,0.722326759132002,1.29879888002134,-0.863776673009631,-0.490018324484385,-0.632907384244634,-0.584359773780848,0.621471729483958,1.96518027993506,-1.03452580740985,-0.425264155860847,-1.03452580740985,1.06213463827867
scl-2,1.60847216479133,-0.752303869538782,-0.815901197109395,0.811208431532387,-0.58181897306327,-0.808008059202476,1.31417747399379,-0.815901197109395,1.41354009045311,-0.815901197109395,-0.519954679334883,0.757115709561268,-0.794724697864281
apg-1,-0.152520606980148,0.341184096899408,0.657096098894735,-0.538255353035312,-0.399955211674117,-0.569118194591883,-0.446946069424532,0.166256765011674,2.54363518574329,-0.954964152441711,0.491295273147462,-1.60735713810155,0.469649306552688
zhp-3,-0.612073526365219,-0.27479982386416,0.736432139974682,-1.05695195090412,-0.529768445111717,-1.05623742135445,-0.580000581700539,0.959012209263385,-1.33473266970357,-0.21481460464245,1.57179982245074,1.39432013472692,0.9978147172305
lin-35,-0.598867292344567,1.59033615601861,-0.320052812177854,-0.810752447353445,-0.631135436770958,-0.574502986745035,-0.811018184970424,0.952733090803333,1.88509276706875,-0.419693295254242,-0.497254472618423,-0.895847782356214,1.13096269670046
E02H4.7,-0.44819921147266,-0.536092388793916,-0.536092388793916,-0.0109109445614612,-0.355592054484048,1.71424939635526,0.179917328400198,-0.536092388793916,-0.536092388793916,2.60046930830962,-0.463379489783412,-0.536092388793916,-0.536092388793916
ubh-4,-0.598649029828006,0.614148360436938,-0.354082800518564,-0.777763996319247,-0.383387115380381,-0.7536950072125,-0.817523479337865,0.72276492529774,0.782754270426985,1.8280069438365,-1.30547924653647,-0.5799001036088,1.62280627874367
rsd-6,-0.420530131245467,-0.0595902819951324,0.719429710812799,-0.689456137879384,-0.4870052928884,-0.62162896393306,-0.415300387937077,0.299647244472352,2.98290066663419,-0.069511568569239,-0.821937751846017,-0.579826057403402,0.162808951777836
phf-15,-0.0591768269980197,-0.0135270925336897,1.16651545276656,-0.874135441913976,-0.383319702905133,-0.875298351476062,-0.74480842854189,-0.0215836442405022,0.883511775876501,-1.27414573162173,-0.319310513566708,2.42679382192646,0.0884846832281837
F40E10.6,-0.469669275257047,-0.239229987232361,2.36900213593252,-0.33591934555739,-0.592851411569368,0.0103660693898955,-0.330334948490919,-0.105151865562783,-0.998096861353583,-0.644095518679295,1.74110031602103,-0.909970777110326,0.504851469469635
igcm-1,-0.571796602259734,0.0268918856037097,2.11322053779263,-0.674520371388263,-0.601241511182559,-0.674520371388263,-0.658138447859768,0.0407702245652065,-0.424636361883128,-0.674520371388263,1.91815452848479,-0.674520371388263,0.854857232291897
fbxc-58,0.324652817848154,-0.727614425861075,-0.560137095653596,-0.0532484988392848,0.675815454417187,0.60566792577046,2.62033600986125,-0.832084941138359,-0.832084941138359,-0.35484325761805,-0.777209185298058,0.742835078788087,-0.832084941138359
attf-4,0.00282431480277415,-0.353108758910497,-0.185768528363078,-0.15022082096701,-0.208334531972291,-0.503094121343034,0.236587672792809,0.090463542160367,0.246762489702266,-1.01852035138671,3.04747552202186,-1.01852035138671,-0.186546077150748
gad-3,-0.569847191410703,-0.0601719989166212,-0.592387651357899,-0.592387651357899,-0.552002482792722,-0.488426268668802,-0.500512204455485,1.29975374859423,2.12561736533712,-0.592387651357899,-0.592387651357899,-0.592387651357899,1.70752728910249
ham-3,-0.416684180776777,-0.082360235280154,2.99722317245868,-0.524957244018944,-0.321023919055356,-0.472034272982641,-0.501296393057876,0.409022924372852,-0.676450755448958,-0.676450755448958,0.459305776151422,-0.676450755448958,0.482156638535668
tag-30,-0.0948260156729576,0.536243409983059,3.07104427046171,-0.49544092360365,-0.390792963062923,-0.376000999477233,-0.290386508263632,0.120510265754117,-0.726280333813258,-0.726280333813258,-0.103125887358911,-0.726280333813258,0.201616352680192
M176.4,-0.665533090524771,-0.810800913369104,-0.479892522315033,1.67281621143828,-0.441126742660575,2.15285053165996,0.189437351180577,-0.858376480084875,-1.05010973698338,0.0946708641508149,-0.649804468916013,0.857282117131672,-0.0114131207075554
pxf-1,-0.598843977061705,1.07270567342825,1.78004849908593,-0.984940735390305,-0.417831306287194,-0.827997750242529,-0.71438662266434,0.0954586935854297,-0.80647836352951,-1.02692906836393,0.0219955790878231,1.63348615261642,0.773713225735658
nhr-56,-0.030941792007279,0.132081756560003,0.264179569280118,-0.534942450294884,0.00242640765760722,-0.564308040517881,-0.230837263080621,-0.190376434182534,-0.383481527870447,-0.662034571048911,3.17705424723765,-0.662034571048911,-0.316785330683914
gpb-2,-0.379730952064117,-0.342994620333754,0.710857196126261,-0.588936832194579,-0.263748999083276,-0.466996353562157,-0.392311761425084,-0.57837999996354,1.31300488319612,-0.845191561504536,2.69751760716116,-0.537659020607643,-0.325429585744857
plk-1,-0.597783813298462,1.4854040297458,-0.344484990002813,-0.610015628056902,-0.607134986733212,-0.604645680324889,-0.620195361859451,1.71929749932044,0.00695239294294835,-0.620195361859451,-0.539091870851493,-0.620195361859451,1.95208913283694
tat-4,0.556750339293519,-0.849686907287624,-1.03982035099296,0.130844398015073,0.348259841633154,-0.50054568650782,-0.142422262831742,-1.03982035099296,2.29833061639966,-0.377997289249282,1.44277799326772,0.110051588454019,-0.936721929200764
C16A3.5,-0.396318416352093,-0.268548442195993,0.19510532158495,-0.0447329809972669,-0.618987838399478,-0.232436053498657,0.0462152404392061,0.347511761963505,0.660541646176233,2.48831329308817,-0.646600774258548,-1.98035370054098,0.45029094299095
clec-62,-0.189337805364527,-0.44987507426289,-0.44987507426289,3.19969257411219,-0.259465252430819,0.431312849432145,0.176272851734035,-0.44987507426289,-0.44987507426289,-0.44987507426289,-0.400603133459308,-0.258621638446374,-0.44987507426289
C53C11.5,-0.503349559558862,2.2369422926061,-0.19869743668335,-0.946884939896798,-0.509671419449846,-0.963326355499025,-0.88621756552034,0.649223910501827,-0.147763326809299,-1.04446144155387,1.2673768294966,0.254047159300812,0.792781853066048
nhr-69,-0.48729457444217,0.0935398451482452,-2.07808996444065,-0.739347322670686,-0.363245142471429,-0.609518072143329,-0.36963198803469,1.19184382270809,1.57571699698267,1.01624401173319,-0.188076701133278,-0.160745101316307,1.11860419008034
K10G4.3,0.0637120672302762,-0.454996041048071,-0.454996041048071,-0.176628873852792,-0.304946030457344,-0.442275131432847,3.1670400458873,-0.454996041048071,-0.454996041048071,-0.454996041048071,0.608006961852239,-0.1849327929384,-0.454996041048071
F47D12.6,0.628262749844967,-0.850737719516408,1.4823981489298,0.462610530847648,0.146341827895556,-0.347566582396289,2.21578617471023,-0.744597962237872,-1.02478230520371,-1.02478230520371,-0.654285485421364,0.23879518479781,-0.527442257046652
hil-1,-0.361060954421123,0.0300043209272711,-0.0617383153663589,-0.361060954421123,-0.246155542699004,-0.361060954421123,-0.361060954421123,-0.261037865175869,3.3023201608212,-0.361060954421123,-0.278195506545833,-0.361060954421123,-0.318831525434666
Y50D7A.3,-0.0915219711167518,0.116263408849678,-0.00270120064215146,-0.502921036668062,-0.285268760015437,-0.542071555702964,-0.40453797243191,-0.226146926855594,3.23662871932796,-0.571886456275752,-0.534685005916435,0.0231244258637781,-0.214275668416358
R10E4.1,-0.810641416151205,0.297338603705216,0.711686669386212,-1.1048603462681,-0.605532306078695,-0.945997433064358,-0.385849881804002,1.32384602067174,-0.870035460591356,1.43840310829189,0.814133113110078,-1.12831982701568,1.26582915580825
slo-2,0.858686477721392,-0.642092894674988,-0.600383678304811,0.246254872467139,0.140222888131659,0.235845729080532,0.145661480241178,-0.837445679840211,-0.567373397936412,-0.931361974326416,2.75739226142583,0.104522135354371,-0.90992821933926
rhi-1,-0.333746681518372,-0.854482629719757,-1.09936591231485,-0.634216673952718,0.405800455035255,0.196831378816854,1.78078776600226,-0.294390838950198,-1.74603190631613,1.00682185318066,-0.0500875705438232,1.40515709078429,0.216923669496534
ttr-15,-0.370542885947224,-0.484919894009487,2.92595559246525,-0.342736634192568,-0.378931013596733,-0.459834138172312,0.994125037417375,-0.541395022523465,-0.541395022523465,-0.541395022523465,0.58463823436519,-0.541395022523465,-0.302174208235628
let-502,-1.16754585322956,-0.0992351963195089,1.00266454434809,-0.912456024159865,-0.739176088042218,-0.503100375428469,-0.760390161536506,-0.434373412580093,1.24231026529252,-0.215028186633153,2.36769246374768,0.149762328274172,0.0688756962669175
tsp-10,2.90834963765054,-0.480923933712215,-0.494039675047537,0.367930744446705,-0.494039675047537,-0.494039675047537,1.10983651595761,-0.494039675047537,0.0360721583834395,-0.494039675047537,-0.482987397393312,-0.494039675047537,-0.494039675047537
mig-39,-0.286750481857017,-0.330619995700258,0.15951148462626,-0.330619995700258,-0.307469835342985,-0.330619995700258,-0.218166730334051,-0.330619995700258,-0.330619995700258,-0.330619995700258,3.29783552850986,-0.330619995700258,-0.330619995700258
Y6B3B.1,-0.317271125755625,-0.111215451786305,3.30958010025158,-0.339782078600314,-0.339782078600314,-0.339782078600314,-0.339782078600314,-0.263316305607112,-0.339782078600314,-0.339782078600314,-0.265113899801482,0.00430445252346696,-0.318275298222639
snb-2,0.271046516943769,-0.878286614977671,-0.960393755779314,0.120563867236565,-0.0497122131549029,0.157347993518648,1.25820041097894,-0.92144607609538,-1.00743999488814,0.980257678710939,2.20214759678671,-0.235092340426124,-0.937193068854042
krr-1,-0.449125724741753,1.48324214297795,-0.0210776386367603,-0.760726281620028,-0.442872345191261,-0.861592131045823,-0.779814371799424,1.15525802499421,1.13796819147859,-1.2635813975111,-1.00508203269625,0.354717107031232,1.4526864567604
F14E5.2,-0.316559886031588,0.720492240206351,0.0607299922456693,-0.0216651297298867,-0.315264673946775,-0.93244957431692,-0.633724304873464,0.173749911829943,2.73011043222573,-1.4538786181027,0.235184605855104,-0.525145580948089,0.278420585586629
inx-11,-0.470595209058111,-0.633837098423606,1.07434512149464,-0.633145848730515,-0.592955996060366,-0.658795173713907,2.43843717455779,-0.591393082411063,-0.222227046387344,-0.669806124307793,1.34032307465551,0.241997534430973,-0.622347326046199
yap-1,0.0631867657561467,-0.832699477912891,-0.10737266563811,-0.0464164059958532,0.188696834680624,-0.196984696557517,1.04497726276212,-0.903104679346064,-0.703263548700036,-0.167834125951195,2.83331855882114,-0.400340564248811,-0.772163257669548
tmed-4,0.898992205975751,-0.216330777562925,-1.32962954099707,-0.0796614614573794,0.165290259474826,-0.0515093707939627,-0.533244993861594,1.00732909483255,-0.51051405688504,-1.8170346190113,-0.361970488964255,1.83179041264972,0.996493336600683
ubc-18,-0.304142870727882,-0.187727224545594,-0.813632044818863,-0.331278858185173,-0.428394466253593,-0.487508866352555,-0.501948384161618,0.52607179815933,2.24543159381794,1.61281151036825,-0.673349691501497,-1.28699688893698,0.630664393138235
unc-89,-0.314204499728508,0.0284063517411899,3.31215562289967,-0.320588211084461,-0.320588211084461,-0.320588211084461,-0.320588211084461,-0.306335688511839,-0.320588211084461,-0.320588211084461,-0.195690327697466,-0.320588211084461,-0.280213981111818
T01C8.3,-0.343011680999775,-0.0569877053151009,-0.494345444336052,-0.535651151779887,2.78052552353125,-0.437224923005117,-0.541485782100017,-0.517574000217366,1.34214650093137,-0.541485782100017,0.428066009590748,-0.541485782100017,-0.541485782100017
got-1.2,0.141864111420184,-1.05804122439705,-0.743614860888321,1.06338121052691,-0.368121791311104,1.08827417799979,1.42104490908138,-0.898375063246465,-1.39280147511704,-0.130036685190093,0.977656443784697,0.97715908019645,-1.07838883285934
sgt-1,0.417233937030878,0.383690747765468,0.000203256861781351,-1.38897914241977,0.165299616710576,-1.55850233518114,-0.928536643159101,1.83028136046812,0.463264461818082,-0.150557502455679,-0.958194303028362,1.33047470722544,0.394321838363713
vps-45,-0.643440331754072,0.194897993083075,0.977457050850826,-0.810429871236632,-0.356747689469957,-0.584051313950705,-0.543505183297278,-0.0242725344422379,-0.693533787257732,-0.974839008516708,2.70610507940072,0.635101764533745,0.117257832056959
C18H7.11,-0.569444886548139,-0.611821099215835,-0.611821099215835,0.759411869545086,-0.611821099215835,-0.255560272699972,2.57889306598499,-0.611821099215835,-0.611821099215835,-0.611821099215835,1.19879183794664,0.570656080282237,-0.611821099215835
nsph-1.2,-0.115848459586529,-1.0137444201432,-0.388319904630335,0.00985104680362382,0.786416189354595,0.65828633239494,-0.168714993839545,-1.10585362023923,-1.13373847116148,1.92767856538914,1.57563856837152,-0.0214836793802669,-1.01016715333323
gsp-1,-0.519447313299883,0.0745133988495366,0.578914240341849,-1.25142576952484,-0.73609983085019,-0.654405236305085,-0.902842074696804,0.55419933534248,1.08597775320283,-0.617641717455476,1.92409324457782,-0.854282667847422,1.31844663766518
cdl-1,-0.658477357545814,0.934492815476148,2.40152363131854,-0.68453279724231,-0.750323613415961,-0.661200028882766,-0.594715740857451,0.50232255180346,-0.280922486142646,-0.792011579463798,0.153572482012805,-0.792011579463798,1.22228370240359
sea-2,-0.605003382803526,0.00417507144182868,2.33993223144165,-0.845390067329804,-0.543775197538624,-0.777706993567204,-0.746824889917169,-0.620002992240924,1.71292663738999,-0.335064282780193,0.589474688058904,0.223895329578587,-0.396636151733508
apa-2,-0.432803310158694,-0.27746260408838,1.96505914245082,-0.741277257626452,-0.628477053810492,-0.52399197251126,-0.446142096458178,-0.132124534791988,0.00897178574067427,-0.946532263442998,2.34053189189355,0.0609918181428802,-0.246743545339479
fahd-1,0.937091030799607,-0.917329435387386,-0.416064167784349,0.152648495942415,1.61755389824848,0.74994241868401,0.386093071686034,-1.08630034807106,0.185323677974842,-1.28133031212083,-0.786748710044652,1.48960464794292,-1.03048426787003
C36B7.5,-0.370164937605567,-0.38430983659254,1.1102894697287,-0.38430983659254,-0.38430983659254,-0.374938686363413,-0.38430983659254,-0.35092560407245,-0.38430983659254,-0.38430983659254,3.03389145292095,-0.38430983659254,-0.357982838460438
nstp-4,1.2211772311115,-0.838147568119118,-1.21707253846635,0.795373755561248,1.33281605717493,0.843690977808105,0.355731928882796,-0.92441687799452,-0.731884434870886,-1.1742559835307,0.671729086641696,0.781646328152245,-1.11638796235095
T24H10.4,-0.48834157617498,-0.616331592282787,0.770557840111739,-0.533073402424194,-0.491520734565556,-0.446073495032477,-0.222113244835661,-0.447375394112926,1.96299943004591,-0.689933593450712,2.22046152833511,-0.378455627129246,-0.640800138484218
lrk-1,-0.701818831812134,-0.0186051028067091,-0.0803628402072848,-0.801003762216157,-0.562877699154378,-0.890857628377717,-0.826556984326709,0.0205046093297544,2.93124489651612,0.395082689219548,0.306740388688191,0.427686422764617,-0.199176157617142
ikke-1,-0.533287819431638,-0.200396581938128,2.75201924491795,-0.651835735511614,-0.149977091163716,-0.561042551669747,-0.71513240808185,-0.278649167772448,1.11567569083722,-1.0920081868531,0.533860817226678,-0.0628562688278709,-0.156369941731739
T24G10.2,-0.222534214583074,1.34069722733547,1.13048574069053,-0.9080960170094,-0.538312670276804,-0.507418761031678,-0.735833786063034,1.33813386581411,-0.598122783938448,-1.35018935378188,-0.775917549690857,0.313932364589779,1.51317593794529
flr-4,0.71867814239454,-0.87329833119664,-0.502290737035166,1.20952346697045,0.558916631594166,0.177755010381146,0.471799096390871,-0.826995619827824,-0.87329833119664,-0.87329833119664,-0.622005440567943,2.26870838115825,-0.834193937868567
C18E3.3,-0.102581021408731,-0.422778919391291,2.91945860976524,-0.262819763594454,-0.391433120823368,0.176976726020435,-0.0997434607667088,-0.844012638723261,0.923652535717229,-0.558136767277388,-0.505734715970206,0.105275350910024,-0.938122814457517
F22B5.10,-0.0214274015051463,1.67059889714886,-0.39350567814798,-0.889348756470564,-0.628024826701034,-1.00092730946715,-1.31460885879649,0.685991102903998,0.76466398832582,1.06151022673064,-1.36457715431743,0.524751903094338,0.904903867202141
ppm-1.A,-0.242276166610082,-0.335101445435658,2.08480608682357,-0.575506049979532,0.611102031975309,-0.18044931972571,0.202741143534236,-0.505443928641227,-1.00138061379791,-0.0665102543405727,1.86663108465958,-1.26848305725781,-0.590129511204195
eif-2beta,-0.117317309712328,-0.324800705561352,1.37360308704653,-0.669356865002606,0.215217353428325,-0.229158534191265,0.0846017461691798,-0.0100934619075818,-1.64551314388029,-0.531152920583145,-0.0317659454718472,2.47109905286014,-0.585362353193759
npp-11,-0.437505770805297,0.0985995323380313,0.360324956308592,-0.435266435848806,-0.512666189994332,-0.357542920231231,-0.533808827744608,0.369007169955191,2.97297646798857,-0.737103216856396,-0.633773154403316,-0.737103216856396,0.583861606149995
vps-28,0.536952591206214,-0.890144069512974,-0.617743981429843,-0.690161883665562,0.0396113402284522,-0.310455254344981,2.85822411899266,-0.783956003624292,0.0434555978969386,-0.84190375661199,0.395031514819186,0.5037650589708,-0.242675272924605
tin-9.1,0.176558131499088,0.240463682520181,-0.392270662812088,-0.490364958144895,0.364741392857042,-0.852902360130879,-0.841874729784503,1.75383367937491,-1.10975729244104,0.799929262265069,-1.69385827134634,0.883354805625233,1.16214732051823
gld-2,0.148264487625105,0.0960460450760815,2.73739946043892,-0.368968658276511,0.505904981153135,-0.45891254510298,-0.024003405762436,-0.100312928687429,-0.663408445975815,-1.47024384103824,-1.03029032256622,0.340453112300638,0.288072060815745
tsp-14,-0.584273666363737,0.640510505795192,2.50449394627435,-0.673266167933005,-0.573916713989575,-0.673266167933005,-0.673266167933005,0.649872742850744,1.33226525239123,-0.673266167933005,-0.326030366890348,-0.673266167933005,-0.276590860402831
unc-80,-0.452447100233016,-0.419934120017977,3.07019965318598,-0.36983233550928,-0.530104152598449,-0.521349710871696,-0.513110747550096,-0.179860046091027,-0.262134829230888,-0.530104152598449,-0.229598545844338,0.896323775450692,0.0419523119085467
C13F10.7,-0.550577287019216,0.0493083869562686,1.28899803421441,-0.875083515545422,-0.619729916704159,-0.710920430566576,-0.656417215539582,0.5323757013697,2.08238827099441,-0.969768308243254,-0.687017573022097,-0.245319515759918,1.36176336886543
cars-1,-0.998020117884665,-1.09716445983912,2.00002705747977,-0.356112256404439,-0.827804709199582,-0.32931129039851,0.501097265197561,-0.975371704940945,0.287077566926217,1.67968100525637,0.344270264526366,0.446514758059982,-0.674883378779014
rbd-1,0.0975639155761303,0.872003936591212,1.05369806924302,-0.753293720595799,-0.229604286325233,-1.17822567885275,-0.642042806035994,1.22083856317945,0.871887001203196,-0.804320581141485,-0.950305933138572,-1.15767922071128,1.59948074100811
emc-1,0.349709324112063,0.655181486063663,0.150179362211582,0.530324045783582,0.449295464467834,-0.640984235220555,-1.04663362201754,1.3815871796231,1.17574451008981,-1.37184678692878,-1.30740495355944,-1.28087427908315,0.955722504457826
sptl-1,1.21804177854539,-0.466237833835426,-2.12167120011004,1.03654479490882,0.832986201067662,-0.535041208091896,-0.40292908833676,-0.986258076466341,0.326272032713023,-0.289085136294281,-0.319679280907916,1.50875764325895,0.198299373548811
C16D9.4,0.972135412247727,-0.52519703011363,-1.0132602189239,0.416223172600539,2.06941756173536,1.33236764607016,0.692296251608629,-0.919437835393695,-0.687311008656066,-0.343002793622345,-0.291358640208778,-0.661665877088416,-1.04120664025558
daf-19,-0.218693810901944,-0.101906852544667,3.1645359784075,-0.349794858061986,-0.129387912762852,-0.420305908136761,-0.238270806951135,-0.00995524994266401,-0.623624975010554,-0.623624975010554,0.519123906183097,-0.623624975010554,-0.344469560256924
viro-2,0.168354160512152,-0.988942761396046,-1.05183646111314,0.944896003935327,0.319886199916734,1.4175993641667,1.75864708399326,-0.915282794498694,-1.05183646111314,0.681808914551017,0.236119580267367,-0.467576368108403,-1.05183646111314
F59C12.3,-0.543225790131279,-0.152529410717077,1.01832066075006,-0.96209247176036,-0.266874058513602,-0.357595443608575,-0.622422557708469,0.465324704979268,1.35481470073113,-0.67401631552075,2.13402102346203,-1.43878808998688,0.0450630480245093
F36A2.9,0.36229791283759,0.793611274202366,-1.21013454428109,1.60850541148533,1.20043819037137,0.605261794735968,0.0282804426406692,0.0409329516453226,-1.17427847152928,-1.87681157780704,0.19628828129191,0.0819203449343373,-0.656312010527452
ZC443.1,-0.260838160581247,-0.28134243737033,3.32806436450758,-0.28134243737033,-0.253801830223036,-0.28134243737033,-0.28134243737033,-0.28134243737033,-0.28134243737033,-0.28134243737033,-0.28134243737033,-0.28134243737033,-0.28134243737033
btbd-10,-0.289475718609948,-0.166494579949775,2.94194734658375,-0.670025472111747,-0.39122300178861,-0.437171588665764,-0.405445078206003,-0.147231476879303,0.559077477744713,-0.816967863891876,0.768336639460738,-0.816967863891876,-0.128358819794297
tli-1,-0.230191836205637,-0.437165475119682,1.39821618474268,-0.743476990641368,-0.0259772343398759,-0.491103250046478,1.93969395197282,-0.264434422569316,-0.94821991739713,-1.55011483941292,-0.000396869295430909,1.36811389771397,-0.0149431994016213
cutl-29,-0.305477669461197,-0.29744265023178,3.31354253935607,-0.314262618400752,-0.283180312475056,-0.314262618400752,-0.314262618400752,-0.314262618400752,-0.314262618400752,-0.314262618400752,0.0297728709560791,-0.314262618400752,-0.257376449338849
xrn-1,-0.640766120639966,0.478732460057028,1.07763432976373,-0.789236387322021,-0.766019903271861,-0.669803251962737,-0.729428140525392,0.7233336056608,2.06609964911537,-1.36254789453337,-0.617530791618609,0.280984437493869,0.948548007783166
tmem-258,0.98841758620054,0.0986251601066276,-2.31254208690503,0.501885598611891,0.498821364144155,0.424276103726098,0.215238379317792,1.37245780762001,-1.34724472438419,0.164839472417843,-0.172038409960023,-0.954370425974424,0.521634175078715
mdf-1,-0.73013142145849,0.0026153045312115,-0.245474347489552,-0.88888830747022,-0.661309298844795,-0.647614463826166,-0.447478762806254,-0.254685878539516,2.7923292065374,-0.502137250052288,0.98257941139762,-0.087110403948927,0.687306211969978
Y76B12C.3,0.251001606724472,0.302030889964867,-0.295937625576433,-0.133365042888984,0.290579646240647,-0.727261038760546,-0.76992516657944,0.368000874991537,1.22919620873242,-2.18383008069583,-0.891719955651722,1.42844126116936,1.13278842232966
F25G6.1,-0.584009533638845,0.160060166114402,1.57261663480123,-0.711619636813762,-0.597906992992779,-0.68009325521201,-0.634143528364297,-0.368253130915785,2.66510652156049,-0.161780546610145,-0.176553598448882,-0.144155942434279,-0.339267157045339
Y38F2AR.12,0.0898953101455298,-0.601897857765237,-1.15617156895068,0.249578781348362,0.3574986643479,0.124560037616629,-0.232196011711518,-0.551597709276642,1.82863225962623,-0.692625348526555,-0.692688840709642,2.15677755827547,-0.879765274419846
nduf-9,0.071858199095925,-0.524367116735045,0.0326812118091364,0.262671759785301,0.0708603243056455,0.726956254928589,0.191568156735759,0.339919239569636,2.60120559279612,-1.32036509122375,-0.929083525677825,-1.22569113616341,-0.298213869226074
sluh-7,-0.317708847908785,0.348764858517918,0.260278347550643,-0.713380767797795,-0.347984116863086,-0.736238357359723,-0.669123122929515,1.1372734152858,1.87218926607868,-1.22563742353421,-0.246711631639133,-1.00838948498777,1.64666786558697
fbxc-40,-0.646449575577271,0.136218576116588,2.38196525892872,-0.656237818312546,-0.656237818312546,-0.638884458042245,-0.560917330363595,0.256018235313886,1.47606550856164,-0.656237818312546,-0.656237818312546,-0.656237818312546,0.877172876625009
T19C3.4,-0.26736694599133,-0.245728668743344,2.68864437306182,-0.371064668967535,-0.370677517959603,-0.0907979380870681,-0.327720108264005,-0.318398297654249,-0.770191804722225,-0.770191804722225,1.53678593427527,-0.770191804722225,0.076899252496729
ZC190.4,0.681487960736136,0.681167122749603,0.227423805972309,-0.298895484826326,-0.0785602564341939,-0.490420321903717,-0.775969533312251,-0.689848539632897,0.491978023551695,-0.153263006372641,-1.09200935263494,2.62294623969642,-1.12603665758919
pdf-2,-0.195116119017664,-0.291664336277865,-0.291664336277865,-0.291664336277865,-0.291664336277865,-0.291664336277865,-0.214674595074167,-0.291664336277865,-0.291664336277865,-0.291664336277865,3.32643407687048,-0.291664336277865,-0.291664336277865
C44B7.7,1.62267626431714,-0.807947388403928,0.027382685540188,2.13012747800987,0.141448544730583,0.222549144237342,0.173197655657979,-1.09670241488465,-1.15803075259773,0.361518353638563,-0.300777481634384,-0.185350074661925,-1.13009201394905
kdin-1,-0.0441697985675669,-0.706551964444165,1.67703338879558,0.944452180433152,-0.266765663177042,1.03474097183775,-0.564862847978011,-0.964750175783763,0.0659282859880595,-1.18477371578939,-0.951701809004437,1.626747171042,-0.665326023352174
F41F3.3,-0.322415591344801,-0.27295102827063,-0.314836034578612,-0.33372478884056,-0.304764303207587,-0.321752100267904,3.30600557435663,-0.306602539680203,0.0921317945667987,-0.33372478884056,-0.219916616211456,-0.33372478884056,-0.33372478884056
F10D2.10,-0.552767675229119,1.11270082452405,-0.620144535671959,-0.420419222883858,-0.547127898689822,-0.347769558677819,-0.484695091210757,1.48210957555187,-0.620144535671959,-0.620144535671959,-0.603295011183229,-0.201029374151886,2.42272703896645
jhdm-1,-0.463861234670387,0.582738867885285,2.4726137707101,-0.772089627638075,-0.560276874170204,-0.774599907408213,-0.752127723513422,0.738224936957169,0.163198424030982,-1.14275663032435,-0.561903410777795,0.040895110704209,1.0299442982147
F10D7.5,-0.285324706997352,-0.31307104358034,-0.245492698316763,-0.248516457158355,-0.284810540777401,-0.372218891548989,-0.35949282496799,-0.275768012790524,-0.466222060331099,-0.466222060331099,3.27545913526517,0.254693688387207,-0.213013526852467
ada-2,-0.685444588443223,0.465131280611292,0.523653542630063,-0.870972471195152,0.42488183061192,0.141753451243035,-0.143232634894669,1.50571896743796,1.58838294659477,-0.838839972341241,-0.0849352223570862,-2.13249643243532,0.106399302537647
F47G9.4,-0.373754955573798,-0.768087662958006,0.936246353756525,-0.244375801127245,-0.0268602995925661,-0.0845641941861967,-0.126806175195101,-0.810960150507807,-0.35802838775279,0.00555035385590126,2.9576160398834,-0.265616022262903,-0.840359098339412
C06A6.2,-0.489541956455838,0.0449004806963168,0.784156381435606,-0.45994798172316,-0.24475549424717,-0.665024892698357,-0.527902621799689,0.0150163956868243,-0.775809799290404,-0.846578738090568,0.751505369118647,2.84311732100411,-0.429134463636316
atat-2,-0.355303393510756,-0.390341125133875,3.16167844382703,-0.437950485275091,-0.153438425757381,-0.446381945007067,-0.40328330708195,-0.21637995076518,-0.468241817235298,-0.468241817235298,0.678221484357803,-0.0533565768757056,-0.446981084307228
mog-1,-0.564965086975486,-0.369238026782912,0.964678828432183,-0.861341438300218,-0.327456502198831,-0.775095920705475,-0.198707159442414,0.303419594365736,2.24328752711394,-1.51716418149832,-0.347274897295217,1.23807822141323,0.211779041873778
ida-1,-0.370456361040489,-0.379221760650307,3.25392645535205,-0.379221760650307,-0.359400579240783,-0.346426131731455,-0.248915006549581,-0.349178741675728,-0.108005608217992,-0.379221760650307,-0.379221760650307,0.378853070787694,-0.333510055082492
ttm-5,-0.00324551501561341,0.736192455721813,-1.42867689533833,-0.768672805460925,0.726838264785353,-1.10707465075034,0.945836764448829,0.40036017622156,-0.417689512125525,-1.81083830567193,1.13613183846109,0.856461959607156,0.734376225116872
dmd-6,-0.255262162891581,0.206507956503366,-0.711185536474078,-0.534635639219249,-0.284908319986431,1.12139162506929,-0.219595080689955,-0.012725294670695,-1.49763744890676,0.457991563470508,2.61458889575009,-0.31274066821303,-0.571789889741478
C16C10.2,-0.209261160839901,0.514790581626171,-0.342331563028759,-0.457775430192362,-0.243375085010601,-0.602581074467005,-0.406410340101944,0.632843416171125,2.8866319985187,-0.795454037468746,-0.707992154803539,-0.795454037468746,0.52636888706561
F52E1.14,-0.357852958939867,-0.604475336007821,-0.738471745640376,0.225905234958715,2.48334457086263,0.176127051422485,-0.542192684199765,-0.738471745640376,0.335284122902266,-0.738471745640376,-0.356764104688354,1.59451108625121,-0.738471745640376
rpt-4,-0.180776048916315,-0.475131017273552,0.510693576194212,-0.58589684721408,-0.0591556443893001,-0.403979264205313,-0.470121229399044,-0.269128170658851,3.17136335770316,0.0971347409358585,-0.549093866467226,-0.388880736267444,-0.397028850042108
clec-166,-0.413521812817369,-0.444727640669427,-0.444727640669427,-0.408763738478125,-0.089187415516873,2.66834193207445,-0.444727640669427,-0.444727640669427,-0.444727640669427,1.73399048675927,-0.377765967335362,-0.444727640669427,-0.444727640669427
itsn-1,-0.528154796970198,-0.334978148487329,2.96193658117704,-0.776457775971654,-0.52272581674759,-0.540798788508931,-0.825580370942107,-0.23212172154677,0.265020916746544,0.187080391231216,0.824310570412105,-0.367173244238073,-0.110357796154255
C28G1.6,-0.0729339656200126,-0.680806295537967,-0.680806295537967,0.653027913106593,0.118864882015506,1.1345100882105,0.164388446765551,-0.680806295537967,-0.680806295537967,2.66848908652636,-0.581508677776693,-0.680806295537967,-0.680806295537967
dab-1,-0.28014380998043,0.0108417885846344,3.07672847753936,-0.24030744943448,-0.220493294794932,-0.378864206071132,-0.242685678726253,0.0462597896104845,-0.93512947997047,-1.04636415637353,0.343199210763837,-0.221800424457571,0.0887592333104802
C01G5.25,-0.276859906397476,-0.28407691172939,3.32796811998289,-0.27205751513525,-0.28407691172939,-0.28407691172939,-0.24529465617397,-0.28407691172939,-0.28407691172939,-0.28407691172939,-0.28407691172939,-0.28407691172939,-0.261140748441076
unc-33,-0.627410294869677,-0.0646697745098523,2.9619812728307,-0.591410686812371,-0.536027487872796,-0.632298280234933,-0.181241474194612,-0.495915090426894,-0.736623884067918,0.169947907975507,0.289161377494127,0.838395777155743,-0.393889362467021
add-2,1.16885805067196,-0.768279276215824,-1.10445918377548,0.565078477381488,-0.909970675170393,1.1103432010984,1.6747358994472,-0.39862547774792,0.296234440037131,-1.58948488889686,-0.374209848561872,0.744197644005263,-0.414418362273081
rig-5,-0.329459531981144,-0.329459531981144,3.31167938170827,-0.329459531981144,-0.329459531981144,-0.329459531981144,-0.329459531981144,-0.195576364972765,-0.329459531981144,-0.329459531981144,-0.312518155694572,0.000947537899475054,-0.168856143091257
rnp-7,-0.861274800670171,0.122414982818405,1.85680743206781,-0.786447421894202,-0.822753370892896,-0.585225275224656,-0.684239103410183,-0.0892844943323405,-1.19667442872852,1.66147496699839,0.598784759318942,-0.247542237972655,1.03395899192207
ctn-1,-0.625996933513022,-0.0668738772078162,1.63654633107358,-0.800327802376709,-0.643779588471458,-0.840187877054301,-0.875746859265814,0.673513655637145,1.72649026589954,-0.890815491459507,0.57621756447064,-0.890815491459507,1.02177610372723
cka-1,0.213545115566975,0.236992540487062,-0.76851852631113,-0.523998535970342,-0.567336711848401,-0.61425045434843,-0.0196273867907155,1.76809519233673,1.90967599609462,-1.45765059822584,0.0694702980123255,-0.960016215701989,0.713619286699134
W01B11.6,-0.408678888130744,-0.858567928952448,-0.189459382326762,0.396189100441385,-0.759074496513202,1.0718073997229,1.23318414080391,-0.756825722515331,-0.993599514102198,2.23250628125757,-0.709872566831536,0.40788197387173,-0.665490396725273
C15B12.1,-0.0898501320741769,2.403647692365,-0.92000953758977,-0.805126939988777,-0.583773199659095,-0.784499051169437,-0.465344430916627,0.27047481576064,0.659034519016692,-0.768664859682516,-0.341540276093185,-0.0982732241500193,1.52392462418127
tars-1,0.434404314591236,-0.538166866465217,-0.321677190094045,0.369084758256673,-0.0503133026244617,0.281895987258885,-0.611313423321026,-0.433142828200647,3.03656042527282,-0.535632909709179,-0.5988484596623,-0.170705305582193,-0.862145199720541
F13G3.10,-0.182346679428047,0.586608960212855,-0.73342132277342,-0.656531607198765,-0.578153124449618,-0.704443966538597,-0.467863063518225,1.82389411086494,0.156570180641473,1.1462133951622,-0.5210286600855,-1.46108549752301,1.59158727463372
K03A11.5,0.281874972958076,-1.165865586701,-0.0664435990512112,0.360826570781561,-0.406559907520918,0.963877851211951,0.545513904123609,-1.22447511928582,-1.22447511928582,0.66480830860189,1.94815188614298,0.547240957310536,-1.22447511928582
lev-11,-0.801609188090754,-0.332868999104358,2.09450376342608,-0.474349422416621,-0.833299706347543,-0.0527528759160744,-0.433349176001846,-0.864514669341379,-0.507437103495594,-0.0275857880172937,2.14846273695976,0.291977940496243,-0.207177512150622
hpo-11,-0.435587800123201,-0.0382112547137014,2.24412856736509,-0.591257498886054,-0.422985527710368,-0.453088903572832,-0.373474598315878,-0.327817203518472,-0.47922485011724,-0.937795363057201,2.13560811358708,0.0278935409076095,-0.34818722184483
glo-1,0.198551740628683,-0.297330419854758,-1.08854208911417,-0.714179006445311,0.243058255930208,-0.367885300588203,-0.981581664950504,0.639422936487896,0.524193728416495,-0.0913340998074149,-1.28852329509978,0.754918616493708,2.46923059790315
set-20,-0.336126610469391,-0.0781665307268132,2.41832906989434,-0.988692900591631,0.22812978493474,-0.803110675109774,-1.07158776174903,0.350153838911014,0.853230088620061,-1.22262296685555,0.68251777025889,0.430061467566174,-0.462114574683033
F02E11.7,-0.284717914059556,-0.275708190167961,3.32759974787668,-0.238344528790979,-0.290972592999244,-0.281377925125311,-0.26128516774446,-0.290972592999244,-0.290972592999244,-0.290972592999244,-0.240330463992947,-0.290972592999244,-0.290972592999244
K05C4.5,-0.129367105655784,0.107839559181483,0.356568028312261,-0.596993814404625,-0.454088414219558,-1.01359342631903,-0.615112204019967,1.71432991762214,1.95910717025921,-0.722358279884386,-0.9883401618549,-0.682937965705411,1.06494669668856
eat-17,-0.229349865730713,-0.493642899332343,1.22197492565148,-0.336149246612091,-0.339302947204161,-0.389996814129264,-0.4166184239194,-0.544400173593128,-0.566189202535999,-0.566189202535999,2.89140593200439,0.291755196951941,-0.523297279014714
skn-1,-1.07237044034312,-1.3871065191132,2.64943547510415,-0.495487642933087,-0.319242939597083,0.361087696959351,-0.394705788070514,0.0185571062489006,0.472357139270211,0.471729936502504,0.533484677533492,-0.109560419174167,-0.728178282387443
R03H10.7,0.65524577646203,-1.13539524513448,-1.13539524513448,-0.00561814227593859,1.0283815276462,0.87312663411565,0.000430036491623335,-1.13539524513448,-1.13539524513448,1.18947571789145,1.05829094463676,0.877643730704625,-1.13539524513448
vps-4,-0.713051283678209,-0.519242567883047,1.32645060199393,-0.610923268561974,-0.5858247601586,-0.590688770007259,-0.389230396863041,-0.438619078399846,1.9918524342951,-1.10626462618989,0.33713356573701,1.62525921331049,-0.326851063594663
T26C5.3,-0.0741646308944817,-0.422636185554042,-0.425123915580908,1.93675228749621,-0.644779004322858,1.86090787970763,0.489158350234452,-0.867816177359222,-1.35353281856843,0.764343983441186,-0.226809111094013,-0.453478581493983,-0.582822076011536
F43C1.5,-0.183448366635779,-0.630903772098144,-0.0490319590927204,-0.589362887525709,-0.135213239901155,-0.554403636367138,-0.29528797817521,-0.643830407416942,0.631055275431661,-0.678343116972544,2.89170273292016,0.874433961989242,-0.63736660615572
oac-59,0.722205902539668,-0.934876754188975,-1.06327348380144,1.08373011978682,1.45894865042261,1.37623079215799,-0.20020664612076,-1.06327348380144,-0.631258709161313,-0.910904187706133,0.791832942272277,0.411051656581915,-1.04020679898122
T20B12.7,-0.0640827501341471,0.906786830043979,-0.893208868920392,-0.889355646743603,-0.546614230818945,-0.820630800117852,-0.737550922243969,0.98571708449267,-0.15202447514676,1.90002848888492,-0.888190046337763,-0.389366522595001,1.58849185963686
C05D11.5,-0.346330517591187,-0.186872932420063,-0.219317242412083,-0.341108666967637,-0.175193777420778,-0.323784350405575,-0.352870363099089,-0.0122920377011759,3.30608645828277,-0.395470266102723,-0.383915380894495,-0.395470266102723,-0.173460657165247
nlp-73,-0.279333468554767,-0.279333468554767,3.32812872965223,-0.279333468554767,-0.279333468554767,-0.279333468554767,-0.255460575549789,-0.279333468554767,-0.279333468554767,-0.279333468554767,-0.279333468554767,-0.279333468554767,-0.279333468554767
eif-3.J,-1.01482499563281,0.305896520351139,-0.265948980526816,-1.07047895219923,-0.70987594200829,-1.00778863118035,-0.616965808521369,0.999799288124017,1.97034359679999,0.881956964437732,-0.79914779210414,1.20242669782549,0.124608034634634
nadk-2,0.027809723174347,-0.51070226130883,-0.565827261152532,-0.755970625426721,0.48928197825438,-0.3481263126947,-0.553912351685385,-0.512537602066716,2.89326505893549,-1.06556595459239,0.106603605265218,0.600723374241709,0.194958629056126
ncr-1,-0.649500534051521,-0.704670447209968,1.42449856968128,1.70691530552194,-0.603417409632483,0.683922723698925,0.375379859585028,-0.859637063607368,-0.882266600335035,-0.882266600335035,1.44564234167064,-0.192395176716359,-0.862204968270044
tag-77,-0.528916284272133,-0.629632605904262,1.80800549436573,-0.559845997660972,-0.329804356755201,-0.516599851599602,-0.319361372659952,-0.443270073330036,0.65158552698388,-1.06155532317757,2.22870829376654,0.352326462065227,-0.651639911821646
C14B1.3,0.0289177759585531,-0.365596125300717,3.10336423155775,-0.587915613325828,-0.141300708712897,-0.615129112304703,-0.00967622771286194,-0.362770088584589,-0.678438752083628,-0.49035481650681,0.593079527280231,-0.548578199458895,0.0743981091943926
iscu-1,0.473893793308992,-0.522505835859735,-0.0294043253377699,-0.245415135382768,-0.0974513535264585,-0.0390144444080868,-0.54167356891635,1.05999385621803,-1.24050002143248,2.70138075188771,-0.838787113485413,-0.688029406109144,0.00751280304346879
fshr-1,2.01873222993122,-0.542237318603742,-1.39053476495842,0.728933818312935,0.940686586226056,1.16673611809379,0.643470948150482,-0.739513283218601,-0.0563903092010241,-0.606257470409291,-0.825674076048453,-0.594329853246738,-0.743622625028217
M176.5,-0.391493025184144,-0.39991801391997,1.11197049150839,-0.3308297344184,-0.39991801391997,-0.329293398146596,-0.336015160508276,-0.39991801391997,-0.39991801391997,-0.39991801391997,3.03192729788149,-0.39991801391997,-0.356758387612642
phf-5,-0.515784845468536,-0.00736296657263141,0.389948654773291,-0.669385729376656,-0.444191908469447,-0.626545196713806,-0.566417653013107,-0.000382659470450691,2.95712361715697,-0.708639553003297,0.635759424768089,-0.708639553003297,0.264518368392879
fbxc-39,-0.64722924073223,0.327356557157317,1.96658464046869,-0.64722924073223,-0.64722924073223,-0.64722924073223,-0.64722924073223,1.49756509944799,-0.164298616749756,-0.64722924073223,-0.64722924073223,-0.64722924073223,1.5506262455336
dhhc-2,0.167412435916558,-0.830927584837861,2.02874050393629,0.00188239119402712,0.0636434706317983,-0.0827000070513689,-0.13718553091946,-0.974613219013512,-1.00616828682716,0.117666467029719,-0.348159233853175,2.00657688062131,-1.00616828682716
ets-4,-0.182208225890045,-0.51895981307642,-0.682178216578475,1.93346374273502,1.48639981433265,1.19924255540922,0.108817187900424,0.607257059034443,-1.10875669147375,-0.955747768119372,-0.929539357035916,-0.487337587194158,-0.470452700043629
cln-3.3,1.26065768201687,-0.714731598611626,-0.162680055029765,1.08880804134747,-0.527131380166801,-0.252223490088421,2.52110352276036,-0.723335259210109,-0.723335259210109,-0.570291109284585,-0.359395860353111,-0.155090621863924,-0.682354612306254
txdc-12.2,-0.422962509713786,-0.428729558446936,2.93179568267848,-0.478070360090944,-0.440159803834633,-0.441858630016832,-0.509465554875974,-0.450740966732473,1.16391946743379,-0.509465554875974,0.251640327594781,-0.509465554875974,-0.156436984243523
gck-3,-0.653326191252546,-0.338249633423961,0.178605944001432,-1.01857780661932,-0.378688884084901,-0.736075644162904,-0.364137369020727,-0.176618291803584,2.49320035581368,1.68273005817438,-0.142661212705528,-0.675095652707916,0.128894327791889
aat-1,-0.558895481756653,1.04314095894774,2.68656196965961,-0.638164431781692,-0.545610501827205,-0.563534575343696,-0.638164431781692,0.898827725429499,0.147468943197952,-0.638164431781692,-0.554942934450718,-0.638164431781692,-0.000358376729761057
Y54H5A.1,0.0846309607892681,1.06563458267991,0.716525664993059,-0.695755245921269,-0.190518688768621,-1.30975029072293,-0.682242526130681,1.56294084768682,-0.732463906240406,-0.630432611019265,-1.35663037539003,1.27787846877603,0.890183119268111
noah-1,-0.707130461178343,0.355936692528312,1.6930741358717,-0.715928599617197,-0.715928599617197,-0.715928599617197,-0.715928599617197,0.76090340397951,1.16582433245168,-0.715928599617197,-0.704304281049749,-0.715928599617197,1.73126777510008
cux-7,-0.380316991737284,0.119909809448409,0.725780817462263,-0.567897365714108,-0.38611675110519,-0.660835832248374,-0.771472749936492,0.336632154134775,2.66576755598789,-1.0425996002202,-0.748922786162145,-0.232806366462978,0.942878106553433
chd-1,0.280539622265263,0.0612866884873664,0.74701479775939,-0.454720310250557,0.170630670303195,-0.26109493979837,-0.446815155719359,0.182936311206828,-0.587759622551114,-1.24035335919506,2.71939874717899,-1.24035335919506,0.069289909508489
scav-5,0.198419714283241,-1.08396721212135,-1.09585416769618,1.94066029533389,-0.196186143117239,0.969614725699037,1.11148973873079,-1.07098519787473,0.628316066884363,-0.308411897277245,-0.617784171775043,0.620542416626636,-1.09585416769618
osta-2,0.0927002560190405,-0.665747317703981,1.38608723630568,0.552125171706488,-0.697221594491505,-0.377057840585169,0.173193538474129,-0.544330677790913,-0.281096414386637,-0.783101093442867,2.57689156769249,-0.783101093442867,-0.649341738353894
ZK470.2,-0.359223393083183,-0.499683377043034,1.00951277964775,-0.666321002323963,0.13084401847304,-0.709901269900564,-0.444508896117334,-0.235976630392571,2.10783380145918,-0.874308793369121,1.57306790498627,-1.28054479164864,0.249209649312174
slc-17.3,-0.537877152634661,-0.535557145593786,-0.472060281870018,0.815390117388734,-0.504688961459664,1.8770872382295,-0.178645103439817,-0.557205139000037,-0.557205139000037,2.28383503048277,-0.538873802386213,-0.557205139000037,-0.536994521716734
nhr-84,0.438265082433364,0.077756725851331,1.70622926851178,-1.05001335676289,0.492993207301428,-0.259126807358832,1.10630762162495,0.824770740793,-1.38844796965782,-1.2707781098636,-0.165484019056012,-1.22381440789946,0.711342024082773
Y48G1C.8,-0.240882056027555,0.619493646795609,2.31525007865265,-0.950064207209382,-0.201182269841625,-0.853348264481748,-0.924405893249111,0.228493996078916,1.11986848357511,-1.08279266253385,-0.62763667386596,-0.25861546729077,0.855821289397712
dld-1,0.194654533825332,-0.78498686988141,-0.121456708883266,0.933019694558258,-0.398697167410918,1.16564405722979,0.572585877926936,-0.545745394176719,-1.21028339997048,-0.572730156500211,-0.516355197812735,2.29036267145925,-1.00601194036382
cdkl-1,-0.277350098112615,-0.277350098112615,3.32820117735138,-0.277350098112615,-0.277350098112615,-0.277350098112615,-0.277350098112615,-0.277350098112615,-0.277350098112615,-0.277350098112615,-0.277350098112615,-0.277350098112615,-0.277350098112615
ger-1,1.28850381069819,-0.678784255093628,-0.979036608515633,0.0491089701900025,0.744129791560501,-0.491353049976422,-0.278056918062198,-0.752194530723617,1.36327368671888,-1.07405112977974,-0.484611159358513,1.9497721486312,-0.656700756289028
C28H8.3,-0.26040997688611,-0.13061382431817,1.25148979134494,-0.0442468784101097,-0.331673136026021,0.0418578851475702,0.278446176860413,-0.734401372929452,-1.49781931894667,2.61762502174054,-0.39229228597883,-0.239894679124642,-0.558067402473457
K07B1.4,-0.34534542157014,0.00286906352665693,0.153338069871432,-0.370197427672208,-0.370197427672208,-0.351905183408392,-0.352910068733627,-0.165003651582307,-0.370197427672208,-0.370197427672208,-0.370197427672208,-0.370197427672208,3.28014175792962
ZK418.5,0.240376110690433,0.746512805125764,0.708472150658659,0.31153313497623,-0.483933319088482,-0.448301184091019,-1.25934869450716,1.64326041109098,-0.133138863545673,-1.12786700157289,-1.8182935894781,0.531848530547153,1.08887950919412
wrt-5,1.64060435747021,-0.305600897379533,-0.944224017255024,0.122053927783687,0.115510799844063,0.135594258831711,-0.388166475362766,-0.595345170896807,2.22806939325439,-1.54692791059881,-0.626534706017588,0.146902789780626,0.0180636505458416
dnj-20,1.1743400543522,-0.22544088138925,-1.56178903522594,1.0217349916836,1.63060573325023,0.0213352473744142,-0.97155041329218,0.582878034037367,-1.23891768677399,-1.14444819918537,0.173178677937917,0.518592444398006,0.0194810328329722
stc-1,0.107106848521251,-0.266688565218695,0.00598583741130181,0.327671601675997,0.013150911611112,0.100760576265551,0.325025999956695,-0.320774956783556,-1.71868401307691,-1.71868401307691,0.800764243485847,2.24319606870038,0.101169460527928
chch-3,-0.0875934200360617,-0.085019907066666,0.371755063896842,0.1142476185335,0.130637572656451,1.02949083750294,0.778873057710804,1.23459237052818,-0.744185937760558,-1.77395596018998,-0.833025643640175,-1.52086660279022,1.38505095065493
ZC196.5,1.76624226778239,-0.655934136578511,-0.902092705053358,0.217772862450208,0.951268916184817,-0.61419010839508,-0.416170999424419,-0.902092705053358,2.08780945186983,-0.281128218995471,-0.23402897886475,-0.115362940868944,-0.902092705053358
dhs-29,-0.684299804373863,0.486105236650914,1.06378981421973,-0.592681154090917,-0.739716528474781,-0.767017791491762,-0.769595251539335,1.71110870253562,0.409616396836301,-0.950824064376428,-0.726606695007303,-0.301616556900471,1.86173769601229
mel-26,-0.228010890076706,-0.523028880690846,2.43528556845208,-0.591200072406158,0.505699491173642,-0.660524254518733,-0.0464197887605217,-0.00975793120602448,1.21270556727146,-1.33575760504476,0.215837763430838,-1.16690302225346,0.192074054629178
lst-1,-0.686717251243151,0.335641120192849,1.94483114074383,-0.719093894804423,-0.628506097500319,-0.726018332352965,-0.726018332352965,0.733775259230259,1.71037600092926,-0.726018332352965,-0.643519531644275,-0.726018332352965,0.857286583507826
xdh-1,-0.247389480528809,0.650530935481741,-1.75556120904072,0.554870772524347,-0.646822798582922,0.792148287037112,0.741924165786556,-0.101513123866544,-0.979663924074981,1.48247701796643,-1.25802084200321,-0.478127946625886,1.24514814592689
hsf-1,-0.523640336600286,-0.437633446100493,1.9208230138453,-0.804852699985749,-0.387732625955489,-0.803339279092441,-0.275419512181991,-0.247132786655723,2.06329850898014,-1.07211719960356,0.88706875064216,-0.0601691127320017,-0.259153274559869
bcl-7,-0.216703058087008,0.684874296474768,2.51478028604286,-0.792715480496291,-0.208905024393808,-0.587354969178978,-0.510742545718,0.873009842038156,-0.545402984488152,-0.897270512059169,-0.429894627711133,-0.897270512059169,1.01359528963593
2L52.1,-0.427866818839932,0.62312768110212,-0.10446905783155,-0.432870622559825,-0.508096035051026,-0.669926475159677,-0.588206436269885,0.468044055914677,2.73760057211672,-0.626100408971408,-0.685894058289343,-0.781037054119533,0.995694657958657
R11D1.12,-0.190093165093526,-0.294676158983254,-0.304913467660689,-0.251564927587295,-0.227323576938259,-0.307952579224547,-0.171585291361685,-0.324399829212533,3.32379597519492,-0.324399829212533,-0.300940052303897,-0.324399829212533,-0.301547268404169
sftb-1,-0.711941226472385,-0.0832877817436499,0.246125373516961,-0.93780928277595,-0.657529996234047,-0.627557277041304,-0.483462378761638,0.803497440330752,2.69945260309603,-0.394655094027982,-0.89330427034853,0.349150223364541,0.691321667097207
ppk-3,-0.470995542037757,-0.505633994546588,-1.04077224862024,-0.630396458639568,-0.233739190808914,-0.276573016116382,-0.00908291217792632,-0.601954403486558,1.12513980245538,0.961359273538648,-0.446817832644496,2.62857810818078,-0.499111585096372
C30G12.2,-0.449667608784985,-0.449667608784985,-0.449667608784985,0.0134452475760371,-0.380361917294723,2.69942933657789,-0.449667608784985,-0.449667608784985,-0.449667608784985,1.66941034924567,-0.40458214582499,-0.449667608784985,-0.449667608784985
T23F2.2,-0.146967553637967,-0.532558112858563,0.19287503887585,0.638713692350952,-0.271478067746368,-0.315120332826894,-0.165978815949431,-0.602663200341756,-0.602663200341756,-0.602663200341756,-0.0854384211846672,3.09660537434411,-0.602663200341756
H10E21.1,-0.00282378274875482,0.0286429842408092,-1.49502162785048,-0.157430190079649,0.00027029717647949,-0.0316451713140937,0.382414144684248,1.02751914297901,0.922536408424911,-1.49502162785048,-1.14540970084686,-0.0671621529151277,2.03313127610001
Y79H2A.3,-0.275487985910341,0.0754472234469726,1.72323874545781,-0.971194032071559,-0.593998140794588,-0.916019874325008,-0.84682674077544,0.2865801825815,2.01423032361165,-1.17196047686794,0.736309401431294,-0.171383733773599,0.111065107989247
ugt-58,-0.415752825093937,0.863655366884963,-0.289460230883239,-0.585202047534598,-0.613820666959324,-0.472793010478062,-0.483091508807191,1.69127683824913,0.63979082828785,-0.945982004385711,-0.769414968362874,-0.743371789587498,2.12416601867049
sdz-24,-0.42009739548264,-0.458769649855669,0.218055248408053,-0.375286043248699,-0.507629278749557,-0.507629278749557,3.12602871946889,-0.507629278749557,-0.507629278749557,-0.507629278749557,0.280996951679841,0.451867066221191,-0.284648503443183
ZK512.4,0.0183166650108822,0.147339904265124,1.7261746569614,-0.516625033159992,-0.252585941233607,-0.433550813829917,-0.157587435102283,1.22331773069612,-0.584826314306844,-0.246203913338447,-0.858512521689995,-1.73798151623505,1.6727245319626
nhr-1,-0.466935478089763,-0.357841172363081,0.993133076924183,-0.154376679199105,-0.429483288672752,-0.200033937601344,-0.461499829974983,-0.546247105219824,-0.560620265787519,-0.945667666871463,0.58854476643901,2.871226144089,-0.330198563672362
Y119C1A.1,-0.496850822903104,0.815090542988343,-0.333109429878263,-0.739475444144759,-0.645002152841394,-0.564044287235532,-0.699827396213483,0.880538781062123,1.11227207844,-0.847417511023878,-0.386233591434113,-0.550391328717604,2.45445056190167
T05C1.1,-0.307729183906187,-0.307729183906187,0.0156800887055797,-0.307729183906187,-0.307729183906187,-0.307729183906187,-0.275455829910366,-0.307729183906187,-0.307729183906187,-0.307729183906187,3.31510767326159,-0.307729183906187,-0.285769276901121
cfz-2,-0.309183197686985,-0.25777630244357,3.31835737768628,-0.318124863787292,-0.318124863787292,-0.318124863787292,-0.318124863787292,-0.228874589974867,-0.318124863787292,-0.318124863787292,-0.0430638821949277,-0.318124863787292,-0.252585358874884
C13E3.1,-0.637796447049461,-0.90447300389943,-0.314733795532025,0.199554057961438,0.927620293370813,0.747677281314917,-0.546027016861016,-1.2784200663869,0.658679427833307,-0.45240796263976,2.2992426429062,0.397191923885658,-1.09610733490374
epg-9,-0.450247893818326,0.126985583216689,2.28289683727971,-0.415597509155812,-0.702333495146607,-0.19466369339205,-0.91811102974682,0.689314457331951,1.11872200494085,-1.57720332588059,0.262199663101655,-0.708924051704429,0.486962452973782
maa-1,-0.486202669898548,0.0046351810209924,-1.11041018526013,-0.0384557200560191,-0.139508953038539,0.486479373938299,-0.402383147590657,1.23575979722386,2.30336437512839,-0.926710305939152,-0.651208514779189,-1.12704636621989,0.851687135470587
rnp-6,-0.466851084040564,1.16285184218304,1.74934346202443,-0.827127267548892,-0.614584116887531,-0.755237195957507,-0.262329473477986,0.8680115539454,-1.04792962869702,0.486414799216751,-0.279942798573364,-1.32954896194538,1.31692886975862
F17H10.1,-0.545860639365621,0.463836689656256,-0.525616357887701,-0.252439401190566,-0.449287350150454,0.239604201715913,-0.129700655866836,0.953820593169487,2.78710076737492,-1.10117185198711,-0.812274182229976,-0.562530854244616,-0.0654809589936974
pola-1,-0.318229003242694,1.19743014758823,-0.155490273003897,-0.773839352556584,-0.573207089446646,-0.737557600545651,-0.68684994263052,1.28701812693363,2.21019839168633,-0.904101348604643,-0.825936222534602,-0.316470443764671,0.59703461012171
mog-5,-0.366875935855884,0.27652106777369,2.05855333952689,-0.725932082516525,-0.533306401766419,-0.722372999892179,-0.676695702647468,1.22511069772911,-1.2365840477806,-0.805823019646792,0.85194093749882,-0.427303127466463,1.08276727504382
F25B4.8,0.922248290142789,-0.498788660468301,-0.375231414155925,2.32963922928603,-0.0589010206221032,-0.25524542776765,0.158248736496421,-0.173211070063298,-1.03576420442178,-0.522245014124644,-1.02184669491433,-0.891654027655951,1.42275127826873
Y45G5AM.7,-0.536972550710535,0.713243141578675,2.64355967692437,-0.540376896385823,-0.543289826988959,-0.553856651042992,-0.511189966871737,0.6190474006608,-0.600317034979035,-0.600317034979035,-0.600317034979035,-0.600317034979035,1.11110381275234
sma-9,-0.678599444245997,1.02005598918989,0.572252468581507,-1.01351681912825,-0.209062635422165,-0.596094007978577,-1.01120078817414,0.608375240230777,1.7588413241282,1.10720905418909,-0.735924871079003,-1.44882826542126,0.626492755129946
casc-3,-0.274688828678986,1.20259203998435,1.54476411556561,-0.825663393497114,-0.15557447251152,-0.813619515175472,-0.175753938484196,0.505662716227561,-1.52173673216323,-1.59511437904193,0.870872023043678,0.457261641530171,0.780998723201087
EEED8.10,-0.370680680265878,-0.282761812854433,0.712149471507554,-0.467921332303672,-0.228531625000095,-0.549209962864832,-0.446185715217048,-0.278552396850173,2.80522554395696,-1.02107536559745,0.991026833492239,-0.713860320542233,-0.14962263746094
cwc-15,0.000463584086307925,-0.0934661518610588,0.908538341184323,-0.664866306480384,-0.487362680470827,-0.586944203892736,-0.668056773898833,0.454476333933462,2.28141791056741,-1.70138304304772,0.563505838046296,-0.735202921557726,0.728880073391491
Y38H6A.5,-0.324095537325439,-0.315311002258641,3.29419601860718,-0.324095537325439,-0.324095537325439,-0.324095537325439,-0.324095537325439,-0.256386441305964,-0.324095537325439,-0.324095537325439,-0.324095537325439,-0.324095537325439,0.194361260886374
sru-40,0.0346643815024268,-0.926946401889934,-0.960237500327075,0.518847848682069,1.44388423520705,-0.199774218859245,-0.73239378594786,-0.960237500327075,1.11115673454381,0.900459139418159,-0.88570112230692,1.61651569063167,-0.960237500327075
T06E6.1,-0.298818282154289,0.858647222315648,0.739291782636998,-0.457028488104367,-0.460302153500308,-0.744259712044,-0.590742708138371,2.05584776925184,0.368062368826836,-1.039200542085,-0.83560448473446,-1.039200542085,1.44330776981448
ech-3,0.110148601891498,-0.585433236187692,-1.36950353853566,0.435657317203797,0.333250322334124,1.39362934283742,0.785915485485572,-0.899195941243831,0.994910555910816,1.56814337269255,-1.14004601431192,-0.696781112365126,-0.930695155711563
mboa-2,-0.0332816841190836,-0.291591861261223,-0.794774034536321,1.49953481002971,-0.332519151192115,0.345983315402584,-0.0603932858058862,-0.0811079130577533,-0.526824572904083,-1.35535346054778,-0.95865123176802,2.39179331936142,0.197185750398552
acs-4,-0.775449706534055,-0.766910372285199,-1.24748992829341,-0.190303152278693,-0.337772157722376,1.99076095072731,0.288799389344397,-0.621589379156282,-0.552467472086153,0.886759435289377,1.81293751559669,-0.538644869446822,0.0513697468452201
F10G7.9,-0.508151210635601,-0.26166672191352,1.25064942692136,-0.194314930147478,-0.513205866843488,-0.590525547575146,-0.465768205341259,0.10171137783559,2.46720767653279,-1.03137823141688,0.986625843121202,-1.03137823141688,-0.209805379120696
rom-2,0.572081985695959,-1.07016427573424,-0.650187530967768,0.968733257749905,1.54568343572792,1.02479088936546,-0.239441041109588,-1.10652052798087,-1.10652052798087,0.442697968126072,-0.865299443059356,1.2810431775965,-0.79689736742913
F17C11.6,-0.593973964050569,-0.605364410505245,-0.687919308917474,1.2686328657129,-0.627338916084996,0.947260712850437,1.74391279392565,-0.652644306945843,-0.687919308917474,1.68734930884935,-0.4161568480818,-0.687919308917474,-0.687919308917474
R12A1.3,-0.385260421960075,-0.379934660997473,-0.402711974821625,-0.38166258089101,-0.354169374087631,1.27540465017756,-0.402711974821625,-0.357496066225272,-0.402711974821625,-0.402711974821625,2.95656223216347,-0.402711974821625,-0.359883904071438
gst-16,-0.474491029956393,0.0409637365202738,-0.713406269442524,-0.594314995161676,-0.478285086336918,-0.0931321394428457,-0.17071761805624,0.939378617793649,2.82404243769413,-0.229052619738256,-0.798144832873612,-0.856260649443569,0.603420448443977
feh-1,-0.505906925187305,-0.440813478269769,0.742533617064885,-0.543417803865106,-0.252130787897722,-0.259919058047547,-0.543417803865106,-0.543417803865106,-0.543417803865106,-0.0318020980097475,3.03375113173059,0.431376617942145,-0.543417803865106
R10E11.5,0.166228451835332,-0.651284024067147,-0.468622218861573,0.093314328985199,-0.238249743053574,0.127356118755665,0.288053945988342,-0.624610205574262,-0.698325416423784,3.12983546563246,-0.222915347896835,-0.318360072295195,-0.582421283024629
F42A10.7,-0.343476905716365,-0.571750773542203,-0.571750773542203,2.57674544219154,-0.571750773542203,0.555074932583907,1.54598390748462,-0.571750773542203,-0.571750773542203,-0.571750773542203,-0.48289840779453,0.150826446046247,-0.571750773542203
mfsd-6,-0.357716168472834,-0.29038958233762,3.23701520759785,-0.375679522771958,-0.375679522771958,-0.375679522771958,-0.375679522771958,-0.15884940468449,0.471552050873655,-0.375679522771958,-0.375679522771958,-0.375679522771958,-0.27185544357286
lsm-4,-0.530101161453313,0.463395683376611,1.23935813263576,-0.70786447616488,-0.641045251203651,-0.892869302094082,-0.186296622279221,1.55359641103895,-0.675260418024725,-1.19156972795686,-0.0114648212371958,-0.368885965962227,1.94900751932483
atgl-1,-0.329164868687705,-0.280679654002898,2.72444348322272,-0.296544981833281,-0.49548125037572,-0.707763189867702,-0.634846835071391,-0.393700152901726,0.466694357992822,-0.983544256484985,-0.192308746142986,1.31817920260753,-0.19528310845468
C49A9.6,0.635121986613269,0.776955346845267,-1.99187145073855,-0.933203572416386,-0.166945753822145,-0.880423148897883,1.00407107479198,-0.326814113204173,1.34732826866157,0.952101221395198,0.774786031756402,-0.91579305661394,-0.275312834370614
mcm-5,-0.524457778039363,1.09574266231728,-0.552974757724509,-0.552974757724509,-0.552974757724509,-0.552974757724509,-0.552974757724509,0.786416145912303,2.70759471272865,-0.552974757724509,-0.552974757724509,-0.552974757724509,0.3585023188772
ver-3,-0.240485621666013,-0.703177769157356,0.519329954064254,0.0613754723765171,-0.378888641315085,0.220249882159479,-0.541497545155974,-1.29669546208279,-0.59183137107384,-0.467532132858444,2.57896676923995,1.26704509168736,-0.426858626218059
daf-15,0.168773235005112,0.214928069097245,2.10253974368618,-0.262647590408293,-0.0394119476682496,-0.459505649382075,-0.793904012013599,-0.516037266958206,1.52621496615865,-1.91060179238223,-0.466037460336338,0.349284190494431,0.0864055147073684
F15B9.6,0.469500839566675,-0.588015445920008,-0.70134918077108,0.667663884428662,-0.44527607924839,-0.311603254879469,1.35785613116302,-0.70134918077108,-0.70134918077108,-0.70134918077108,-0.165678406045148,2.52229823479006,-0.70134918077108
toe-1,-0.176479282624212,0.633377068129042,0.640094914602116,-0.457053016697378,-0.419522573551005,-0.783990387687946,-0.450591300842438,1.82286045891235,0.594931969043621,-1.26881755400588,-0.872488512751188,-0.979384516546213,1.71706273401913
mef-2,-0.456900769900338,-0.611211834721296,0.209449387199409,-0.201652129292986,-0.142743196147807,-0.320620975182132,-0.279563865864884,-0.499527277145073,1.29147772429711,-0.611211834721296,2.84492844092188,-0.611211834721296,-0.611211834721296
Y17G7B.8,-0.56683118228542,-0.493629560740151,-0.545805785041938,0.83891660552775,-0.578876432054506,-0.0579462774834546,0.74909996187235,-0.540065833221903,-0.627825719627159,-0.109898534833825,2.89283365502959,-0.4226781617358,-0.537292735405536
Y87G2A.16,-0.0343328103269024,-0.657872003300332,-0.102570041483904,1.55564413531785,-0.367414683140168,2.55448041165548,0.569646197547459,-0.635316638121102,-0.657872003300332,-0.657872003300332,-0.320569217731937,-0.657872003300332,-0.588079340515447
fbxb-41,-0.574998827501166,0.137433417185272,-0.58012988123087,-0.58012988123087,-0.58012988123087,-0.58012988123087,-0.58012988123087,2.26712984582077,0.374134228462418,-0.58012988123087,-0.14147980563293,-0.58012988123087,1.99869031028172
ceh-44,-0.0211714170414936,-0.0931861224564488,2.77925847096524,-0.58846700972174,-0.294663047726342,-0.377528570398347,-0.92580500264174,-0.492625892297582,1.01066209437002,-1.21294457531744,0.202084394976776,0.17680132659771,-0.162414649308604
T07A9.12,-0.366373429462073,-0.247804934587374,0.715149947585148,-0.158231507408036,-0.540854229119204,-0.275923276930661,-0.351972452717397,0.195080175231018,-0.52891550928617,-0.797969766848424,3.02781253230593,-0.797969766848424,0.127972218085665
cyk-1,-0.767624472540403,1.89974056732612,-0.422087376772367,-0.773345681790852,-0.572991146079059,-0.55763187287144,-0.540190477205927,0.853114431340393,1.83432064847304,-0.791483549825497,-0.209941532448032,-0.791483549825497,0.839604012219521
hgrs-1,-0.284572485266879,-0.350789244466354,2.88945842783357,-0.461192634784949,-0.131120353553166,-0.558463536470934,-0.261536796966576,-0.0229876435946956,0.759978845698063,-1.38729723656499,0.176457455120041,-0.526973264371412,0.15903846738828
pst-1,-0.372401151676422,-0.122352554142129,3.26615265187002,-0.279775339081772,-0.266802885129576,-0.37603627400536,-0.338160079513035,0.17965385409141,-0.453328754573888,-0.453328754573888,-0.352279321301395,-0.453328754573888,0.0219873626099244
F22B5.4,0.568906224237623,-0.45222691946958,1.56139424024823,-0.73633478461821,0.883011145144263,-0.4605544385831,-0.375556851926894,-0.836390123604648,-0.895979016178339,-0.895979016178339,0.54809024072088,1.98759831638645,-0.895979016178339
gly-10,0.793400546128016,0.573169577603092,-0.613697439208918,-0.434120744772264,0.478199708971671,-0.857641656477726,-0.841968000992055,-0.14040066795125,1.04409932564005,-1.35988552125077,-0.97904965875193,2.20654413323591,0.131350397826169
snrp-3,-0.182137234429457,0.772743863031945,0.710388254861221,-0.850815865027353,-0.287562246848694,-0.466527711242094,-0.665786579985788,1.47113707861772,0.773164144181745,-1.2820119856904,-0.75557297088786,-1.05552005168478,1.8185013051038
cnnm-2,0.459042390810237,-0.362201341291061,-1.48752046518472,0.622375080822077,1.27569768094967,-0.183180870096179,-0.557111301291211,-0.298514506898031,-0.550600590363586,0.264961316716509,-0.958359842600837,2.32466741030041,-0.549254961873279
rsp-7,0.127065201236516,1.34432626383959,1.89250571429895,-0.583854786461008,-0.033624142653837,-0.518272385791239,-0.646379694822656,1.13596864615979,-1.12444034477081,-1.12666136002171,-0.141981668797445,-1.07600474954826,0.751353307332116
ipla-7,0.0965553051577253,-0.384761439861806,-0.994305149221024,-0.0310142333529395,-0.0418946904571218,-0.0143401396099835,0.00691067950367804,-0.598117417535176,0.706957984181892,-1.15476825024544,0.911005801097469,2.58033430111279,-1.08256275077007
tag-151,-0.0482846987733158,0.979722820135384,1.69369758733959,-0.376065188813269,-0.39353205050362,-0.895486656423616,-0.363730911025603,0.885493570329749,0.940252726032901,-1.4710525278997,-1.03825270224956,-0.962553865629757,1.04979189748082
rga-9,-0.441194902834569,0.469540321418513,2.14252287071114,-0.920043765346708,0.122915995225143,-0.957725456699606,-0.794167819091076,0.243609958695487,0.885472784819874,-1.12151318171689,0.508584560703731,-1.12151318171689,0.983511815831839
slc-17.7,-0.407283048718112,0.404304357297166,0.115277643982536,-0.562531341346353,-0.455907750138971,-0.578104058436053,-0.452774911057332,1.19175102410402,-0.578104058436053,-0.578104058436053,-0.35658454708276,-0.578104058436053,2.83616480670401
mdt-31,-0.294434246448232,-0.160537565825321,-0.304815413133567,-0.414074593763205,-0.319351337249114,-0.372927283018025,-0.334702435794499,0.197167907538551,3.25969698622659,-0.479508650618915,-0.373910416159109,-0.479508650618915,0.076905698863758
hpo-28,-0.366969010265707,-0.376169889748226,-0.0626911359392192,-0.287380312120758,-0.181712951910162,-0.252046260194293,-0.348309649225872,-0.336283042399495,-0.376169889748226,0.041569204651567,3.29850271639684,-0.376169889748226,-0.376169889748226
F13H8.2,-0.366602262896707,0.944229786891813,0.408613346087151,-0.789596046122687,-0.53202889903145,-0.973942298919307,-0.873928591754095,1.32907926192268,2.03714771901365,-0.336202640992173,-0.482269090435549,-1.1465551091589,0.782054825395574
dhs-30,-0.735422246644162,0.440330703430483,-1.09871631721803,0.241571045334649,-0.949702409195348,0.364916236500918,-0.489738475233178,0.382828332819081,2.66394010153379,-0.962114783771239,-0.496190023246103,0.0888548466409079,0.549442989048225
fum-1,-0.264401679063744,-0.658839531190986,2.72347348376939,-0.0584108468987447,0.0511413310981934,0.220676191862563,0.0698742715819424,-0.629114824297897,0.463507300074366,0.74268668187197,-0.387435368312125,-1.38474296743281,-0.888414043062125
Y51A2D.13,0.558030508385465,-1.09162410875073,-0.843032947497123,1.99982268255539,0.0943732307435723,0.573745045640192,1.2311633589958,-1.238420838093,0.398758990688762,0.476383952697363,-0.627528351401225,-0.293250685871475,-1.238420838093
tam-1,-0.554344861300001,0.324940914436085,1.70616904855716,-0.59809108530709,0.0103298369431852,-0.69963166729982,-0.44716188867492,0.393268201958153,-1.14348874207276,-0.50977637301626,0.205164311542434,-0.92532804414012,2.23795034837396
nhr-136,-0.451937513305514,-0.127364217859065,2.34214178728516,-0.627563383625934,-0.344538689287043,-0.55160423052671,-0.410185211686265,0.155720044400627,-0.712336820449727,-0.712336820449727,1.92647473645092,-0.712336820449727,0.225867139503006
M03E7.2,-0.277350098112614,-0.277350098112614,3.32820117735137,-0.277350098112614,-0.277350098112614,-0.277350098112614,-0.277350098112614,-0.277350098112614,-0.277350098112614,-0.277350098112614,-0.277350098112614,-0.277350098112614,-0.277350098112614
mrp-2,-0.431320202241582,-0.400686000379928,0.432935460647088,-0.439959291880892,-0.350493344113502,-0.410262714384841,-0.317527734887398,-0.279210301674505,0.222063733794144,-0.439959291880892,3.20092744220367,-0.439959291880892,-0.346548463320474
D1005.4,0.826915996440662,-0.847045557213539,-0.887304219107285,1.0330269752239,0.223647501821757,1.0778274494699,-0.682405716788115,-0.911071437446652,-0.917260437077066,1.73019484235587,-0.757198456861605,1.00990361463063,-0.899230555448455
Y47G6A.22,-0.25219851871234,-0.529532799980784,-0.537380760548076,0.639926460084446,-0.706996468192728,1.12972630130118,1.40411755875665,-0.0349227845841033,-1.33416313612203,2.02516025994409,-0.995823367611502,-0.472966118746198,-0.334946625588597
mam-8,-0.291906760135742,-0.280042573877346,3.32557852558547,-0.291906760135742,-0.271230890610994,-0.291906760135742,-0.291906760135742,-0.291906760135742,-0.291906760135742,-0.291906760135742,-0.147144219875453,-0.291906760135742,-0.291906760135742
daam-1,-0.357998044930042,-0.237430161284104,3.30278483788621,-0.365579803697709,-0.230736540596345,-0.365579803697709,-0.254734814972434,0.0821686090610799,-0.365579803697709,-0.365579803697709,-0.220886118095065,-0.365579803697709,-0.255268748580756
K11H12.7,-0.28827143532608,-0.170093013084628,3.32482292159751,-0.308582801279676,-0.308582801279676,-0.308582801279676,-0.308582801279676,-0.25448324371495,-0.308582801279676,-0.308582801279676,-0.219220161197954,-0.308582801279676,-0.232675459316164
copb-1,0.00486907371622812,-0.657890533087886,-0.692134168640419,-0.128724990329642,-0.0941889213671751,-0.192101831228115,-0.694516209463421,-0.239776828564168,2.00252918354543,-0.82205825914055,2.2162821596693,0.21520446558337,-0.917493140692937
unc-36,-0.338997007219822,-0.33038057651163,3.30271238390046,-0.338997007219822,-0.338997007219822,-0.338997007219822,-0.297748574378847,-0.338997007219822,-0.05148276047848,-0.338997007219822,0.0421543249984336,-0.338997007219822,-0.292275746991178
Y42G9A.3,-0.333148536721806,-0.504065877538091,-0.504065877538091,-0.260739975813008,-0.29500917114345,0.24963337442325,0.22832378978681,-0.481247234502138,-0.504065877538091,3.21581847294822,-0.367500233695973,-0.0628775473153465,-0.381055305352291
ensa-1,0.307074458892225,-0.229088610783877,0.256933830505626,-0.727199365948476,0.854875308853559,-1.10563201061332,-0.356025373613957,-0.143709002674437,1.32489554703751,-2.19227632317364,0.252178731679501,1.58165897903859,0.176313830800694
mak-2,-0.478066812459652,0.641014942472003,1.52616134020362,-0.927459410244938,-0.242424882716348,-0.752020189894143,-0.506922553419488,1.71397388758918,-1.19250843139122,-1.22393180177674,0.933812576982301,-0.209985297876546,0.718356632531976
pbs-2,-0.417404289776047,-0.803657854157167,0.158446356096425,-0.058400693492312,0.0289688775828336,1.10858477626546,0.702959104131868,-0.930342569490985,-0.0936046557242153,-0.954481110427464,-0.891864064103169,2.58100825524097,-0.430212132146194
rer-1,1.20219915590501,-0.21591100503239,-0.868500797295485,-0.495759573985904,-0.133760963015081,-0.560954675515673,-1.49000067071036,0.0603108276120773,-0.849848178255914,0.884916623992484,-0.447159012833891,2.164126528547,0.750341740588122
F58F9.3,1.06503287773818,-0.492802568295065,-1.11305506256085,-0.127145473476426,1.50359393871613,0.310167464172792,-0.47225344689956,-1.04308374173874,1.2963405641383,-0.692131742922383,-0.53945708031949,1.41784933400796,-1.11305506256085
Y54H5A.2,-0.0261373555359149,0.535584919129867,0.760960582097441,-0.432573230472543,-0.344578959276762,-0.99156315266282,-0.0659077102201742,1.21070147488021,2.23562200548484,-1.23839157604427,-1.19174745582675,-0.626104324559763,0.174134783006631
let-23,0.384441294903974,-0.826328103417411,-1.42114078415636,0.900740761390611,0.712638866112459,1.90005078033764,0.667574243312318,-1.38526380245001,-0.163201749586965,-0.294185781707762,-0.178269802623605,0.764344455109674,-1.06140037722456
ethe-1,-0.754749820385685,0.37181323257948,-0.424531951198552,-0.198311269031587,-0.665889667078655,0.0524416665976342,-0.100185383148868,1.10620520603477,-0.974714274413961,2.5597550020118,-0.684190691006952,-0.974714274413961,0.687072223454532
col-174,-0.277350098112615,-0.277350098112615,3.32820117735138,-0.277350098112615,-0.277350098112615,-0.277350098112615,-0.277350098112615,-0.277350098112615,-0.277350098112615,-0.277350098112615,-0.277350098112615,-0.277350098112615,-0.277350098112615
tmed-13,-0.380275367667653,-0.260333267821395,0.0109741870142381,-0.403397439381792,-0.390860104813704,-0.391824209090529,-0.268340258538115,0.125529725599176,-0.403397439381792,-0.403397439381792,3.27582731632773,-0.403397439381792,-0.107108263482582
tmem-131,-0.321140425177745,0.504571494136522,1.44090536083878,-0.276172767702826,-0.843852050173808,-0.644680749171108,-0.554198054660615,0.595389576544007,1.49276440402356,-1.50746737556477,-0.150965419241037,-1.12093394526872,1.38577995141777
tag-123,1.0181385763011,-0.529105970092367,-1.79643534902069,0.115815011840303,0.771151867973223,-0.208840767170873,-0.963153442668148,-0.899261032209879,0.296658272389213,1.59102423285769,0.940967859783699,0.699468375158515,-1.03642763514179
col-76,-0.733339611368638,-0.793728948117909,0.278755017691468,1.58046854688804,-0.806212687193785,1.25192041940569,0.127979835349588,-0.822143197207524,-0.822143197207524,1.76575495616218,0.551733956945344,-0.822143197207524,-0.756901894139407
aqp-1,-0.349401731303639,-0.809167502470286,-0.847015698334965,1.72576461271205,0.362919437208651,1.69811480247473,0.326807143758896,-0.821199951730274,-0.191523805252642,1.31921919382151,-0.720485104214108,-0.847015698334965,-0.847015698334965
tiam-1,0.570938893701095,-0.884146815481276,0.374258969209948,0.397141157357478,-0.419629229418837,-0.270982935542169,-0.252392864775878,-0.884146815481276,-0.884146815481276,-0.390345200000195,2.64748698509568,0.880111486297979,-0.884146815481276
ctr-9,-0.523749995823604,1.41527279617019,0.704589998354648,-0.959207071101854,-0.974253920921401,-0.691329532401682,-0.970733422449606,0.281329294653031,1.25519183192061,-1.13819964219223,0.407972252581011,-0.430177850483806,1.62329526169469
nhr-146,-0.59065917151766,-0.341562604625621,0.137133400468676,-0.575566479036659,-0.2200866911042,-0.424880830802505,-0.438225308223292,-0.752899418487801,-0.436347611211405,2.96008122194612,0.337961488518096,0.904060373407498,-0.559008369331246
capg-1,-0.411255267495166,1.09663525849057,0.144618058411211,-0.418140664195395,-0.363420453721496,-0.463066987712801,-0.570612689879375,0.671807284599169,-0.485530486702866,-0.722683009329099,-0.537695543913937,-0.722683009329099,2.78202751077829
R03G5.6,-0.635447200809807,-0.324881734742446,2.30933858100085,-0.645995123765421,-0.291555303888904,-0.354489782979886,-0.468816411524284,-0.406336105863565,0.120959029308608,-0.402095332353759,2.09267293815197,-0.715504976425392,-0.277848576107956
daf-16,-0.628783476048665,-0.110512506428721,2.56406434568646,0.427044519309465,-0.878069904432078,1.24592790517262,0.256877247890454,-0.00726289567081736,-0.501923966889434,-1.34761893006212,-0.208455941433743,-0.458993109561044,-0.352293287532384
nhx-4,-0.416928430342599,-0.416286094521158,3.03696589679877,-0.44559591038111,-0.443674023958188,-0.455312590104958,-0.369442592238179,-0.374365246010175,0.354672550069413,-0.455312590104958,0.895904211003061,-0.455312590104958,-0.455312590104958
ivd-1,-0.231237728047538,-0.632986724699238,-0.284742356822302,0.446691857011878,-0.152550349212715,0.889655938686463,0.704361094317772,-0.711078453216547,-0.763777936590267,-0.763777936590267,-0.4711334568611,2.73435398861413,-0.763777936590267
Y57E12AL.1,-0.414540882254731,-0.936052329651161,2.13891844798377,0.945276043616558,-0.465060835590153,0.95565572335247,-0.353727384841166,0.022031300924312,-2.03118222108471,-0.120990653797386,-0.00186373724626755,-0.0331386894688757,0.294675218057347
sut-2,-0.0553431618888106,0.00467850571225291,2.92263617386742,-0.317430364777356,-0.343980674051313,-0.24697337643918,-0.228185430395152,-0.330987414030727,-0.415262917266627,-1.05123925107212,0.63086362260887,-1.05123925107212,0.482463538804863
pdcd-2,-0.0851271722664821,0.370056780286517,2.42841960498336,-0.712009154092685,-0.340709565139653,-0.737912835155418,-0.536326916737329,1.33722370159529,0.113823609919167,-0.625324422309403,-0.918032520212769,-0.99119941944472,0.69711830857413
T19C3.3,-0.351208548133893,-0.351208548133893,3.20221927235631,-0.351208548133893,-0.351208548133893,-0.351208548133893,-0.351208548133893,-0.351208548133893,-0.351208548133893,-0.351208548133893,0.636757115511945,-0.351208548133893,-0.326890906529326
pas-2,-0.435789707057444,-0.784196149071037,-0.532892628617298,-0.129470501917964,-0.178645254039842,0.237507136841933,0.98298640639698,-0.783900807144736,-0.874801957738984,1.70516688528734,-0.618586212053193,2.15061520664253,-0.737992417528291
C55A1.6,-0.401252073258262,-0.38783322676806,0.312120208421898,-0.401252073258262,-0.363421410757647,-0.401252073258262,-0.401252073258262,-0.401252073258262,-0.401252073258262,-0.401252073258262,3.17991935063771,0.469231664532195,-0.401252073258262
pigl-1,-0.4725853594741,0.0582423308866016,-0.379770215095454,-0.421039668514724,-0.376145949075033,-0.501595133313825,-0.50061032152837,-0.229087975490292,2.98334497165078,-0.549629662648687,-0.474750859035795,1.12277005341504,-0.259142211776136
C46H3.2,-0.299456950961832,0.0641068251189255,2.72824944189228,-0.705490536790432,-0.422767915535792,-0.758685966962974,-0.713441172876936,0.254709946768369,0.527229532902201,-0.829850111388938,0.990776159028829,-0.829850111388938,-0.00552913980476126
noa-1,-0.452897110189691,0.246393197449228,0.118163195642778,-0.362839934972284,-0.571318666105595,-0.40936554711834,-0.571874400281487,-0.292574847667998,3.07729838296394,-0.595507560578811,-0.56904972541596,0.671451697681897,-0.287878681407679
dgk-2,-0.522248983590481,0.207614648032986,0.666078521941409,-0.106205491091632,-0.33741393907388,-0.481037806604104,-0.644651067150319,-0.509038480675475,1.27234534985498,-1.13781382970325,2.56704348750684,-0.147422375570195,-0.827250033876876
hgap-1,-0.640455245966217,-0.238482379115529,0.78536599721432,-0.806493276269713,-0.63404797617362,-0.706980844008969,-0.918383549587275,0.224925172450951,0.0767744051819887,0.986580546566118,2.67686989969596,-0.417523396276087,-0.388149353711932
Y41E3.8,-1.20677829216361,-1.16134617932641,0.56526229725507,-0.367987620859227,-0.62805279780543,-0.368547230442995,-0.65282619733105,1.22428819949696,1.44429374822073,-1.41226183205193,0.768640282176318,0.927898055127115,0.867417567704458
R12B2.2,-0.305121798477757,-0.360078636477562,0.155495968138513,-0.20962483160247,-0.428601111616417,-0.366018466549986,-0.368523613191847,-0.155638110319552,3.04311101062735,-1.1370411434391,-0.618667183548859,0.293184209765332,0.457523706692356
aak-2,-0.416405564006931,-0.252033832415441,0.298096640884956,-0.547046185784003,-0.0271820165938619,-0.543381660397833,-0.340405778974883,0.224474348125808,3.07929037647683,-0.971766369973414,-0.393873280442084,-0.458106152465883,0.348339475566745
F54B3.1,-0.419347109544109,1.60625682557422,0.686574356398893,-0.589124950299244,-0.568671066027945,-0.81599818689452,-0.594800377581492,1.07989986251121,0.680502870680577,-1.5849279168413,0.197576609554181,-1.03279733733209,1.35485641980162
F23F12.13,-0.217732971017562,-0.569178796604375,-0.569178796604375,3.0578282666602,-0.495110197007126,0.607736497409609,0.258728786641131,-0.534682831171428,-0.569178796604375,-0.569178796604375,0.105180987918946,0.0639454435881026,-0.569178796604375
cids-2,-0.558723487952641,0.263493229458339,1.90832222258307,-0.867253388421341,-0.558051675474015,-0.805300992428605,-0.641852999094078,0.696345803419911,1.42342051045341,-1.24936962407878,-0.693547720227212,-0.0561484786012713,1.13866660036321
lig-4,-0.488966537217022,-0.53127735107179,0.106026840303562,-0.503828700048668,-0.336258157131935,-0.362457412210019,-0.25477813352316,-0.385541039004206,2.87701474682881,1.32528047133187,-0.606151547937476,-0.455287340505325,-0.383775839814641
dbn-1,-0.62739715569741,-0.305817464881524,-0.648003382392289,-0.519139510206589,-0.0515997545979768,-0.317795336000195,-0.550865255690588,-0.572670787894783,-0.145538851324088,1.53857513128402,-0.371259961355275,2.74448964274648,-0.172977313989787
F35D11.4,-0.660778164721603,-0.0278962638592837,-0.574335122815413,0.777149570005083,-0.733900211814423,0.928411844389461,0.51027948806493,-0.194564985838597,2.61725257214071,-0.506605642511432,-1.15642525615622,-0.42939307566067,-0.54919475122255
B0261.8,-0.548911263352509,0.712927148116737,2.07086938960255,-0.685397233017497,-0.601719771760427,-0.741427244014233,-0.741427244014233,1.51524527306561,-0.741427244014233,-0.741427244014233,-0.67919747530277,0.135136777843214,1.04675613086202
pen-2,-0.632524405839571,0.760763319222946,1.93892002637204,-0.706332890823864,-0.797919142311284,-0.782191039971317,-0.823030882028322,1.08561345044318,-0.483367586651085,-0.033167757324758,-0.169589494985399,-0.941179970068359,1.58400637396579
T26G10.1,-0.305934868874904,0.780279975900993,0.448381418574052,-0.808882564862046,-0.186741200647135,-1.08383506476221,-0.902279769940058,2.09159577012082,0.332377009461288,-0.636372460690975,-0.723802495468468,-0.622486085263893,1.61770033645254
bed-1,-0.468734272305212,-0.29566422668866,0.982089217985301,-0.444145335736558,-0.502906890389943,-0.4709515580614,-0.432298483973044,-0.351317115132114,-0.0963687647736638,3.04964021242116,-0.144893057919629,-0.606705058954384,-0.217744666471859
eif-1.A,0.428111997326341,-1.0548598451944,0.533575509317084,0.0967543452730579,0.0191210753634754,0.371076416829583,-0.128077655337442,-0.528558736196009,-1.29532142198157,-1.40268810664942,1.88592555569023,1.58538011557749,-0.510439250018426
pgp-3,-0.432162153755139,-0.729711989764135,-0.649871918881423,1.59602957096449,-0.69465185745703,1.3757820908805,0.706586056488758,-0.729711989764135,-0.729711989764135,1.82753606572485,-0.112941387052099,-0.729711989764135,-0.697458507856362
Y73C8C.10,-0.340813696927486,-0.0626482244238006,-0.849658164009101,-0.771947262635795,0.310989640979729,-0.800824766659582,-0.267077990351095,1.36421935346802,1.52661112411783,-0.849658164009101,-0.849658164009101,-0.39901736646202,1.9894836809215
F28D9.4,-0.606116042784395,0.78187493988772,1.40055435083764,-0.77122202099204,-0.745092135936138,-0.654420564180356,-0.6954724444611,-0.123445420440638,0.141603918189518,-0.635588542783711,-0.341278398632793,2.5232307833626,-0.274628422066308
F33G12.6,0.268914492985435,-0.422659615683173,2.26549949779167,-0.748419972032119,0.421764289705552,-0.478527678342346,-0.185835094457459,-0.0319492473627586,-1.07761561448461,-0.42774464235355,1.74514698749938,-1.07761561448461,-0.250957788781417
gfm-1,0.585884475797483,0.634958524027634,-0.93989000448429,1.00510143529437,0.839515989038756,0.17113220053293,-0.413728227157271,0.954076215148218,1.42055940257113,-0.967678326718229,-1.77434231403784,-1.14071279961322,-0.374876570399674
pak-1,-0.476026487608195,0.160790529574914,0.61974343431093,-0.799179373653337,-0.841247697534015,-0.588871486390183,-0.456472466848319,0.312932066980742,1.436540198918,-1.00032848855,2.27386729213976,-1.00032848855,0.358580967209698
abtm-1,0.0635823236131189,0.468365025293852,0.466428698882614,0.127213392621144,-0.0873711499146432,0.0196001997010485,-0.841115641081712,0.560601821893233,1.96196866065671,-1.55090045812152,-1.04486172498267,-1.32802737949211,1.18451623093094
pdl-1,-0.303273252094361,-0.321901837868111,3.31155959992669,-0.318166737739775,-0.323392659629265,-0.328194073865641,-0.321403614277496,-0.31450409294619,-0.337712182332689,-0.337712182332689,-0.0134108786141089,-0.103280163356834,-0.288607924869524
T04B8.5,0.24767666215086,-0.366235570870533,0.727075941664825,-0.00207128942534024,0.0684803686643444,-0.346202632028331,1.29212626553763,-0.105404944001064,-1.03243048521127,-0.571364225123162,2.26774889677708,-1.61917703500745,-0.560221953127586
T11G6.4,0.199599040404522,-0.54510954914664,0.300360279554154,-0.530082431533847,-0.12048783304479,-0.297145054712106,-0.521921036057125,-0.508027461249817,0.265349253901292,-0.778721690388866,3.09619998994662,0.0652659718944673,-0.625279479567863
C05D11.13,0.0240714096569692,-0.720225542870333,1.60780914345508,-0.557019374820466,-0.342957142167716,-0.803850889405975,-0.490681249524775,-0.538418928346507,-0.433351486822156,-0.477869334218455,1.95592058515994,1.56037970593559,-0.783806896031205
tmed-3,-0.340676596040408,-0.63752618825727,1.60629948093679,-0.463977564739711,-0.384485038035814,-0.0243146819483489,-0.392373271001004,-0.455720485111522,-0.472429878945082,-0.533267296774885,2.73066816381419,-0.252774546383436,-0.379422097513497
W02B12.11,-0.438188857686859,0.177445755907501,3.14769437484288,-0.524194317980853,-0.31656401869015,-0.465419904874845,-0.421272476074814,0.0317519343189733,0.243812900970714,-0.718479138632517,-0.0563499378790255,-0.718479138632517,0.05824282441151
F15E6.6,-0.439135225362849,-0.293257703993377,-0.78803396479387,0.0953811686986464,0.0509221161872605,1.07482845082139,-0.746064625916982,-0.534393822364181,0.254399716251083,2.84989374748315,-0.290166295617932,-0.78803396479387,-0.446339596598464
hsp-75,-0.349735498601766,0.106752924188614,0.4516197319772,-0.269557696414338,-0.382258024833642,-0.503523996767047,-0.533810784077622,0.164468336537724,2.90718690087101,-1.09324264410859,0.375755640929024,-1.03191645922722,0.158261569526651
pqn-26,-0.227468323943307,-0.272729811998557,-0.293985873313928,-0.293985873313928,-0.233749962607184,-0.28270573833087,-0.281290823291177,-0.293985873313928,-0.293985873313928,-0.293985873313928,3.32733348465527,-0.293985873313928,-0.265473584600603
F58A6.1,0.657363516418927,-0.441950252828438,-1.72652319621987,0.216311732169551,1.47442250836927,1.00364430648423,-0.477246336415561,-0.137673206991938,-0.206233945712172,-0.828944187758599,-1.02300685858563,1.7526155810358,-0.262779659965577
srr-6,0.94529110129535,-0.816271709800298,-0.946835528845581,0.817858475331378,0.435879084580624,0.275689507405936,1.40744695325573,-0.763124574029131,-0.443699272237686,-0.998631160005301,-0.77052238830359,1.82317843508588,-0.966258923733314
nsf-1,-0.39161746368376,-0.231555087634095,3.19483847843026,-0.567326545518345,-0.29648122023929,-0.543086028956751,-0.527133090720907,0.00176876872229848,-0.701280052346567,0.162430215522282,-0.0796825895726048,-0.208812621993039,0.18793723799051
C51E3.10,1.26757445756381,-0.0122850013634311,-1.43570489037748,0.399598181124715,1.07154770464385,0.597898910138031,0.608617492197653,-0.713154902390886,-1.43570489037748,0.580437268661784,1.02790965968672,-1.43570489037748,-0.521029099129781
T13A10.1,-0.498410446636821,0.912000423740204,-0.498410446636821,-0.498410446636821,-0.498410446636821,-0.498410446636821,-0.460666129101543,2.55676117663198,-0.498410446636821,-0.498410446636821,-0.498410446636821,-0.498410446636821,1.47759854846074
egrh-1,-0.415695384656735,0.0686261978312709,-0.484082625843466,-0.585247300490253,-0.325256572296604,-0.281965430873356,0.200272646102502,-0.319771499448277,2.95029493956369,-0.960761389400097,-0.243919542406939,0.957756669448283,-0.560250707530012
F27D4.6,-0.054276037384775,0.138274796043318,-0.179105214605145,-0.244460076167952,-0.218263499567669,-0.126818188232464,-0.0938481497810805,-0.23552485514438,3.2238659050265,-0.709339500123444,-0.546389922144022,-0.709339500123444,-0.244775757795444
nhr-41,-0.027935478037797,-0.549236117897881,1.36938673412425,-0.381369227703389,0.00180182806061655,-0.190324936937906,-0.559323611060664,-1.03508349874417,-0.229979505258438,-0.533185712709551,0.495490173762064,2.5988310168364,-0.959071664433538
dhs-4,-0.754466927786718,0.626668556603337,-0.449320978009138,0.206760197216041,-0.888931735718027,-0.337246371094287,0.0637721437636068,1.23580607135431,1.06717775508772,-0.989393316276109,-0.900911032975186,-0.989393316276109,2.10947895411056
bec-1,-0.198634067956592,0.243526222382447,2.45426499789333,-1.04252486588362,-0.603171347510718,-0.784535427605649,-0.653765170676845,0.00422218374950211,0.285825908072245,-1.2052668434328,1.30343847052633,-0.15818594865036,0.354805889092728
madd-4,-0.290909260391284,-0.290909260391284,3.32662352926004,-0.290909260391284,-0.290909260391284,-0.290909260391284,-0.290909260391284,-0.290909260391284,-0.290909260391284,-0.290909260391284,-0.200769215154621,-0.290909260391284,-0.216761710192584
T24H10.1,-0.577214208744545,0.466593277763077,-0.286611885513428,-0.701216182580487,-0.547111624831924,-0.524174723384367,-0.586844853305402,0.486615264349891,2.74387196060622,-0.982199789141948,-0.621261837096437,0.246556023216617,0.882998578662734
catp-6,-0.289975714088719,-0.620032087735232,2.89826203473732,0.354166626898912,-0.263207357253459,-0.168729408428939,0.371150080467103,-0.619716063663132,-0.360785536103195,-0.82267605591915,0.821558701053278,-0.82267605591915,-0.477339164045637
ppfr-1,-0.722934574533043,-0.311137022499613,0.851914690322777,-0.432010394094108,-0.347206202595291,-0.377205297058797,-0.453966072315663,-0.707050271842909,-1.27253412419008,1.59660173128279,2.20859011437062,0.459089055523427,-0.492151632370112
epg-8,-0.0613701428616775,-0.121951262553571,0.519678806597776,-0.793762632251477,-0.385803056157079,-1.06913852239393,-0.542983406708645,0.779919106323753,2.39281909405218,-1.62858199134091,0.0153675494568409,0.216713739260489,0.679092718576254
W08E12.7,0.789653951506775,-0.613711264011604,0.198089330129671,1.50999273129842,0.576137113097482,1.58876523517045,0.982796795406969,-0.752564865361948,-1.34573390501127,-1.18256410060893,-0.67399875705101,-0.382567026854791,-0.694295237710214
mtx-1,-0.568628968057251,0.0130603279412565,-0.505488669234938,-0.182348358623958,-0.364983342411471,-0.542006684486515,-0.350977753198101,0.0314054177965126,3.05910402485997,0.843534181317739,-0.490924342024258,-0.673910313442669,-0.267835520436314
lin-65,-0.460737816488044,0.388228750825757,0.549249509681127,-0.515009564633749,-0.397088418985196,-0.596966905762216,-0.665041159729936,0.0753085908760713,2.97913051982317,-0.777242568235989,0.0478479302015534,-0.777242568235989,0.14956370066344
B0034.1,-0.296563298901398,-0.296563298901398,-0.225407891197045,-0.296563298901398,-0.16712632926527,-0.264052176352658,-0.296563298901398,-0.296563298901398,-0.296563298901398,-0.296563298901398,3.32565608692756,-0.296563298901398,-0.296563298901398
F10E9.4,-0.142162314653292,0.996699238759568,-0.351012357613531,-0.419158176360722,-0.461782468627087,-0.51757841542004,-0.923280512439242,2.20870451153037,0.723944263001418,-1.15588071917188,-0.961711054551374,-0.268864032037004,1.27208203758281
hsr-9,-0.762358200015356,0.754602512066902,2.34683082072669,-0.624612140132766,-0.626754859465217,-0.712954751420919,-0.539724090995894,0.297986256385628,1.30146485593225,-1.09003320899847,0.428032710256293,-0.777933704867528,0.0054538005283766
T25B9.8,-0.677665723004044,0.106815262706985,2.13510750781426,-0.679172806550629,-0.575458202472813,-0.604537654151212,-0.706466899054124,0.839653754797593,1.19962936492893,-0.963276473884898,-0.233505596680281,-0.963276473884898,1.12215393943514
trx-2,-0.0798638325631209,1.21797972753077,-1.24231207995547,-0.0904256558881407,-0.488929690669881,-0.675243321618996,-0.16478298139169,1.30284240877545,1.56399805839212,0.630248482405384,-1.20395899455434,-1.37223439342941,0.602682272967331
ech-5,-0.447907351821444,-0.643550485130747,-0.73510839939917,-0.532524579485457,-0.426488999478291,-0.241883280498393,-0.261852493773842,-0.619078710126692,1.81308564357984,2.52699442854748,-0.0896032789910315,0.0834288577572683,-0.425511351179515
cest-27,0.816223703182753,-0.950559623540324,-0.612494356984307,0.340159959636037,1.8864307737649,0.717676194010276,-0.223503501765586,-1.03584274550733,-0.54806297721264,-0.316028756729563,-0.760930822989652,1.67153838853326,-0.984606234397818
pas-5,0.624543243174877,0.16385977782252,-1.44911172930218,-0.297076724467219,0.489172072619202,0.378030709599315,0.446490159859228,-0.576677411855792,-0.176218826710284,0.177864580089823,-1.36377529358195,2.4201688859521,-0.837269443199643
E03H4.8,-0.110394061399865,-0.919568236184748,0.941326615910913,-0.318602060411353,-0.361880119112843,1.738904532882,0.994365759936714,-0.919141981242326,-0.618991505806712,-1.11416905351703,0.0409193450031767,1.61408458160656,-0.966853817664481
dcr-1,-0.759865685994974,1.86579661135424,-0.162514996558214,-0.737424842169595,-0.620265023793146,-0.689489220648738,-0.79579958062133,1.0059877297036,0.0500553076231459,-0.927308184792205,-0.642197013168933,0.623588499302651,1.78943639976351
F19G12.8,-0.326012045263268,-0.343578007791104,-0.252791484834419,-0.24779334983553,-0.343578007791104,0.0398628796463641,-0.170559326267212,-0.343578007791104,-0.343578007791104,3.30840769246112,-0.289646319160429,-0.343578007791104,-0.343578007791104
dnj-5,-0.482217409329911,0.381042801809287,2.8957920843048,-0.46184255142049,-0.422945307704537,-0.958068055680265,-0.430229386852756,0.361509425532899,-0.427392966626711,-0.973778997920276,-0.11418459036741,-0.049177565498284,0.68149251975366
Y32B12B.2,-0.466705668488453,0.933014719772368,0.0941462067223104,-0.667231905503342,-0.444701519992373,-0.686194852329507,-0.45640037102966,0.773413343770627,2.63871803108445,-0.800662405430619,-0.66282848450956,-0.800662405430619,0.546095311364374
nhr-22,-0.842383044489069,0.483207210952061,-0.463601122186307,-0.538686277479276,-0.344837243131551,-0.27180087019352,-0.763298838373582,1.92000727759102,-0.673547237755146,-0.348987125453705,-0.905720208860097,2.05079843199145,0.698849047387728
alh-9,-0.147485220991053,-0.143684136751711,3.28880888161501,-0.319820687154317,-0.236516511891584,-0.40856941869984,-0.300612676532012,-0.201753470370336,0.0279150042733638,-0.490345010200236,-0.424166761983128,-0.490345010200236,-0.153424981113921
sdc-2,-0.668324632751895,0.351969301628936,1.94445750828712,-1.16740407766612,-0.0709128254831911,-0.777796623502898,-1.05115023212373,-0.00271779777362762,0.447035667992408,-1.37172868216898,0.532162290007993,1.42886153700597,0.405548566548013
C29F7.1,0.601252617728481,-0.772812145016029,-1.55651045270628,0.860789144444236,0.31596825189734,0.655268491082498,-0.0352150617855595,-0.712881966950007,1.38959515012748,1.31271652888753,-1.48091644330276,0.353633159455278,-0.930887273862217
W01B6.5,-0.290276151293194,-0.247642566138406,-0.295635452913361,-0.295635452913361,-0.258829082915256,-0.295635452913361,-0.274983175879204,-0.27240300732756,3.32755690177506,-0.295635452913361,-0.239813632265868,-0.295635452913361,-0.265432021388763
clu-1,-0.570315281522084,0.155663288943105,0.969665307915525,0.304685847357189,-0.0342762775068032,-1.21124620418955,-0.695263225097177,1.00541879473386,1.52081069701727,-0.862350053562723,-1.56698801892437,-0.418558998935974,1.40275412377173
C53H9.3,-0.132953244991085,0.0325595670048239,0.594767118405943,-0.517314515465625,-0.102884450915085,-0.432959443102644,-0.67184305935482,0.266759161565125,-0.384726087518469,2.86310304932359,-0.479888241677927,-1.39150766214709,0.356887808873258
C07H4.1,1.16368017690037,-1.00885455910824,-1.09350464901184,1.29551985313947,0.747198271619935,0.721669386391964,1.28887317858768,-1.11417562868424,0.376166444257927,-1.11417562868424,0.187598040067309,-0.335819256791853,-1.11417562868424
rbpl-1,-0.827678320730582,0.551218966952085,1.90718537136157,-0.683274381373195,-0.819119232730448,-0.739204168312164,0.0126421925142671,0.540164454395173,0.932590377847313,-0.509887387745215,0.0658719205726572,-1.6593551928239,1.22884540007245
pro-3,-0.354611702838575,0.288933767456824,0.772858192417934,-0.630478772022273,-0.192138571081879,-0.624088097139282,-0.50517528940595,0.377418943554214,2.67255911355384,-1.0109152634951,-0.508969464899546,-1.0109152634951,0.725522407394889
T05G5.5,-0.111059478175543,0.511444168026195,2.65668815444139,-0.323977822715099,-0.711869964817306,-0.819320047887357,-0.465300935235023,0.300582748909945,0.980452642463041,-0.897497634550576,-1.1406764381409,0.0813129900721131,-0.0607783823908717
lea-1,-0.11831052607756,0.0467469104538274,3.26419273047459,-0.41477061007493,-0.343776168951374,-0.443057111328516,-0.35426479385614,-0.182970774666453,0.0420236233511901,-0.495240063609403,-0.430701368854378,-0.495240063609403,-0.074631783251446
rpb-5,-0.16046267719347,0.929658436225932,0.87193467892853,-0.619527771535828,-0.0275628025952014,-0.627125373292468,-0.542185599717881,1.55318115331546,-0.558870949959225,-1.04384959600124,-0.503344180079618,-1.20835717499708,1.93651185690209
C17E4.10,0.21356043683213,0.280659546695293,2.06003379120441,-0.806295636582197,-0.469002536854983,-1.06725706893194,-0.445901134732228,0.648296522491508,-0.166686829449416,-1.28055699723418,1.11205506595362,-1.06323547814712,0.984330318755103
M04F3.4,0.541533763997157,-0.639989300569523,2.04680570869475,-1.03250344268905,0.311499304725258,-0.951600127970084,0.993765447447002,-0.572065872854795,-1.16561731659707,-1.07672517648576,0.760605476647045,0.79226826750167,-0.00797673184660208
ari-1.2,-0.46804854505986,-0.22343570989098,2.78566682097077,-0.589292886966892,-0.505436060144388,-0.537590743037616,-0.382553125851398,-0.103935888704244,-0.271809890104124,-0.679767488299614,1.35382485077126,-0.679767488299614,0.302146154616692
prp-19,-0.359385041381444,1.06268570810689,-0.484850699501252,-0.93356366473074,-0.193449107009609,-0.354598695810311,-0.811764601992,0.97440531951634,-1.02849848786506,-0.0634710928098789,-0.924351439269519,2.29656558873648,0.820276214010097
ercc-1,-0.0802606557448476,0.119082062772256,0.0473110895730431,-0.489702657829948,-0.382984446932596,-0.194298784590315,-0.560946172473743,-0.164199070283084,3.1808058826071,-0.8674804932584,-0.583906711081603,-0.00949142459387375,-0.0139286181639899
ZK856.11,-0.484835083717941,-0.445247617040621,0.470385972289853,-0.683498072458177,-0.264759598217858,-0.604038915413038,-0.613101995210248,0.329372059075464,1.5244661708536,-1.21799923805445,-0.980027428815964,2.11018973790079,0.859094008808587
mks-2,-0.290371808752953,-0.297054702719109,3.32430881182473,-0.297054702719109,-0.283114403143831,-0.297054702719109,-0.297054702719109,-0.297054702719109,-0.297054702719109,-0.297054702719109,-0.252335960888706,-0.297054702719109,-0.122049017286366
rgs-1,-0.390557146159852,-0.189598566139643,3.26121822883347,-0.404540864090408,-0.39256271664912,-0.39309080038567,-0.32738177878206,-0.178944366838394,-0.404540864090408,-0.404540864090408,0.268318030090669,-0.404540864090408,-0.0392374276077693
mrps-24,0.634039641091768,0.444644145275901,-0.936054939762243,-0.0662393832471279,-0.301460317389729,-0.213004029345877,-0.502246719639544,1.6185829882711,0.645318501174226,-1.85207011332225,-1.10325891862072,0.0687786740992606,1.56297047141524
hot-5,0.410652397648337,-0.860411135909446,2.1819090296571,0.0881392616237663,1.40606940873799,-0.663751232567571,-0.1204202613432,-0.860411135909446,-0.860411135909446,-0.860411135909446,-0.274133687946829,1.07521915731086,-0.662039529482668
nck-1,0.994570365038497,-0.410231417731895,-1.6175278292999,-0.19224902939751,1.04597578597609,-0.22219280849979,0.726043502995424,-0.39453691687761,1.54456131388811,-1.90770577816872,0.566834707560328,-0.128904577817324,-0.00463731766569378
hpo-15,0.417502436820831,0.098344608156566,-1.55356390495783,0.656067261521768,-0.114875960712182,0.73524553406834,-0.490775925396609,1.40468867025109,1.24059289785086,-1.38853838330238,-1.13864168258112,0.913043086041403,-0.779088637760745
plc-2,1.09439060180431,-0.726031863995784,-1.70669647879405,-0.958042452865991,1.48513301647892,0.197508350837043,-0.0463112626582733,-0.336345640021504,0.4208779460327,-1.11546836964243,-0.00470293985827548,1.63063289153202,0.0650562011513107
H06I04.6,-0.360569548683423,-0.0393748641023495,0.864539532009327,-0.00171142813942488,-0.524935816874575,-0.248042345431683,-0.147841571708414,0.0803118923352096,2.9223442371049,-1.17364624783946,-0.444634233137038,-0.78820581328847,-0.138233792244596
nuo-4,-0.155795787717049,-0.193183615110671,1.04806219265432,-0.00114707542364859,-0.0534066537013234,0.431280947612472,-0.902099726278084,0.4357241882422,-0.163466426206667,1.79531014775415,-1.18412149156963,-2.01798820419013,0.960831503934064
sfxn-5,1.51513545649801,-1.35472123746858,-0.60635869537427,0.723930946173377,1.06209998312637,0.760096085108297,1.08959239793907,-1.34098636050521,-0.137468241939312,0.208987710576879,-0.716181959101552,0.099948280712643,-1.30407436574572
gsk-3,-0.767111264848646,-0.0590485840326727,1.12225426335548,-0.900186151504879,-0.730510122150403,-0.816782873807612,-0.931156877371334,0.820334810341038,0.529704481581502,-1.42952426674216,0.327517504623914,1.69007971646094,1.14442936409483
sir-2.1,-0.486171701487953,0.654697022553711,1.92583247458453,-0.87553472442839,-0.442593124252128,-0.945038995183666,-0.348812100802564,0.402037153913269,0.0170986941940206,-1.35483469478598,1.08329482200847,-0.91259152647145,1.28261670015813
ZK1240.3,0.0910841491337055,2.11738325522693,-1.0202370664966,-0.805583303892256,-0.307002134230437,-0.973058478478297,-0.852847907116037,0.943217337308215,1.12594858403025,-1.15042624245326,-0.189336296449612,0.588779118241803,0.432078985175593
inx-6,-0.406813305524712,-0.406813305524712,1.84782857000874,-0.406813305524712,-0.406813305524712,-0.384117297449666,-0.406813305524712,-0.406813305524712,-0.406813305524712,-0.406813305524712,2.60442178268805,-0.406813305524712,-0.406813305524712
ZK896.5,1.24934237870283,-0.761285224170412,-0.88748069750074,-0.0709865472086987,2.10892012991276,-0.0702504012211502,1.22499499083845,-0.88748069750074,-0.88748069750074,0.604702093325332,-0.128159822894596,-0.60735480728156,-0.88748069750074
mce-1,-0.0992043928745192,0.09065879907848,1.1545186457723,-0.751561618691448,-0.481135641748876,-0.658031433040702,0.236615188490993,0.523468144930912,2.33761535047897,-1.17568084689674,-0.656832249584078,-1.17568084689674,0.655250900981447
gspd-1,-0.299037941524053,0.377106326311554,-0.527310135461863,-0.673358398715389,-0.232737778283675,-0.288624414363231,-0.456909638383261,0.768074096098517,1.73787878019229,-1.05985627274776,-0.752614322033519,-0.779613156623884,2.18700285553427
dhs-24,-0.452632897132821,0.256630054474661,-0.389478316632641,-0.634551874215258,-0.368902450749901,-0.56412880443219,-0.669573195457384,-0.366077723712863,2.85215213840312,-0.7982995497164,0.61271584523625,0.914697981019666,-0.39255120708424
C06E1.1,-0.431025471156746,1.70409725416822,-0.0772877367606805,-0.54069191070105,-0.233212789015616,-0.478470638012748,-0.368516400082368,1.39508404377009,-0.113920685193924,-1.09858692719908,-0.537848718324341,-1.09858692719908,1.87896690570733
rbr-2,-0.422955680882861,0.385935178426984,2.90910591285052,-1.10145287348791,-0.555603145598482,-0.725061313974707,-0.602116569059833,-0.169762378210528,0.286797473448483,-0.668042772568987,0.00258266990540115,0.438857492223884,0.221716006928032
abhd-3.1,-0.0338534811303928,-0.264597373758026,-1.14351755844287,0.798915887942253,-0.46858514942787,1.85534220410321,0.133572328033632,0.16066504523297,-1.50040516574804,1.63936239071724,-0.354345379803969,-1.07265381530114,0.250100067583011
C34D4.4,-0.209329190704614,-0.0580946810804166,1.74534138966506,-0.0122370923568966,-0.650570376073958,-0.666658059078678,-0.385148559970507,-0.545639008409099,-0.630859607886166,-0.67249936398965,2.41827473796435,0.481439449782564,-0.814019637861987
ncbp-1,-0.839272766221498,0.455412758920615,-0.117371862672236,-1.01193351806435,-0.815618753450953,-0.900165733931492,-1.07936101306122,0.242695491088344,1.08482938378437,-0.103691016911033,-0.281384836317389,2.14101615910952,1.22484570772733
F10E7.9,-0.234286665366755,-0.260237389746787,3.26994167401238,-0.364726245308732,-0.408523919192126,-0.408523919192126,-0.408523919192126,-0.319012640673275,0.190230315499247,-0.408523919192126,0.0397245812255572,-0.408523919192126,-0.279014033681001
viln-1,-0.414795939820556,-0.698931502006626,1.07061817739344,-0.313655629571694,-0.0345469125440489,-0.0280901238229657,-0.00483981007942034,-1.01759955575896,2.60650441658466,0.807875825426939,-0.753752608896735,-0.222140383889072,-0.996645953014959
ndx-1,-0.308769595398972,-0.420402718503589,3.15613208313858,-0.411751879817474,-0.347715638681337,-0.401222259562758,-0.387169449185147,-0.395817169492918,-0.420402718503589,-0.420402718503589,0.704819041552848,0.0479393107425606,-0.395236287784615
ruvb-2,-0.649717852393153,1.56816555545702,0.158378376564649,-0.638618861231819,-0.654054636720609,-0.684474724613005,-0.744779683601296,0.708259356725323,1.71825490580758,-0.777274545134894,-0.679640618491437,-0.777274545134894,1.45277727276653
B0303.7,0.466408829439628,-0.616278308331758,-0.710644797815277,-0.318855550305515,0.281952582387037,0.297054598262549,1.29387612564593,-0.608432154316287,-1.30601861360969,0.175533399279279,2.42523712969886,-0.77266182455417,-0.60717141578058
jph-1,-0.407590563884787,-0.384971631395354,3.18023194391711,-0.389332525215784,-0.425557256085049,-0.383588973678432,-0.408340222363686,-0.361337198073624,-0.425557256085049,-0.425557256085049,0.571335031788614,0.14954292690928,-0.289277019748189
C31B8.7,0.646788968380225,-0.502244733525076,-0.716298733822166,0.487340786120661,0.295057078299157,0.250424872367134,-0.20899218516017,-0.669493924917052,-0.716298733822166,-0.716298733822166,-0.338935478349627,2.8833801497458,-0.694429331494552
rsd-2,-0.763682387003318,0.102318214059925,1.93753901523407,-0.592645650399801,-0.754221380026492,-0.566134493740014,-0.345405716154589,0.366536569895692,0.864609690266012,-1.66058342421546,0.563966428679074,-0.570023654916367,1.41772678832126
F26F2.8,-0.380477984702158,-0.360987649938936,1.4419814526855,-0.399486482479826,-0.37333750595411,-0.399486482479826,-0.399486482479826,-0.399486482479826,-0.399486482479826,-0.399486482479826,2.86871354774831,-0.399486482479826,-0.399486482479826
acl-14,0.0387902275257366,-0.0915384854294006,0.82552486396816,0.73926409292244,0.00143355855013072,-0.131907443768722,1.11846103369356,-0.582537124270132,-1.22621755892982,-1.22621755892982,2.17501537583506,-1.00921769053418,-0.630853290633008
ptp-1,-0.581808842638901,-0.484183381525912,1.41811997864123,-0.588904923763738,-0.537444807181513,-0.61377434417916,-0.61377434417916,-0.398601701750124,1.95581696019852,-0.61377434417916,1.81594764008859,-0.177033921667059,-0.580583967863618
smc-4,-0.516077174899109,2.31611533015794,-0.158045629618243,-0.562064742398226,-0.461055632658405,-0.586768632952553,-0.594076500900106,1.57364738759606,-0.607968655173507,-0.519864555306809,-0.607263667143798,-0.466507326421809,1.18992979971857
kars-1,0.567476902755858,0.97143914134425,-0.973963854419265,0.804183531441706,0.758151142430998,1.60116012097676,0.143348947744324,0.422816418516729,-1.1387294209164,-1.68511068238297,-1.22933900423739,-0.370123504479216,0.128690261224617
C53D5.5,0.373206454767141,-1.0633849104602,-0.700121322363771,1.3678078992987,0.551259761317851,1.08988807557105,-0.299845126166253,-0.942136433164982,1.39187205331626,1.06494794028946,-1.08744019671706,-0.62676613676327,-1.11928805892492
C35D10.1,0.419913087054869,1.76072281497998,-0.603672212666816,-0.563765764744993,-0.572573972360987,-0.475072256069452,-0.421030401499687,0.608772200708383,0.821961953591082,-1.84674678308725,1.32670705460413,-0.931175191005526,0.475959470496267
aha-1,-0.239639515871681,-0.000977217314000492,2.88429582281088,-0.455527771235223,-0.17313118993912,-0.285679278363329,-0.218009191803566,-0.116116326852869,-0.568188715025664,-0.906994197208685,1.14076574872367,-0.872331954487625,-0.188466213432786
pkc-3,-0.763034384955816,0.733846798729623,1.00129538975381,-0.861429221563099,-0.66936761834274,-0.984376949109636,-0.449590446312235,0.7357006172298,-0.903140975590076,-0.93756231235368,2.03948469940008,-0.000112951460267076,1.05828735457423
sod-2,-0.0450975215516344,0.0773680100865585,-0.75561533624175,-0.162315320936517,-0.0962621584931079,-0.605235532392374,-0.540899758788775,0.400549206891434,1.78681523084546,1.86254584231167,-1.21456172917122,-1.39744018418703,0.690149251627285
nxt-1,0.0271300436392738,0.836596129943129,-0.722054518117574,-1.28719309549391,0.685589778448844,-0.489474293924922,-1.06478966868403,1.61769514732315,-1.39359742632422,-0.372996261223646,0.0589600225199658,0.626389668682413,1.47774447321154
T08G11.1,-0.247678352113844,-0.595103116894456,2.70093669578544,0.172009281873029,-0.489820921510828,0.113852333981166,0.635413419439181,-0.664556463824731,-1.2091908320568,-0.105975705580188,-0.213043235652,0.856603049612652,-0.953446153058622
oac-57,0.0786079487416343,-0.608283023930244,-0.706711858504332,-0.15402896869594,1.47836236266893,0.0963750872243976,0.154608912494482,-0.706711858504332,-0.589193309733813,-0.706711858504332,-0.268594200164239,2.63899262541211,-0.706711858504332
F26E4.3,-0.307518293845514,-0.313997902916896,3.31759248884207,-0.324222708840315,-0.324222708840315,-0.324222708840315,-0.107831296520488,-0.324222708840315,-0.324222708840315,-0.324222708840315,-0.192262288237575,-0.324222708840315,-0.126423745439393
scav-4,0.935371646570844,-0.721860632084728,-0.853347844203472,2.40430940931516,0.318652231358821,0.861733258075898,0.0769027000879177,-0.737734962428875,0.684314691471872,-0.853347844203472,-0.74201587325305,-0.611684772446164,-0.761292008260751
rpoa-12,-0.166989786976973,1.05064783118901,0.198282258806475,-0.682918499832113,-0.607451651266345,-0.662430542682565,-0.567387352409818,2.20155519411468,0.265421501349503,-1.02599910791484,-0.668985255799514,-0.805591410106452,1.47184682152896
ceh-83,-0.584101058707339,0.867189362776268,-0.465243079764861,-0.572839120134728,-0.557845401187958,-0.584101058707339,-0.584101058707339,2.39872808916611,0.243384754814755,-0.584101058707339,-0.584101058707339,-0.584101058707339,1.59123174657444
galt-1,0.760650917151969,-0.307424135056352,-1.35082237800212,-0.239186066904384,0.955965068064655,-0.136140175176413,-0.65690324560394,0.152440340859329,-0.714864831037504,-1.35082237800212,2.32593861699201,0.0025481318388574,0.558620134876008
Y54E5A.8,0.606772330702014,0.278671766118535,-1.15947062593666,-0.280992391404501,0.550694827542132,0.238220232420172,0.401377922128732,0.750065951671599,1.189939196775,-1.72399163551316,-1.18677642628697,-1.09604087359835,1.43152972538145
ZK909.3,-0.19840066797201,-0.397352002466088,2.98595595700534,-0.349254580050265,-0.0179139181180218,-0.351540073229265,-0.236403342662972,-0.519525883319224,-0.519525883319224,-0.519525883319224,1.12732493628523,-0.519525883319224,-0.484312775515056
camt-1,-0.456235233648308,-0.503669172825629,0.241844588455768,-0.410458484172999,-0.306727808302986,-0.188522530282916,-0.346320733499689,-0.806088528011791,-0.193234454592228,-0.137442518853875,0.797417794773485,3.03261728511012,-0.723180204148954
ztf-22,1.56926276444899,-0.546757519682068,-0.72544012673952,-0.252387407061514,1.04510342964985,-0.378935856153002,0.392828622017499,-0.810660654701831,-0.129406792357557,-0.983514557168494,-0.63810566268347,2.1689828042041,-0.710969043772982
T01G9.2,-0.572040279224244,-0.413747675971333,1.92948456365029,-0.820626769204225,-0.443332649635811,-0.647910362378882,-0.507708615211673,-0.0998610493444854,-0.0990601372104901,1.2793668502115,1.63773442023951,-1.36973209371897,0.127433797798826
tsn-1,-0.819422734878508,-1.14953336607429,-0.349555713166399,0.149856211935007,-0.23823165403851,0.151796763554738,0.589963454704998,-0.676893757907715,2.0558462387427,1.76386076507791,-0.641197691697847,0.244226560290388,-1.08071507654247
Y57A10A.26,-0.801487892424174,-0.0601747676164341,2.85333080978481,-0.532164075861568,-0.804970605712235,-0.391187347413504,-0.362229423836277,0.103870552724195,0.80288904786325,0.0100717018092043,-0.593227205843602,-0.806765134718578,0.582044341244916
gid-7,-0.536176117858379,0.457699309716465,2.21859716786299,-0.922934149260116,-0.497368165280315,-0.473024002106823,-0.807390592073839,-0.555433248184255,1.54629066571925,-0.138773266702039,1.0019391153267,-0.799850627145321,-0.493576090014322
D2023.3,-0.249065316129026,-0.304490934601922,1.91515867277884,-0.400737915612173,-0.397884851347816,-0.376118804583269,-0.432715395698787,-0.46407614492318,-0.46407614492318,-0.46407614492318,-0.46407614492318,2.54419788160472,-0.442038756717842
ZK856.5,0.148707222075954,-0.683359863141579,-0.754292147455541,0.393759249185628,-0.484333259731281,0.131068414395481,-0.523247980868621,-0.613894586849669,2.44189042544332,1.68932176493866,-0.754292147455541,-0.434297425787222,-0.557029664749589
Y11D7A.10,0.231629338672528,-0.379759031331112,-1.23997885347056,0.16688174231998,-0.296580346239988,0.78710549013772,1.00658380302686,-0.76570060161938,-0.986424786505617,0.888221450297911,-1.80987001710934,1.29164780115854,1.10624401066246
mrps-23,-0.100837506673678,0.613630206801407,0.203266687944691,-0.626535724543499,0.0279615508553838,-0.5875865245131,-0.771434813854452,0.817470247730775,2.08497539058549,-1.52558214233879,-1.36281783584281,0.991140403093136,0.236350060755444
C44H9.6,0.844691444374251,-0.689654704446507,-1.22672900737679,0.362343402348341,0.492539425687898,-0.0476105676206853,0.520925311629211,-0.824296775829945,1.66458856514906,-1.05915722951558,-0.797755544153259,1.63724811726815,-0.877132437514136
clec-36,-0.586245575820139,-0.628644312362982,-0.654998937218716,0.737359467960572,1.34389560133626,0.182509888206669,-0.654998937218716,-0.654998937218716,0.402894949246946,2.47822360474497,-0.654998937218716,-0.654998937218716,-0.654998937218716
haf-3,-0.0263016917337828,-0.0304833330969414,-0.719986264149395,-0.144461882962847,-0.201661533811155,-0.46697479753328,-0.490975548402092,-0.464487200474524,2.79932719664275,1.30347992625308,-0.458346855628654,-0.993509746394212,-0.105618268708951
F28F5.6,1.44585941500371,-0.719719568700291,-0.701574497193249,1.16603260826343,1.90152811135168,0.764083950991202,0.401912314128109,-0.786689623585409,-0.786689623585409,-0.786689623585409,-0.349040348603033,-0.786689623585409,-0.762323490899926
pals-17,0.894597287771276,-0.417801094658361,-0.989911719886715,0.0118726971750671,1.2592010775898,0.779442753260731,2.03706191883817,-0.78427540751366,-0.989911719886715,0.508085575596276,-0.665862306133339,-0.989911719886715,-0.652587342265816
erp-44.1,1.10283684255705,-0.732902881066817,-0.505950694588136,0.836632883557694,1.15368434881815,1.07862005904649,0.404781138372074,-1.54972652995525,-0.654146744786012,0.597542080847193,0.635846446464883,-0.837464404717999,-1.52975254454932
his-8,-0.519937809622057,0.591557952859421,-0.0983222802192106,-0.538884049721016,-0.525680797405204,-0.538884049721016,-0.538884049721016,2.37488017818728,-0.459949647407081,-0.538884049721016,-0.538884049721016,-0.538884049721016,1.87075670193294
F53F8.7,-0.656075353330737,0.0603516074425987,2.54029260348899,-0.676616670709244,-0.612051106359551,-0.667893700843059,-0.686682137750928,0.609669284599686,1.22697498263631,-0.686682137750928,-0.389683619565424,-0.686682137750928,0.625078385893206
hpo-19,-0.442738319865616,0.0400865232962837,-1.13470510174143,1.40755548071536,-0.0249874924847869,1.72982422613996,0.0517975177832014,-0.345838223523532,-0.904721416357739,1.565972420027,-0.801284663159749,-1.22418566323543,0.0832247124064821
sel-11,-0.174701802996125,-0.162984622410013,0.155849360187234,-0.0297974817135308,-0.364461100342736,0.0239766297685806,-0.690637949480957,-0.308551680804935,-1.27304188593692,2.90741456977013,-0.602216656473581,0.825715402500654,-0.306562782067793
cytb-5.2,0.93119047131558,0.717746748873384,-1.31546889371144,-0.340094353168774,0.156377982702138,-0.467564010361193,1.22614026158052,1.08172608046975,-1.58917406425772,0.859546588522048,-1.4493532812429,-0.391445098352084,0.580371567630696
nrde-2,0.0492986961053293,-0.655895984358632,-0.197961495761105,0.965070226241856,1.0089694778587,0.966017143040879,0.368409263578938,0.103082386012589,1.38590699518559,-2.24524740388901,-1.12228595196116,-0.109800693434025,-0.515562658619948
C23F12.4,-0.106527347817741,1.07337969728258,0.51515360965233,-0.0435402431559593,-0.247877472189146,-0.703843587288058,-0.266055510489055,2.01167308602022,-1.17838908085036,-0.995752199895901,-0.269758805053794,-1.20180680033917,1.41334465412405
prx-12,-0.0453410853913544,0.73836893016226,-1.12758082359454,-0.615424071586715,-0.187490565965324,-0.202121366658024,-0.775161885707284,0.604850937199055,2.0269298218965,-0.533927000448263,-0.965251762893898,-0.652468030435124,1.73461690342271
fbxc-52,-0.454245342954349,-0.357765501205233,2.97332631359599,-0.410448698330137,-0.386875270458806,-0.562770623701695,-0.59424500725589,-0.361716800743456,0.997826322068008,-0.213958336472244,-0.324585738480793,-0.658735831615497,0.3541945155541
W09D6.5,0.620336995669779,-0.989499339559061,-1.19635616073069,-0.607962445928758,-0.367341320693761,-0.00418033265323089,1.52787398018791,-0.697489366955183,1.20146055269384,-0.483822801195351,1.52137623095156,0.673127096140053,-1.19752308792711
tsg-101,-0.19642165155851,-0.421909435532306,0.693312845100718,-0.690230713857605,-0.342957705166783,-0.724070750057914,-0.375105266282618,-0.446349671272601,2.4771931726561,-0.855138717688354,-0.236989889519366,1.63051504843783,-0.511847265258589
cpg-20,-0.443862270175938,-0.408591142959734,2.33209370733521,-0.401008676703674,-0.421705292456643,-0.443862270175938,-0.443862270175938,-0.419552968985028,2.16007181899427,-0.443862270175938,-0.443862270175938,-0.443862270175938,-0.178133824168774
dhs-23,-0.0632160171567327,-0.430221145219884,-0.411531357609333,-0.784371340798195,0.74762312728618,-0.831759262828894,0.662860444379047,0.180038970701281,-0.886723776864815,1.25685506358533,-0.873970362735436,-0.886723776864815,2.32113943412626
nkcc-1,-0.041676361271196,1.06987178288769,0.0882665230184403,-0.67160762286281,-0.111920557702173,-0.820728269602556,-0.828596235392059,-0.0260417974655394,0.702336646323683,-0.933624509814472,2.65671499177071,-0.464315716260438,-0.618678873629283
ZK154.6,-0.490755662946822,-0.249929078366864,3.00976877980245,-0.471275445983182,-0.27276576957856,-0.282273637698275,0.262788959945814,-0.172978690033548,-0.916283934422061,-0.916283934422061,0.0187964600709211,0.669284554312921,-0.188092600680731
prp-40,-0.272317589474645,0.820970402498268,0.805374057876402,-0.911067063948913,-0.258870800333843,-0.10623691611238,-0.685102074721373,0.617035644748455,-1.04470948037294,-0.925542944691822,1.94386116133012,-1.24029645734388,1.25690206054655
lin-23,-0.43098568463321,-0.0625002291609705,2.53029631101032,-0.727741098940382,0.0513344600645785,-0.591194910361968,-0.63642940915328,-0.244061967292501,-0.530215017811638,-1.07858889693173,0.184031312543147,1.60573308248643,-0.0696779518187994
lpd-3,-0.733513667814974,1.7660373134843,0.572413204484597,-0.381453741967007,-0.627237721785065,-0.161623399385788,-1.1867582655833,1.02682925638406,0.874939409619936,-1.43247876912853,-0.901773434383137,1.16467845680531,0.0199413592695993
lipl-5,1.41188483032358,-0.471532739194428,-0.648145711357018,2.26557886698656,-0.480748185273997,-0.475110865841863,1.46922201310898,-0.503214599061737,-0.523894251083652,-0.648145711357018,-0.55260661562383,-0.362012998746859,-0.481274032878712
ivns-1,-0.505050608475521,0.0576543495263192,2.62890320519154,-0.381390753934257,-0.256793231594552,-0.425366968804545,-0.685323724217974,-0.0126596671997133,1.40480654671772,-1.19932950586972,-0.579824938819851,-0.353863502553472,0.308238800034028
pqn-80,-0.824132826230422,0.911368693310485,1.86981742891533,-0.892644193147663,-0.784742893085755,-1.08710703486461,-1.06479204226682,-0.186542343643691,0.140221376497961,-0.209783675466692,1.75264024873096,0.299617994390565,0.0760792668603582
K09C4.5,0.302849808818368,-0.697403946361272,-0.936311268433395,1.92840359889727,-0.19615639435655,1.02719358483054,1.75714898576206,-0.698923629203858,-0.936311268433395,0.252041514203914,-0.532872476897757,-0.383188090803666,-0.886470418022256
pbs-7,-0.290137715336715,-0.521156976584597,0.630605052503962,-0.541153077906118,-0.0353292454836458,-0.381749318663546,0.324021546782321,-0.205787238573627,0.165605833622173,-1.24442457433018,-0.496372375488066,2.95137368231857,-0.355495592860517
idha-1,0.252959264130087,-1.1802029092457,1.96495748386367,1.02363990841033,-0.0357956227518402,1.06641997864932,0.901957309581359,-0.857704151124942,-0.988288979866924,-0.341718024514808,-0.597824406970517,0.0144778565939571,-1.22287770675398
kin-32,-0.584237980867249,-0.229848643333944,0.120438372837112,-0.665285639878422,-0.708622556401427,-0.516878382144294,-0.464789057986451,0.207584464535472,3.09389729345348,0.211557857260053,0.231851215931383,-0.67001929314011,-0.0256476502656034
cdc-73,-0.30967668913403,0.490322470648204,0.417025924500412,-0.508121856193587,-0.370327005974792,-0.517603519887718,-0.406922336392905,0.143157259236815,3.01868177787138,-0.776959353502907,-0.547450822090786,-0.776959353502907,0.144833504422819
Y17G7B.21,-0.29362808554924,0.507396089168345,0.807420210942992,-0.9095460122287,0.0524342751635685,-1.1122463589426,-0.892162829803209,-0.230012670478327,2.21512437099101,-1.4487906851089,-0.125342268169686,0.563976515206403,0.865377448808342
cdc-5L,-0.951076494643412,0.81420832406978,-0.497258882542095,-0.8796773825873,-0.630801315061356,-0.882766949526193,-0.703679810599584,1.97656510861921,0.380207921302454,0.267369736999024,-0.221367511588121,-0.494534853674838,1.82281210923243
dpf-3,-0.140537672974166,-0.241766980776704,-0.613961938873702,-0.390588351710426,-0.0184511464327264,-0.480915876785042,-0.507666052475211,-0.247054444718325,2.46003489440958,-1.17630309662797,-0.082172822917347,1.80684000452116,-0.367456514639119
fnip-2,-0.498941861059517,-0.166770675392505,1.93443654268944,-0.541318009628779,-0.431576926257646,-0.594363791760662,-0.533711547100931,-0.533079437585237,2.32118315403774,-0.637521888558346,0.585269011314871,-0.583160868382495,-0.320443702315939
Y25C1A.13,-0.50785989255954,0.695999260169392,-0.277791569301309,-0.709140300806638,-0.073668567937993,0.342239657172892,-0.228215346418313,0.699661780001091,-1.4102353533489,-0.590704909167148,-1.35419343714107,1.79218697255605,1.62172170678149
H03A11.2,-0.711105931665269,0.0325299951407979,-0.669410416774122,-0.246798758388585,-0.616097193889227,0.0266333937471438,-0.21937731867088,-0.0550583521102819,0.022520134613655,3.16653394885111,-0.348993155415397,0.216032071076672,-0.597408416515614
mlk-1,-0.475284550106359,-0.102502812674142,1.9599801826391,-0.60757901594601,-0.291145550962216,-0.562618979654592,-0.617529175474924,-0.3875972975443,0.814101025014622,-0.931163445109827,2.13623925757658,-0.255694388323844,-0.679205249434086
coa-4,0.704471729640879,-0.133945909748574,1.2366372959555,-0.370346257094477,-0.160649765325225,-0.754415661566331,-0.370053981597801,0.58578868015324,1.89208004703471,-1.50040178923677,-0.932536038692396,-1.10434176086149,0.907713411338728
egl-5,-0.381206237393741,-0.381206237393741,3.06013902465574,-0.381206237393741,-0.346236555596798,-0.381206237393741,-0.381206237393741,-0.353753879174366,-0.381206237393741,-0.381206237393741,1.0484110838008,-0.381206237393741,-0.358909774535442
vav-1,0.922048318645381,-0.0145699562935029,2.01349128726794,-0.537861890382365,-0.111002721846186,-0.971902965368183,-0.163228387946481,-0.104483810637157,-0.164936383197289,-1.21227960190779,1.78160094345735,-0.951313218858882,-0.485561612932838
C24A3.1,-0.567658902209668,2.60108985280757,-0.16006674877282,-0.527058816257355,-0.0589081630791673,-0.713465479386264,-0.824005541447097,0.148124301088478,1.38489125954042,-0.824005541447097,-0.824005541447097,0.344894778247782,0.0201745423623169
smg-1,-0.502806132944553,-0.150114124577286,1.59270012540505,-0.969372724801029,-0.45301800613075,-0.760551791019508,-0.509846131515768,0.142181849714091,2.34277160346428,-1.25339378790194,0.114335632817782,0.0832792105531804,0.323834276936455
K04C2.3,0.579336321997031,-0.370229374604538,2.18659711302706,-1.38497716553873,0.514660824247335,-1.11330196117526,0.445167404325366,-0.549552585753564,0.353490960535766,0.999526518597884,0.139286752237564,-1.07322667353089,-0.726778134365017
D1054.8,-0.251702908250566,-0.764921309674967,-0.402976077936624,-0.252758923215413,0.569903771344316,0.2693679662075,0.14501893791005,-0.697577583284333,-0.827146147509034,2.72611524775693,0.984855281245026,-0.827146147509034,-0.671032107083854
rsp-5,-0.548237490419325,-0.401954420204834,-0.482872906607275,-0.724867028497265,-0.280135000187457,-0.678383033375158,-0.909986887753201,-0.34853162943727,1.33465269650204,0.967473749510465,-0.462653407298282,2.52180518317721,0.0136901745903598
pps-1,-0.451481874159022,-0.397226029165473,3.21174444372384,-0.462530488278304,-0.410123764599735,-0.491572165392704,-0.489609262652892,-0.207425592866008,-0.0332125590428315,-0.548428960093035,0.164045594398569,0.259225882534775,-0.143405224407182
marc-6,-0.482775381356339,0.0477844029763039,2.69888433267197,0.484008394572595,-0.384184808906961,-0.189165949629406,-0.495145280407119,-0.465129235077277,1.05455844900794,-1.28894342390583,0.247345527576675,-0.530539654763151,-0.696697372759402
elo-5,-0.133629934451147,-0.814109035941883,-0.814109035941883,1.66367021082004,-0.502787388298293,1.12746907750813,0.026202329889171,-0.814109035941883,-0.814109035941883,1.52209620652919,1.18163371365421,-0.814109035941883,-0.814109035941883
R04B3.3,-0.313703151535732,-0.337012863054894,3.25267904173834,-0.337012863054894,-0.337012863054894,-0.337012863054894,-0.337012863054894,-0.337012863054894,-0.337012863054894,-0.337012863054894,-0.337012863054894,-0.337012863054894,0.431152740346329
T07A9.15,-0.0411036955397225,0.306482849294255,0.377904375606318,-0.511803363066361,-0.134841839724386,-0.317807792032912,-0.501651981160867,2.27403861923087,-1.2701860491813,-1.31015255949337,-0.636526238733626,0.306742225848703,1.45890544895241
gon-1,0.953011292369224,-0.848527358741721,1.63749222718156,2.1519793713176,-0.108407938197365,-0.290225227209771,-0.333569314459263,-0.872518696591723,-0.872518696591723,0.260146926469971,-0.731517863640165,-0.0985651191722942,-0.846779602734328
daf-31,0.223779851699784,0.134235584528528,1.08135949319115,-0.478416775986583,0.097940298036385,-0.43340313488066,-0.664285271357615,0.429888723066991,2.54161028848849,-1.21842847485358,-0.893546970343403,-0.971879842064608,0.151146230475117
pir-1,-0.572754455448788,1.02244444130784,0.581663718703412,-0.59614453443607,-0.306645907578484,-0.633837334811442,-0.679877789366824,1.33568786747035,-0.863392017313598,-0.863392017313598,0.225208983688988,-0.863392017313598,2.21443106241181
app-1,-0.326646114317931,-0.503840745158713,-0.515170576351939,0.446441486891291,-0.340271269352616,0.851329839422923,0.0640958820331282,-0.500380088756605,-0.638401966857278,2.97911880466636,-0.484251102510256,-0.638401966857278,-0.393622182851083
atn-1,0.320794079004127,-0.169214941285294,3.18658192668588,-0.363534430950025,0.0928728342750911,-0.43818021786282,-0.405766178951121,-0.452853195437449,-0.543783503730894,-0.543783503730894,0.169945548462142,-0.309294912747852,-0.543783503730894
igdb-2,-0.505721602791539,0.496775064432641,1.58365940451907,-0.769619422036787,-0.729539835149063,-0.693069811907518,-0.778178345636127,0.398226035927633,2.10520076725129,-0.778178345636127,-0.437814693491738,-0.778178345636127,0.886439130154389
prx-5,0.0981442212703725,0.401653397226499,-1.62032644141776,-0.488531909701393,0.093906993826123,-0.186992207616448,-0.216408426711362,0.677968162628765,2.17846494526324,-0.936017679697571,-1.27910725926267,0.225688432518932,1.05155777167327
Y61A9LA.3,-0.31705320854547,-0.0573447400217687,2.72581446923211,-0.618344470693414,-0.562202159949798,-0.344499613616004,-0.543597079151603,-0.307268220300481,-0.489847551421455,-1.21864241309226,0.0679404576679006,1.1001686163662,0.564875913526048
ufm-1,-0.579196816064509,-0.734430782124489,0.362664568481716,-1.28121194947459,-0.290724601451495,-0.965591533755812,-1.29861208536278,1.33819434522937,0.154058319219856,1.0252527507871,1.79496842016188,-0.236310830843088,0.710940195196833
comt-4,-0.469439913984837,-0.440615752278606,-0.787507003170413,2.29337988727449,-0.368799657899673,-0.0497131909843799,-0.582974448225536,0.326193546605286,-0.787507003170413,-0.787507003170413,-0.761707990919347,0.771385387846507,1.64481314207734
T20D3.5,-0.275047735758702,-0.50650085397545,0.544309420255221,-0.555803503679103,-0.516119293130814,-0.443795300065957,-0.393371221946989,-0.170186318479004,-0.684799932207065,1.43750742818212,-0.725044984356549,2.68310845020807,-0.394256155045783
clec-28,-0.560053606386282,-0.486042612554732,-0.560053606386282,1.71169354242766,2.44916315101494,0.431787896730671,-0.560053606386282,-0.560053606386282,-0.560053606386282,-0.560053606386282,-0.560053606386282,0.373826873471711,-0.560053606386282
clec-42,-0.458369351876411,-0.458369351876411,-0.458369351876411,-0.419225266824041,0.0948367179328075,2.51649841798896,-0.458369351876411,-0.458369351876411,-0.458369351876411,1.90234486858811,-0.427499922674552,-0.458369351876411,-0.458369351876411
nhr-183,-0.12586597587513,-1.00149502631599,0.766244836304771,-0.720688664598646,1.03917558718529,-0.239432314193278,-0.598126795527861,-1.075524212752,0.19818879067923,0.462117957786329,2.43753529228337,-0.137313389063932,-1.00481608591215
dnj-1,0.307284344728899,-0.362205628451089,2.70870207894366,-0.604853018420349,-0.0123066043412861,-0.549087566454222,-0.248718252273558,0.181460720033461,0.137699093488748,-1.88531662337552,-0.00773192415038511,0.318293513040689,0.016779867230955
T21H3.1,-0.423700157731654,-0.57514649372728,-0.57514649372728,0.386372091375098,-0.478173584265567,-0.164815526390799,2.94048201625184,-0.57514649372728,-0.57514649372728,-0.57514649372728,0.401340098347593,0.789374024777174,-0.57514649372728
W05H7.1,-0.3242403207166,0.30403623969963,0.989403004244878,-0.689143088653575,-0.227745676586027,-0.679887584536297,-0.84067020679087,0.841117130427867,0.161615331237175,-1.17484348348679,2.32164662508987,-1.17484348348679,0.493555513557539
catp-5,0.969247208594446,-0.12263018085421,-2.03290938839743,0.529496062888572,0.168642486577799,0.0339351885593274,-0.0735827828463322,0.0362661509317839,0.926323200110329,1.47954404359151,-1.68705913184312,-0.695441053177987,0.468168195865317
unc-11,-0.183882697627344,-0.334505047699907,2.39603313697762,-0.121367568452634,-0.383293448675639,-0.0889597541535486,-0.32725034972331,-0.556952020278551,-1.02803210434537,-1.02803210434537,1.83553581732757,0.0276298813058846,-0.206923740309396
lsm-8,-0.463904319836775,0.912285338711635,2.32558144428991,-1.09003493516364,-0.330329551054358,-0.612551632223985,-0.891179713951169,0.550040925433207,0.614687983744354,-1.19169377559514,-0.523677391678697,-0.127724615386977,0.828500242711631
C25D7.10,-0.153696479540292,-0.239817958020567,-0.401585667119246,0.0346841730410129,-0.212939902652722,-0.402370146625848,-0.517656785606971,-0.150920309443268,-0.934305975714085,-0.0620172644408697,0.0414669230603406,3.21457652440272,-0.215417131340202
C06A5.3,-0.501329311547842,-0.1541139757294,2.4434493142834,-0.764565244361919,-0.358422899540037,-0.804734532644754,-0.722606350644269,0.610829206994708,0.235598606723988,-1.40265818997743,0.613856324078169,-0.22015905505635,1.02485610742174
rha-2,-0.415208281173242,0.232710855246489,0.853774808214511,-0.563637889179388,-0.420767152388374,-0.608024901074142,-0.203660185121155,0.164850793056198,-0.224789858721688,-1.20130369193615,-0.994059000610233,2.66909625756534,0.711018246121838
Y46G5A.20,-0.304447897022122,-0.471308489500704,-0.457346273971615,-0.40949974829476,2.9527220964912,1.15207402058282,0.00154712207077789,-0.477105900881558,-0.555698717333355,0.0096319937981248,-0.329170771272101,-0.555698717333355,-0.555698717333355
T06E4.7,-0.471764317482928,-0.314623270894187,1.74806705739524,-0.492442634879741,-0.478947945132345,-0.492442634879741,-0.479020773487437,0.390386521032422,-0.492442634879741,-0.492442634879741,-0.492442634879741,-0.492442634879741,2.56055853784768
end-1,-0.287822841788701,0.0404672903547362,-0.354036569351585,-0.339050527428093,-0.295290971073765,-0.354036569351585,-0.354036569351585,0.0688692982209781,-0.354036569351585,-0.354036569351585,-0.354036569351585,-0.354036569351585,3.29108373717594
W10C8.5,-0.218817751164596,0.128016170929521,-0.663131773913333,-0.0549751438080971,-0.480005765781415,0.0561349863770524,0.0320355033707251,0.0700948453355375,3.1865423820671,-0.370889466970561,-0.511909421675514,-0.663131773913333,-0.509962790853088
rpb-11,-0.221647843469949,0.904733095377124,1.62383074401046,-0.572127146117181,-0.274539774975124,-0.554424863226838,-0.537986482968095,0.713758381764186,-0.874869221602589,-0.915259546502775,-0.45841649950461,-0.915259546502775,2.08220870371816
mlc-7,-0.327831368991801,-0.108723140500648,-0.34762623712755,-0.34762623712755,-0.34762623712755,-0.316729613753411,-0.193356192998487,-0.164393433866095,-0.34762623712755,-0.34762623712755,3.31320978914355,-0.34762623712755,-0.116418616267808
F19B10.13,1.07736973612891,-0.72069882161831,-0.536890088394587,0.096681041532289,1.6618604160275,-0.667181965839291,0.7904991132903,-0.73224356586039,-0.639120861951066,-0.906034352986969,-0.526566461099916,1.88159161526672,-0.779265804495189
C16C10.8,-0.163868074031686,0.896182948216052,1.36242818015324,-0.727831909182565,-0.663540544944799,-0.808849950620184,-0.809656376703237,1.5041110131889,-1.27665041915603,-0.350192900781933,-0.982727120482456,1.08778794787069,0.932807206474002
tsp-2,-0.319188232116925,-0.109221651612223,-0.581089805185858,-0.489399078984403,-0.579502689315672,-0.563888349298046,2.81977656701564,-0.440710421002235,0.848717532339687,-0.658413190694563,0.937982930140206,-0.658413190694563,-0.206650420591043
hid-1,-0.481159057411881,0.914896470424014,0.382605975242199,-0.592429803618364,-0.704673359445799,-0.606575061116256,-0.813312701554609,0.999645555972168,2.16692745075682,-0.926658483918625,-0.519736028489191,-0.926658483918625,1.10712752707815
snx-13,-0.623371235145118,0.785133738249972,1.85498303699985,-0.40508956819463,-0.317016010386762,-0.562108637130061,-1.10565374646749,0.0370714037332309,1.23136203168868,-1.51308834892374,1.26193247455402,-0.590381154076248,-0.0537739849017066
C32B5.18,-0.307484254672932,-0.259345953438792,3.29571780149305,-0.348078869610835,-0.348078869610835,-0.348078869610835,-0.348078869610835,-0.149054902419517,-0.348078869610835,-0.348078869610835,-0.29055005101654,-0.348078869610835,0.147269447330579
C05C10.2,-0.580670204188813,0.150792571064283,3.0490243400508,-0.465874210147586,-0.397530601360868,-0.540865597004446,-0.629777837200863,0.223192563036571,-0.00114710917175664,-0.764998567259439,-0.642304974154765,0.460732698259206,0.139426928077682
rgs-3,-0.324925767267615,-0.324925767267615,3.27894661778148,-0.324925767267615,-0.324925767267615,-0.324925767267615,-0.324925767267615,-0.324925767267615,0.295236822162291,-0.324925767267615,-0.324925767267615,-0.324925767267615,-0.324925767267615
Y49F6B.2,-0.335692272449683,1.07398656665244,-0.691185640329573,-0.542222398487176,-0.20386898867279,-0.775404833138541,-0.631302595736499,1.94380688607697,0.778623580221312,-0.351947076875193,-0.838868954722816,-1.04408448569509,1.61816021315664
mrps-15,-0.191027731947951,-0.369832950495039,-0.24206894995812,-0.302675539705537,-0.212436427984328,-0.128773068395536,-0.673557414400413,-0.124370228479097,-1.19121509915339,0.997507241397515,-0.656154239970557,2.87259880004298,0.22200560904947
dhcr-24,0.244273753876217,0.660725637813953,-0.988418200304816,-0.538692763619544,0.0160136028420874,-0.547148268950908,-0.648156433332824,0.0813133915960219,2.79050196773731,-0.988418200304816,-0.462225091542078,-0.289704339513146,0.669934943702545
K08C7.4,-0.336069620036372,-0.0952945713152859,3.27999266859376,-0.389448918298905,-0.280305358196155,-0.405106496187135,-0.373716278021599,0.0766503679728018,0.0324623208272776,-0.405106496187135,-0.405106496187135,-0.405106496187135,-0.293844626776985
dhs-20,-0.775436411734223,0.0193736629223839,-1.6188537913532,1.78772793955387,-0.275565182017244,1.36640291360904,-0.417197373964262,0.073865735909423,0.420066109444767,0.698696868426571,-1.0523647757801,0.798057778459845,-1.02477347347686
mrpl-12,0.373679324711312,0.0947523334365698,-0.163018630770157,0.00667440172262118,0.412280102787584,-0.355857596343952,-0.18404685183696,1.87424058477376,-1.55501989983108,-0.241383471751253,-1.9272635483172,0.382616844694181,1.28234640672457
iglr-3,-0.326093264390428,-0.303958816339566,3.28078069025294,-0.326093264390428,-0.326093264390428,-0.326093264390428,-0.326093264390428,-0.326093264390428,-0.326093264390428,-0.326093264390428,0.284110769990897,-0.326093264390428,-0.326093264390428
rbx-2,-0.455250914603876,-0.196188339255749,3.13739064694616,-0.322412707376663,-0.645426971506549,-0.284894688265731,-0.303262265507696,0.00660456167261032,-0.310251509383618,-0.159345882258329,0.381120548562101,-0.967553983882124,0.119471504859467
C03A7.13,-0.219543431548548,0.352721975972649,-0.459415468711772,-0.459415468711772,-0.322757671193375,-0.459415468711772,-0.437721963132244,0.0975926741403304,3.20976725987593,-0.459415468711772,-0.459415468711772,0.0216223488592447,-0.404603849415131
gut-2,-0.505817646301741,0.7444208919354,1.28458798419444,-0.923359220217295,-0.752101286206905,-0.718055792304797,-0.827576100827688,0.975383266718802,0.621631094852764,0.468378526289273,-0.692529120632667,-1.3917475917313,1.71678499423172
coh-1,-0.579071303220407,0.355057421657604,1.96188186952413,-0.749297972871251,-0.509597205672816,-0.775294753511825,-0.831153086085376,0.758121387493216,-0.0977530115249538,-0.946644338866851,1.63532855486364,-0.946644338866851,0.725066777081741
pkn-1,-0.693416601972707,0.418248896786117,0.841230165665196,-0.722090188476705,-0.589159331149464,-0.225055698362728,-0.0791198181655498,1.86114802345393,-0.0896377537085418,-1.02958922086819,-1.07356848155655,-0.549058558543018,1.93006856689821
F09G8.7,-0.108199329540547,-0.822631473596875,-0.376970602540024,0.0507018453094036,-0.288333414298501,-0.0747586231630245,-0.144104062136178,-0.631067127243566,0.0803562638225168,-0.574900069170245,0.63801991990341,3.0468315048558,-0.794944832202167
F42H10.3,-0.293944791125851,-0.391539814396211,-0.452497848328577,-0.491976261084173,0.148111334331637,-0.2370268146109,0.0580712979259581,-0.680663572523786,-0.760285650898492,-0.760285650898492,2.53323101873578,1.73969696589119,-0.410890213018082
ZK593.3,-0.449190716058214,-0.543480152714502,0.582224342474494,0.888488270102764,-0.543480152714502,-0.204891982669656,-0.236091779261366,-0.543480152714502,-0.543480152714502,2.95673131453336,-0.501872576505245,-0.317996109043622,-0.543480152714502
pqn-18,-0.348168779750882,-0.951638288462063,1.20048986392594,-0.547303587811797,-0.630700504628257,-0.492888917986226,0.103532033692052,-0.767612321381018,-0.530540826427777,-0.576668800906639,2.07821858457329,1.72867797556145,-0.265396430398073
cec-8,-0.427221918809612,0.370099332892033,-0.138869806644183,-0.468739922903326,-0.441192044587966,-0.471002313637905,-0.456676858641419,-0.0194213166382468,3.16034523275885,-0.499224630081209,-0.456879671834025,-0.499224630081209,0.34800854820822
cest-26,-0.256521227481849,-0.640867175010704,1.33372486201146,0.103375399130043,-0.247639268155356,0.051348819221338,-0.162706510039065,-0.640867175010704,-0.640867175010704,-0.640867175010704,2.79791690058322,-0.41516310021627,-0.640867175010704
hsp-6,-0.439009254123429,1.07159196289132,0.341641447656142,-0.0696943717026516,-0.476993413035599,-0.641237865131027,-1.12557331763269,0.462134508332681,2.2017487947816,0.180097314193137,-1.80638485532252,0.489608527681536,-0.187929478588504
arl-8,0.128213747289898,0.773601778734142,1.90885696737576,-0.326787298411443,-0.352219905488305,-0.435183395137626,-0.182699204451424,0.197636575416753,-1.80349574035434,-0.778012238712873,0.394590578111727,-1.01165941348385,1.48715754911158
igeg-1,0.029035965663001,-1.01726357125585,-0.925345019289939,0.511000991938296,-0.414969489398623,1.14428409929313,0.293037651611338,-1.01726357125585,-1.01726357125585,1.46882574350998,1.76182377220853,0.146808901652995,-0.962711903421162
F59E12.9,-0.850419211260396,0.733162560096238,2.28072379038359,-0.660407574050774,-0.599489334987784,-0.850732799871129,-0.798197160154052,0.103517941681895,0.918310097478344,-1.29667501874818,0.1667733231338,-0.0496261824816298,0.903059568780085
cdk-12,-0.499275292305378,-0.115745286483035,2.96497507271537,-0.575583052580126,-0.578551946636521,-0.51881881266168,-0.673926138185479,-0.0334224306954858,0.106305158081451,0.789894394561614,0.142640614988279,-0.946771133209609,-0.0617211475894039
tyra-2,-0.436325723349942,-0.436325723349942,-0.436325723349942,-0.436325723349942,-0.370214136889695,-0.436325723349942,-0.436325723349942,-0.436325723349942,0.692147759304577,-0.436325723349942,3.06195256650284,0.543045321231753,-0.436325723349942
H10E21.4,-0.291941595097481,-0.291941595097481,-0.125816144116126,-0.291941595097481,-0.279487180895282,-0.291941595097481,-0.291941595097481,-0.291941595097481,-0.291941595097481,-0.291941595097481,3.32471927598622,-0.291941595097481,-0.291941595097481
pmk-3,-0.528580418723392,0.736738717274295,0.00844589054518959,-0.915168333513196,-0.596984103030287,-0.901719024085278,-0.821469936270345,0.880981975141811,2.455307077001,-1.03325666120968,-0.31075786231521,0.524403674036289,0.50205900514881
Y113G7B.12,-0.370783658460525,-0.340750854382676,-0.399606194535125,-0.254993329314376,-0.0585394253957422,0.527220582567871,-0.349981933592691,-0.399606194535125,-0.399606194535125,3.21591989806629,-0.370060306812529,-0.399606194535125,-0.399606194535125
mboa-6,0.712065134460533,0.825893789687043,0.128930119019041,0.991325638111256,-0.914245629566253,0.787161879460195,-0.427434455315258,1.03304184052014,0.0994403332934042,-1.50638140851614,-1.5516402278047,-1.18535355371113,1.00719654036187
ubr-1,-0.039729944751111,-0.513503960851743,-0.0892028358028434,-0.288172011486331,-0.55019158853233,-0.159374637427316,-0.539205728700659,-0.265375682852449,2.52236142895602,-1.16200075929238,-0.365187364686759,1.73916241042288,-0.289579324994979
gei-6,-0.578097329886672,1.19768235236594,2.17812249668991,-0.541447167059794,-0.487659384366733,-0.476835787763709,-0.7356504209531,0.642596851722859,0.385307256791358,-1.2516824103955,0.27231819371743,-1.2516824103955,0.647027759533505
B0285.3,-0.904173535933481,0.86298323789594,0.640735115531572,-0.822366691144492,-0.767064388163321,-0.843127138425308,-1.09878996552579,1.16337980238878,0.911505915658671,-0.386858504948808,1.02006551942857,-1.20054690072808,1.42425753396575
samt-1,1.13316857130391,-0.783504567575931,-0.83715523637523,-0.537720629681764,1.1238414925154,-0.27339589825615,-0.481200062211387,-0.83715523637523,0.545550487376072,-0.83715523637523,0.276878767466138,2.27543808865847,-0.767590540469076
C01H6.4,2.20421435198861,-0.71186718178067,-0.988485736115945,0.617737866011801,0.534092201991812,0.569847788232706,0.702084924671327,-0.955439475541373,-0.988485736115945,0.0637952042071398,-0.863198452789881,0.778754918410682,-0.963050673170264
pqn-15,-0.824074595198359,0.572426897190756,0.811653284928979,-0.916339147228051,-0.656658862519123,-1.00884066666113,-0.931553519995138,1.34250950453978,1.62338361110689,0.0983167699746074,1.10979060740191,-1.224335069677,0.00372118613587674
hhat-2,-0.247597739230907,-0.353021013413896,1.74652244709655,-0.420947901283111,-0.383991863587235,-0.433062728699136,-0.414969351562314,-0.433062728699136,-0.433062728699136,-0.433062728699136,2.67238179417573,-0.433062728699136,-0.433062728699136
R144.12,-0.543962102025685,-0.653096892678484,-0.449896475141296,-0.532552042052967,-0.347717836361438,-0.410951141226069,-0.65791902599412,-0.0400103932022148,2.0473057187605,-1.21133825268131,-0.138695364574775,1.65769171367682,1.28114209350103
K06A4.7,0.82607608325987,-0.969996168100988,-0.746097633598894,1.31174225451183,-0.306180102874945,0.0617796201002737,-0.0034916993539662,-0.877678613896578,-0.991631040420769,0.637700605771738,-0.352709693573043,2.24185426439921,-0.831367876223744
F53A9.3,-0.317432127402452,-0.317432127402452,0.081149153327255,-0.242253282230365,-0.317432127402452,-0.317432127402452,-0.290130658600857,-0.317432127402452,-0.317432127402452,-0.317432127402452,3.30812393412603,-0.317432127402452,-0.317432127402452
eor-2,-0.153809939351254,-0.010176204822997,2.56160749088533,-0.746249989942942,-0.337460955956605,-0.609582858171861,-0.599498181383606,0.013473795285884,1.53263172310431,-0.809351272729003,-0.436168405787898,-0.809351272729003,0.403936071599643
lec-2,-0.231408138484956,-0.404835010037456,3.20948277029865,-0.39130219796928,-0.41142252286076,-0.434591281002607,0.317047135873545,-0.454515625439927,-0.454515625439927,-0.454515625439927,-0.0400090280726691,-0.454515625439927,0.205100774015237
dpm-1,-0.070768551121929,0.0911556138111335,-0.697938153752337,-0.130254797875628,-0.0708787770461587,-0.317293635176029,-0.511672782957986,-0.0671088457410937,-0.422889074306884,-0.775113723390307,-0.608207952991879,3.12265611133577,0.458314569213329
M02B1.3,0.0768832486545875,-0.495022214349512,1.99859988602097,-0.394663873717067,0.266163290470375,-0.361710226776816,-0.0100189815735254,-0.65766149077564,-0.237846978778038,-0.745095820462272,2.21617721542305,-1.01573272740113,-0.640071326734981
T16G1.6,-0.25051484115198,-0.858645341457889,-0.772331618671354,-0.207473680051736,1.42598326834353,1.14866541452145,0.950526948816758,-0.638319115394816,-0.858645341457889,-0.858645341457889,-0.827001180235907,1.9251469959013,-0.178746167703588
mrps-18B,0.0317399626840662,0.818256220263848,-0.63534971063117,-0.20160109492961,-0.135406351162512,-0.326727240383265,-0.706870144996983,0.547259399129257,-1.25743824864372,2.43964907992021,-1.35131755171472,0.00205357439095702,0.775752106073636
natc-2,-0.346877565435254,0.145139036221298,-0.337231232723409,-1.0984164988104,-0.0111973230801478,-0.66281615796082,-0.268922322071802,0.399462782665694,2.10578343273534,-0.614534660679419,-1.4553474197689,1.63665599822014,0.508301930687688
C54F6.17,0.183106887438651,-0.765206327081423,-0.791049580745682,0.913381389494473,-0.269156562250234,0.0723679392256049,1.18589959454066,-0.772791310905634,-0.791049580745682,-0.220079813702813,-0.701624642623937,2.5207974516539,-0.564595444297876
mig-1,1.14300719469888,0.510467206330716,0.991998424448111,-0.6524367636079,-0.0565171381513919,-1.16339474038927,-0.969350479155028,0.450114327964861,2.04736843452652,-1.27038630326694,-0.693426756862251,0.132048018696586,-0.469491425232901
unc-53,-0.301882728636564,-0.391525077774621,3.08442123495454,-0.371078838414636,-0.401365054670816,-0.401365054670816,-0.342119926664415,-0.401365054670816,-0.401365054670816,-0.401365054670816,0.979145192399631,-0.401365054670816,-0.248769527839042
ben-1,-0.3829321665068,-0.354869832152761,3.25874447237783,-0.306833076831299,-0.407241678152192,-0.369099140218002,-0.389586005181662,-0.221742732559161,-0.0905553858079104,-0.407241678152192,0.329006621608495,-0.407241678152192,-0.250407720272149
Y15E3A.4,-0.457644980779139,-0.278651542721936,-0.467469103421617,-0.467469103421617,-0.467469103421617,-0.467469103421617,-0.467469103421617,-0.0108358494326432,-0.0686926923264836,-0.467469103421617,2.99853593264184,-0.467469103421617,1.08957285656968
snt-5,-0.478875134829323,-0.489512065352447,-0.489512065352447,0.422703415739755,-0.436467817862331,1.62745067188469,-0.407537294026049,-0.489512065352447,-0.489512065352447,2.63908908538641,-0.429290534178469,-0.489512065352447,-0.489512065352447
cpn-2,-0.533926128182914,-0.514337773975364,1.7109269448671,-0.535004090042789,-0.55256677929354,-0.200412434269822,-0.505305690695883,-0.55256677929354,0.967387004455306,-0.55256677929354,2.34683875131191,-0.55256677929354,-0.525899466293391
unc-119,-0.444151436779901,0.0158270770977077,3.09199620242295,-0.559342953594986,-0.252610544076724,-0.595407009548835,-0.534490677517328,0.0242471810010072,0.658878102443782,-0.604926978041379,0.0430954883664754,-0.604926978041379,-0.238187473731388
T09F3.2,-0.0588420038185386,-0.466614390764167,1.93204007513611,-0.175913789850446,-0.316772875910933,-0.253781469270687,-0.35983006528295,-0.301508764671129,-0.269027231766259,-1.11480366673755,-0.68978509583275,2.39508370936211,-0.320244430592816
Y48G9A.9,0.204677767397265,-0.86216073759398,-0.539680531147798,0.868652023752848,-0.135091803006407,1.19477733327281,1.21907051135784,-0.961164351996974,-1.25794496522821,-0.782897372233023,1.76129570133682,0.263305472887801,-0.972839048798999
pnn-1,-0.450097693477195,0.648652420918612,0.671361871041477,-0.77907945237398,-0.684484346995407,-0.693300022843384,-0.478697259014244,0.664596957503223,1.33210555824684,-1.6608033209175,-0.179560506413116,-0.386774647660899,1.99608044198558
F53F1.3,0.11010738051084,-0.746620676742501,-0.940744822109796,1.25657304322352,-0.508365483442673,0.421889959834117,0.597972853126891,-0.874114906465348,-1.01538790611063,1.44177390485442,-0.841291944379104,1.77136746619286,-0.673158868492599
ctps-1,-0.40991073889278,0.210191018777096,-0.503637637185027,-0.224438573544509,-0.312481410566257,-0.322353629125872,-0.223004098216625,-0.0566005974430487,3.2299560687152,-0.554505745996324,-0.406627396607552,-0.554505745996324,0.12791848608202
gid-8,-0.63735191836699,-0.653139569642177,1.65389158986032,-0.87191410345797,-0.430616450627124,-0.666436013104688,-0.355748757326049,-0.26459140276103,1.80472597975322,-1.28317713907836,0.668779218319238,1.21003555633787,-0.174456989906267
ddx-23,-0.289132822838214,0.75030878969369,0.91999668257287,-0.716858407480211,-0.451002659408116,-0.56095398698228,-0.660570960325087,1.37520569918109,-0.163362335015122,-1.20343152998996,-0.512516979167597,-0.704385093003534,2.21670360276248
let-765,-0.249428526642402,-0.662901984275683,1.33436021978108,-0.39895825525109,-0.288077565032118,-0.592696915024582,-0.0673328236931398,-0.56850282169534,0.485694737273978,-1.1284867691586,-0.0145805875088548,2.65245436928431,-0.501543078057552
tep-1,-0.315449567216149,-0.334649878931451,3.30627290405073,-0.271347090604277,-0.334649878931451,-0.334649878931451,-0.334649878931451,-0.304900118854743,-0.334649878931451,-0.334649878931451,0.0532333489050788,-0.334649878931451,-0.125260323760483
mnr-1,-0.292724306940839,-0.179997088389424,3.32646169562287,-0.292724306940839,-0.292724306940839,-0.292724306940839,-0.259265556031467,-0.292724306940839,-0.292724306940839,-0.292724306940839,-0.252680288734428,-0.292724306940839,-0.292724306940839
T28D6.4,-0.199594541923393,0.150670830107031,0.71325924779896,-0.591024624440853,-0.510244857981782,-0.587544371583041,-0.578563403389912,-0.237349356018353,3.02209664687809,-0.622828157048807,0.3250965997508,-0.622828157048807,-0.261145855099935
sql-1,-0.445528072484483,-0.084386618158517,2.70853708867778,-0.222854233444465,-0.660754412578138,-0.663149204029025,-0.861451719923422,-0.136015115399464,-0.88711875964663,-0.184640933206664,1.36898309844596,0.226620597105131,-0.158241715358066
swan-1,-0.617261894066876,0.543510606063906,1.5422855863705,-0.871389626447341,-0.719193749365216,-0.671094592563636,-0.791509612939187,1.22769158405567,0.742568977553539,-0.948590221794391,-0.136069725843645,-0.948590221794391,1.64764289077107
tpra-1,-0.329397376321853,-0.548542012782705,0.294363692945828,0.058401536751087,-0.443441412563192,0.335327165724595,0.061854225671045,-0.548542012782705,-0.548542012782705,-0.372157082313437,3.13775931401945,-0.548542012782705,-0.548542012782705
nlp-29,-0.357155779046956,-0.199929871450181,-0.214149019144032,-0.357155779046956,-0.357155779046956,-0.357155779046956,-0.357155779046956,-0.357155779046956,0.0438667711243375,-0.357155779046956,3.29948097259849,-0.357155779046956,-0.0720226207529654
C07A12.7,-0.908942989473228,0.296818275926038,0.695220501377207,-1.29079904154522,-0.647446111726136,-1.07401123503167,-0.767365625068212,0.150604111822422,2.25625714775223,-0.576569762527962,0.947820117072656,0.525445356588188,0.39296925483369
T23G5.2,0.413874681079138,-0.902791664190615,2.54398621944728,-0.978735270311623,0.453350023859273,-0.664908080909,-0.650750280500896,-0.859272023261015,0.616893358878622,0.795066331128063,-0.642271795901363,0.350991796925158,-0.475433296243019
lim-9,-0.492092613895833,-0.371654371243363,1.88875521920745,-0.492728456190862,-0.255645410345976,-0.329001805332263,-0.320478993332176,-0.54925259847889,-0.54925259847889,-0.372787823650985,2.54652372141925,-0.178776591860436,-0.523607677817028
tsp-13,-0.125262467866762,-0.15490039625211,-0.668191401703852,-0.703139031459827,-0.12215003801403,-0.418301631609824,-0.383717458722936,-0.122621449402806,0.768988633925565,-0.974774460815866,3.01823517222085,-0.125893123297012,0.0117276529986073
sek-1,-0.601733798070614,0.277785827561575,1.41911625812018,-0.991467856724161,-0.720558248010629,-0.62503608500241,0.0231324176555951,0.531597959505788,-0.975587621599712,-1.59369974016376,1.42639045484969,1.20661709715315,0.623443334725309
Y15E3A.5,-0.304445994726069,0.217729258106476,0.224844516844035,-0.443459857521464,-0.728765813721464,-0.529650096937905,0.466659754122427,0.972497493210614,-0.367413581359214,-0.970878114181505,-0.76358912007001,-0.544818831298023,2.7712903875321
hrg-9,1.01906078028252,-0.671627951510726,-1.21311492669203,-0.342889953681018,1.65795230091069,0.0478960454463081,0.742105168553627,0.128036179540367,0.469070482306418,-1.39837886365707,-1.06620994422956,-0.709044723797351,1.33714540652783
eya-1,-0.668853824016268,-0.332230549339048,1.7031725885606,-0.689859052446347,-0.689859052446347,-0.689859052446347,-0.689859052446347,0.793455576722,-0.240920580004438,-0.689859052446347,2.08962679706095,-0.689859052446347,0.79490430569429
art-1,0.862135804609392,0.371720355937216,-1.92832052158535,0.914916313601111,-0.238948133067413,1.09547533896456,0.646364838919691,0.409248419021357,0.956157290836005,-0.207685809220533,-1.02977980714904,-1.62891181250789,-0.222372278359116
perm-3,-0.185839906257439,0.164642152656722,0.875467886066736,-0.377435516711643,0.299982445552196,-1.02539773530495,-0.806833344293911,0.489561115026994,-0.881291244160922,1.59063392255797,-1.51953639199713,-0.41534455018439,1.79139116704976
gasr-8,-0.142558843661952,-0.294167054137973,3.28351304398769,-0.397607315561264,-0.397607315561264,-0.361458176437645,-0.152907845178423,-0.208900018454117,-0.397607315561264,-0.397607315561264,-0.334205053041753,0.17457801374998,-0.373464804580748
T02D1.8,0.132750811439608,-0.734946657375288,-0.752295337988699,1.59836931128943,-0.451266870213616,1.42392756888336,1.37780327841699,-0.752295337988699,-0.752295337988699,1.16713458549171,-0.752295337988699,-0.752295337988699,-0.752295337988699
dyci-1,-0.26620711561564,-0.384339711217396,1.02792189762935,-0.599164149536704,-0.466301257609447,-0.0538887331597608,-0.197007603471119,-0.447600506852214,-0.754025765124888,2.93975492638661,0.228449971046682,-0.754025765124888,-0.273566187350588
dcaf-1,-0.464173693868143,-0.426746130944719,2.42003311872982,-0.528287997509776,-0.220667867208386,-0.329284833097708,-0.549940382243977,-0.000474427709025299,0.561130265174954,-1.13566198517903,1.56580839919796,-0.971832117020369,0.0800976516784023
sap-140,-0.0588271239329745,0.715380732063032,-0.059874380689615,-0.784313073840237,-0.384264093439779,-0.245115931352716,-0.727404399634541,1.18488114863552,1.79158669141496,-1.38905615772324,-0.164637943873952,-1.27174525504025,1.39338978741379
tbcb-1,-0.476677356618572,0.0494750304131161,2.79519851475528,-0.511656437515112,-0.445513378949981,-0.520064263180313,-0.580516199990108,0.0171990662814204,-0.772443526308956,-0.772443526308956,-0.0971882657243693,1.29850545763928,0.0161248855072709
anat-1,-0.676263379596501,0.227419034660052,1.55080538286055,-0.846295725222221,-0.736724954739681,-0.643674598253534,-0.780047166494256,0.523196849700354,1.38509914741744,-0.923387179856044,1.69875753072325,-0.923387179856044,0.144502238656643
T05A12.4,-0.156405736897286,-0.117506606142836,3.18044712171762,-0.460657845494484,-0.285668936462342,0.0306667725287584,-0.423540921743195,-0.0356571138165438,-0.542713599073674,0.320939817748614,-0.509615316215531,-0.82689945971932,-0.173388176429785
tac-1,-0.758568925091124,0.878730044312659,1.16819900808701,-1.02845585650307,-0.952819013560783,-0.549144443169018,-0.354601896252095,0.833410662805822,0.886063847129368,-1.49739362906625,0.211808205327881,-0.52588043321539,1.68865242919499
sqst-5,-0.361532118322986,-0.564292063085405,-0.564292063085405,0.19697763532812,-0.341646225232634,0.695075062843651,0.133123661007753,-0.564292063085405,-0.564292063085405,3.06897144747474,-0.426241677341048,-0.143267470330567,-0.564292063085405
fnci-1,-0.471044486403782,0.886638988927217,0.394788305670897,-0.635942706964414,-0.398083174436606,-0.836120940244019,-1.02547907271861,1.12254733198072,1.94102174893374,-0.884822819230929,-0.523036461564742,-0.868313632715564,1.29784691876609
unc-18,-0.577958512758723,-0.298582614506918,2.07037436874576,-0.74349244989386,-0.388165591246477,-0.487027689728795,-0.50257433409296,-0.163850327553974,1.15248181752183,-0.901144362457067,1.76560108569178,-0.901144362457067,-0.0245170272635231
cup-2,0.874993395072556,-0.0722208683285601,0.226973020439993,1.33180596069113,0.808894409312413,0.273948402360211,0.121950486604004,0.422379551363055,-0.209667443285759,-2.30445037309098,0.0397648222231649,-1.75182607490526,0.237454711544043
ZK971.1,0.229608345644219,-0.452872086947435,0.492656502443298,-0.605969625744603,-0.0498936882444636,-0.683515666327176,-0.120497162660788,-0.601161733652765,2.93878254198402,0.677203321293247,-0.374395879910106,-0.737008193455041,-0.712936674422406
tbc-14,-0.719976641304746,0.41541238676653,1.54056984003799,-0.80997402345391,-0.27233193661504,-0.641965781242063,-0.421836902808897,-0.0662694408119135,2.36074898727925,-0.602006662916108,0.135047998373243,-1.24497113845385,0.327553315149514
F44G4.1,-0.132746435706032,0.961245687707843,1.32895875363992,-0.720201437409281,-0.337821465142777,-0.69310240873404,-0.250986783423579,1.94932004694353,-0.428696003593481,-1.43892473814489,-0.167487558515883,-1.04261077127618,0.973053113654849
ags-3,-0.344717422989777,-0.33766833272678,0.925288518706941,-0.477697536938921,-0.604508912647493,-0.392841527658767,0.210944796074989,-0.10704223383965,2.60828217801529,-1.34957692175356,-0.748555070504767,-0.295617866880801,0.913710333143296
prp-38,-0.49066335139518,-0.0235247918021674,0.737158257157096,-0.663641469018176,-0.633613850282776,-0.525121592207954,-0.57040386993531,0.0145873245767117,2.84415423201095,-0.727228088467448,-0.0247493421602614,-0.727228088467448,0.79027462999196
cdk-7,-0.151721485398803,0.734733503494649,0.685690412146745,-0.707048190117237,-0.0622808071920164,-0.747378907264187,-0.168627171127295,1.62483300091183,-1.07104129246542,-1.07104129246542,-0.408319823688115,-0.720723333220197,2.06292538638547
gem-4,0.35296901568163,1.07874123845014,-1.14609466162942,-0.644044053866886,0.387695980595856,-0.859347143102172,0.253752585689632,0.31224707008845,0.861228451629759,-2.17971570353324,0.715974045118802,-0.447539524351131,1.31413269922858
best-7,1.0238827092935,-0.410969485121177,-0.410969485121177,3.06210218780113,-0.382549341421377,-0.410969485121177,-0.372430085507485,-0.410969485121177,-0.410969485121177,-0.410969485121177,-0.275675544911204,-0.178543529406319,-0.410969485121177
T20B12.3,-0.301650096632338,0.868162100163726,-0.188079343646317,-0.623737615328845,-0.355993595441441,-0.716096864164147,-0.6948620722676,1.5560697218457,1.57147185378776,-0.951911787958633,-0.744693324974732,-0.951911787958633,1.5332328125755
dhs-17,-0.281532714640015,-0.264131054447597,3.32810870989514,-0.281532714640015,-0.260965406349404,-0.269217817338005,-0.281532714640015,-0.281532714640015,-0.281532714640015,-0.281532714640015,-0.281532714640015,-0.281532714640015,-0.281532714640015
clec-84,1.67397456778085,-0.709865145120042,-0.785477116064701,0.755541239778746,-0.719237963554215,-0.698275265064036,2.01739889690097,-0.785477116064701,0.224850091909262,0.806008679959513,-0.536704199713891,-0.45725955468305,-0.785477116064701
Y55D5A.1,-0.249379981879703,-0.4034521664137,1.37841851683071,-0.350242232859649,-0.450539463075387,-0.493673655564244,-0.292216642042527,-0.458415722741072,2.88790775783413,-0.493673655564244,-0.373717005587418,-0.493673655564244,-0.207342093372646
uda-1,0.664788920712863,-1.1075614512204,-0.555485537131765,1.38173222230159,0.995020715382893,1.67265338346765,0.651143989536083,-0.790323054429912,-0.327309276752865,-1.62327506543821,-0.256848833210833,-0.0199500150582225,-0.684585998158877
taf-3,-0.713841408005649,0.334091345921264,1.64494548786011,-0.629465956049692,-0.422943207819454,-0.592031124081216,-0.798179627348965,0.33687474472453,2.24933442324054,0.0485348593385222,0.290415550321869,-1.27591984647233,-0.471815241629529
znf-598,-0.756519523495814,-1.01322460960958,0.337771057820021,-0.676363719573905,-0.828151428271176,1.8296492866164,1.47442133706545,0.452714889822201,-0.127760172033252,-1.14122298454594,-0.987529330120962,0.50375648826685,0.932458708059698
Y48B6A.1,-0.0463952018738172,1.42306309376498,-0.634635187694578,-0.328657103478451,-0.218847227690966,-0.556575570582042,-0.165046514402987,1.43328431076463,-0.833647060252859,-1.33937646046477,-0.69974863798032,-0.0439580859384533,2.01053964582964
F18G5.6,0.435821754623544,0.676897975452009,1.31303000898645,-1.1366365312436,-0.00403288083901466,-0.757716528242542,0.374943469253283,-0.547936038534252,2.06142869788895,-1.56797810581244,-0.781400303464788,-0.0393365869753941,-0.0270849310922052
ebp-1,-0.614792306367489,0.303803207098506,-0.0455179007646194,-0.796629684558331,-0.644954919653672,-0.752563544936608,-0.87178970539873,0.402025094777864,2.21487278954653,-1.05271059571389,0.786350430573925,-0.408075713529921,1.47998284892643
hxk-1,-0.351609955339991,-0.826901319383172,-0.00987954938366473,-0.855243414101684,-0.428866462630846,-0.121100255268779,1.66763284834628,-0.378519626926417,2.31817988519179,-0.703336213573493,-0.521161548693922,-0.661320394743868,0.872126006507764
sup-46,-0.416186416059245,0.224165293873125,0.600870151621818,-0.868566470587076,-0.527379377010326,-0.718359451451214,-0.822025065786109,1.26076364868585,1.63968577585783,-0.508546206949385,-0.372782988924853,-1.22674741371472,1.7351085204443
sur-6,-0.921882378953211,-0.346357503615916,0.809194861279571,-0.759671260077382,-0.864097704711065,-0.323907426022689,-0.436189538846626,0.596293271766573,2.59820431435397,0.857728385277403,-0.867503653324485,-0.398415059814892,0.056603692688747
C01H6.8,-0.328013175143305,-0.213599243491311,3.30570359555586,-0.335639825802851,-0.335639825802851,-0.335639825802851,-0.335639825802851,-0.264318681856388,-0.335639825802851,-0.335639825802851,-0.23226042109826,-0.335639825802851,0.0819667066533628
moa-2,-0.882770343981936,0.522573095395825,0.48734872752512,-1.07805704386123,-1.00345442671023,-0.537060272663984,-0.855907120283309,1.11980512784407,1.45220477571432,-0.0651000445202844,-1.00017760400318,0.0662964288089252,1.77429870073589
D2005.6,-0.351308592233885,-0.349325634598459,3.1985560580494,-0.359382630303073,-0.359382630303073,-0.269376365842079,-0.359382630303073,-0.359382630303073,-0.359382630303073,-0.359382630303073,0.646515577049604,-0.359382630303073,-0.359382630303073
F19B6.1,-0.22896411213621,0.247588518784442,2.62316958550441,-0.319469079621504,-0.211929273406082,-0.364486447084843,-0.60770032161554,-0.199784001553228,0.449902736945487,-1.23583517359439,-1.20231769908926,1.06799781751764,-0.0181725506509213
mboa-3,0.163384290936061,0.914199415249103,-0.431775870104684,-0.274976798168702,-0.153964728614986,-0.594617705385837,-0.406831180826065,1.19968364899218,0.370950322753491,-1.7105192733143,-1.20883813024448,0.0436165129257736,2.08968949580244
C11H1.7,-0.36704766453032,0.127918096125355,3.25753231698189,-0.437526508665001,-0.357061535139497,-0.411497472678448,-0.437526508665001,-0.201765704077417,-0.255859299592363,-0.437526508665001,-0.205169309812197,-0.437526508665001,0.163056607383
ugt-24,0.242262995014981,-0.373762656793927,-1.10824430298338,-0.157895015685021,-0.772858940037273,0.092145666332904,0.810500376037275,0.385903269599711,-1.10824430298338,-1.10824430298338,1.88307950606448,-0.486828663454339,1.70218637187136
F40E12.1,-0.285762003088774,-0.20773355759467,3.32739839295018,-0.285762003088774,-0.285762003088774,-0.285762003088774,-0.285762003088774,-0.285762003088774,-0.285762003088774,-0.285762003088774,-0.285762003088774,-0.285762003088774,-0.262044804467764
pus-1,-0.319583733707316,1.36300824333619,-0.461171214596777,-0.441353699239563,-0.497852856522426,-0.458820683418716,-0.179374445782756,1.09260783682624,-0.750059939372044,-0.97404217021919,-0.438227593733772,-0.401619569433723,2.46648982586385
ipp-5,0.148432102280717,-1.21302520106343,-0.244626519594708,0.0800574606791577,0.121802726586412,0.371290892644894,1.47493489457204,-1.21302520106343,0.126620851217658,-0.249564642186778,2.21897100169415,-0.408843164703258,-1.21302520106343
dpy-23,-0.533435763416127,-0.0809294948640151,2.79961123469931,-0.589623550574573,-0.448673689456967,-0.562090588865676,-0.548399929036325,0.227601232343028,-0.821851960398014,-0.389945663569425,1.11517588213844,-0.61686320026471,0.449425491265058
alh-5,-0.677560445051139,1.04258747056282,-0.807975713823589,-0.533258698210173,-0.79287401944726,-0.487360241037487,-0.121393216241585,1.01912698921693,1.01740599730773,-0.807975713823589,-0.6838849073569,-0.454791714899305,2.28795421280355
F39G3.2,-0.529192380092986,0.4309405975238,-0.529192380092986,-0.529192380092986,-0.529192380092986,-0.529192380092986,-0.529192380092986,0.660202320738928,0.806779952396356,-0.529192380092986,-0.529192380092986,-0.529192380092986,2.86480855017779
Y106G6G.2,-0.293416534149002,-0.306617871720447,3.31345074370544,-0.12499273355638,-0.33632193139141,-0.302893608401441,-0.268624050822842,-0.313726338826475,-0.0437420672458341,-0.368427846147978,-0.245008965847316,-0.368427846147978,-0.341250949448333
txdc-9,-0.582681265179122,-0.238365030312762,0.702662398311389,-0.532612087810077,-0.708633447953311,0.0126495026738085,-0.378169948966589,-0.0473329449361146,0.00397840680490094,2.98300217266549,-0.247414558465771,-1.09653571486872,0.129452518036876
frm-8,-0.328364588014345,-0.385166769327828,3.18502927271609,-0.386487132337323,-0.363137186797103,-0.290230805910116,-0.336710289769475,-0.297861223085056,0.68869882675947,-0.400769024982403,-0.308819088544016,-0.400769024982403,-0.375412965725488
gcy-22,-0.345553771256199,-0.307559872873937,3.24361983877386,-0.345553771256199,-0.345553771256199,-0.345553771256199,-0.345553771256199,-0.345553771256199,0.470723510028655,-0.345553771256199,-0.296799534622781,-0.345553771256199,-0.345553771256199
unc-2,-0.381076401207481,-0.352361045166024,3.28104416905691,-0.381076401207481,-0.381076401207481,-0.243328716244603,-0.34695111337608,-0.381076401207481,-0.381076401207481,-0.381076401207481,0.0752535151765128,0.0879573323672869,-0.215155734569111
R186.8,-0.147754274776052,0.0155873616707229,1.29467333632636,-0.474970683034184,-0.374632727015513,-0.314777009877679,-0.827840942931556,1.29737668659242,0.500377408716638,-2.06386482650859,-0.718918482732992,0.276975042539408,1.53776911103101
etc-1,-0.456609704012298,-0.522138560748517,0.466578870393199,-0.818854917030427,-0.698992399394306,-0.676237194463749,-0.858295961172584,-0.165243651787927,2.9291057330282,0.439173414076878,0.244850258812442,0.26020399012001,-0.143539877820926
cel-1,-0.447815521779204,-0.0728167727272147,2.49405427087091,-0.808233142364535,-0.222208633618547,-0.324456443267564,-0.492653283691215,0.316393369158662,0.111570915819792,-1.50571688508961,0.590866174172089,-0.74933885874159,1.11035481125802
tmem-218,-0.39255367163038,-0.369904094547528,1.31864543512876,-0.410574817917038,-0.301692237587007,-0.410574817917038,-0.410574817917038,-0.34630384784202,-0.410574817917038,-0.410574817917038,2.93340674922996,-0.410574817917038,-0.378149425249558
seip-1,0.562567161180822,0.312661126613468,2.45077039907558,-0.124726857008374,-0.141120360937832,-0.539018233300366,-0.58550779415848,0.48232846089877,-1.42802791302511,-0.91393375169783,0.43031938471298,-1.1163255548282,0.610013932474573
F13E9.13,-0.561644362085333,0.451070451504023,-0.589905870975542,-0.589905870975542,-0.572796935079101,-0.589905870975542,-0.589905870975542,1.52316215033257,0.942464309707437,-0.589905870975542,-0.589905870975542,-0.589905870975542,2.34708548244919
bli-4,-0.137102544179411,-0.26224569014719,2.24718893185158,-0.286162115442569,-0.497555778913538,-0.226669469031715,-0.343931735535784,-0.321396708185576,0.0176339042664033,-1.00244386153182,2.04833453208707,-1.00244386153182,-0.233205603705619
rrf-1,-0.287978098106953,0.242243067275788,0.0259179402213571,-0.640926638308369,-0.196250692473517,-0.594763922748307,-0.332165750856262,0.564061629158645,2.86875677601525,-1.32399624639402,-0.185156642172278,-0.617315610052287,0.477574188440947
nlp-35,-0.570032020555944,-0.38160972814171,1.91872331418709,-0.700685648516043,-0.686603385601102,-0.675364266182259,-0.135177548307925,0.157969371594333,1.37205873712053,-0.710233056978436,-0.636542928449768,-0.710233056978436,1.75773021680968
ZK856.7,-0.654867057121676,0.0290689641834668,1.96202236432574,-0.389375590208224,-0.652115765779987,-0.430024581626356,-0.76955419932896,0.180937175723769,0.91892314985782,-0.76955419932896,-0.632155783272536,-0.76955419932896,1.97624972190487
cul-2,-0.484718082453473,0.106412402640276,1.25452779788592,-0.831610931223915,-0.185313921855543,-0.475134475889026,-0.725818001291104,0.437258859998106,1.83142353974751,-1.5188930122579,-1.10587491580004,1.15295723123849,0.544783509260712
ZK1127.5,-0.408437062397035,1.20971623756966,-0.631395082402605,-0.609905024718819,-0.583001596395214,-0.747453207613204,-0.587748055911619,1.95003146539974,-0.64328335775998,-0.51924849770216,-0.501114233569795,0.178111221276353,1.89372719422467
C03H12.1,0.684279826635102,-0.872009209757482,-0.535114063134331,1.76649980032152,0.355489617568267,1.61678805531403,0.645277756672905,-0.896650002715653,-1.4660314641666,-0.298771498321094,0.361102385365576,-0.447115199062167,-0.913746004720079
fat-1,-0.259159186141949,1.51703044686495,0.857654288054514,-0.411677955499713,0.255915017319672,-0.847943540899714,-0.69942712596378,0.421417071297844,1.78595561073852,-1.22849660226404,-1.06813945561758,-0.993172619598576,0.670044051709861
R07E5.7,-0.215284777371038,-0.800824528760094,-0.819299199750404,0.0158530975136507,0.297201270731305,0.0754378301695093,-0.287528217625716,-0.526921029857142,-0.519866640372817,2.11343708487,-0.786959530541567,2.10072248090669,-0.645967839912374
cutl-26,0.529811725130688,-0.541923646094043,2.70886105668187,-0.414194588602645,0.139429119404452,-0.671784713705648,-0.680259150402505,-0.64957721739691,-0.560363063210683,0.617923129263316,0.931802444408448,-0.743207612648976,-0.666517482827367
R11H6.2,-0.51654406341634,0.432591220162337,2.62771902329491,-0.64881129307656,-0.646224409335518,-0.686714180872948,-0.67642922241981,0.532922524486694,0.137172801769697,-0.700228741718608,-0.362838226938448,-0.700228741718608,1.2076133097832
F49C12.11,-0.315107345373193,0.501180889486212,-0.761603522491003,-1.03672638230851,0.704675502395653,-1.01529982783079,-0.517630486965054,1.70394241196168,0.889853667311721,-0.792144218378836,0.215525665637867,-1.15590989826959,1.57924354482386
math-42,-0.085000590093256,0.986853718332037,-0.919725795788071,-0.802196537073488,0.442340624414215,-0.641166808172833,-0.892403574544542,1.82111468230333,1.60358271949141,-0.919725795788071,-0.333689106192355,-0.919725795788071,0.659742258899695
ugt-2,0.066063092276481,-1.14516926578895,-1.19768100731023,1.49446384170796,0.334344208603827,1.15519263748236,0.530283026303933,-1.15340337384998,0.916384577569949,1.15315145277829,-0.580957970599122,-0.458549834799184,-1.11412138437534
Y77E11A.7,-0.325087484328558,0.290977893822706,0.425603698241019,-0.55423231704167,-0.381038482176939,-0.509308189839036,-0.388566047844173,-0.168516558162021,3.15071392010206,-0.617209025344233,-0.181542262993884,-0.617209025344233,-0.124586119091042
fli-1,-0.412512428235025,-0.236814313432535,2.49194201743775,-0.584990523155821,-0.467878408021868,-0.79976990759681,-0.423523813931997,-0.143625940790214,-0.273067157174102,-1.02834008721217,0.507789742703946,1.64294108486765,-0.272150265458801
cyy-1,-0.365277010030917,-0.329008067492919,1.19950495028809,-0.549736542843784,-0.414296950299589,-0.531359108609763,-0.425430782396232,0.0267575005957127,2.91916651088951,-0.546124970708514,-0.116058344635237,-0.72692179649026,-0.1412153882661
ric-8,-0.484010548183766,-0.153868205639765,3.15740235002175,-0.30399224675522,-0.255477286097492,-0.546859298559926,-0.478062630777383,-0.357099054974448,0.572959949115932,-0.687253239075936,-0.285829294219104,-0.264946089451049,0.0870355945964037
F21G4.1,-0.590530783937644,-0.132823522220965,-0.435265116830554,-0.398840422760617,-0.684716950616601,-0.0793828915693338,-0.276120414553499,-0.369611558306182,-0.285824943343073,0.868875119787267,3.08456465617806,-0.331419861833022,-0.368903309993835
prx-19,0.116300976803586,0.158681518511498,-0.306176277357922,-0.681349580242005,-0.0751998526252164,-0.595683144674604,-0.377607983003791,1.2867260327588,0.243688309676837,-0.411600351609797,0.0525934532270104,-1.8074678287126,2.39709472724821
nkat-3,-0.336943808292869,-0.138074844536481,-0.626118556341519,-0.501954779497882,-0.525517844694552,-0.177683618577551,-0.199749147223217,-0.0121936994985792,0.274102878143471,-0.8371790775471,-0.953813366809741,2.74170061668268,1.29342524819334
athp-2,0.0152525907245424,-0.13425932421921,0.758637825575325,-0.444924542939569,-0.302106731121175,-0.673330195732642,-0.723120185616796,0.466795998336852,2.87293874478641,-0.746110398244239,-0.427398521676846,-0.927137086773299,0.264761826900644
car-1,-0.566261091085651,0.508797767247262,1.04789511916639,-0.703243646295508,-0.714194702570223,-0.40289736503152,-0.299649910558512,1.76509760952014,0.638217198160434,-1.64086030368304,-0.358345908137271,-0.746057454127403,1.47150268739491
F32B5.7,-0.473648762802132,0.48308479195151,0.365345729487429,-0.517828205237534,-0.434277974336959,-0.764936115954691,-0.685860960773958,-0.782996470416865,2.25094693447788,1.51522841286021,-0.894935967744947,0.71761974303416,-0.777741154544103
dcap-2,-0.495218897566987,0.479929457945683,2.24045889587853,-1.17045058328145,-0.443743344761491,-0.682857163062333,-0.51949156724648,0.243066894949501,1.2192281330785,-1.23305879016819,0.58978895329024,-0.731055821193778,0.503403832138265
klf-2,-0.246196103124496,-0.314426531365619,0.132924155739933,-0.355186231412769,-0.176331332113269,-0.206058669290694,-0.355186231412769,-0.355186231412769,-0.355186231412769,-0.355186231412769,3.29639210004353,-0.355186231412769,-0.355186231412769
mrpl-35,0.179565673025865,0.47684042130133,-0.791093931294828,-0.653576320676158,0.00290103538348823,-1.09846698763294,-0.708664209630996,2.3950259926552,-0.736787348341155,-0.280369401771428,-0.613606788181546,0.378763994532665,1.4494678706305
F25B5.5,0.164624681703203,1.06960387635319,-0.77334655785988,-0.441514066157379,0.0635932973038353,-0.777961640205583,-0.455458262536935,2.14049909495514,-0.996718152725749,-1.03937932811722,-0.224243991202399,-0.288571690224261,1.55887273871404
rpb-4,-0.450939033160335,0.704142038418059,0.298220267239649,-0.693706947000706,-0.549745864978142,-0.864564476230962,-0.795582606818974,1.6228757923289,-0.384236686569459,-0.594427320010817,0.385686216176379,-0.902567447386402,2.22484606799281
K12H4.3,-0.0568553998046976,1.05015563297237,0.823031977338861,-0.672099246863086,-0.131222038718836,-0.904737807588365,-0.479762638560297,1.89173496903156,-0.15557883783822,-0.72716323401512,-0.929330217306122,-1.2070520669107,1.49887890826265
gstk-1,0.455137367276281,-0.157797793666127,-0.882727026854775,-0.528033227737825,1.6734516226346,0.455683825849652,-0.684138032578217,0.922009828022549,-1.4411604906464,-0.678985563773829,-1.24806380314541,0.895687646540418,1.21893564807909
T22B7.4,-0.407184073500108,0.174692009023733,2.05644980051919,-0.674513428594967,-0.41862949482379,-0.67931256441467,-0.644578117698253,1.68803744207624,-0.718473716071981,-0.761174389612166,-0.0928721011597892,-0.761174389612166,1.23873302386873
cdr-7,-0.492564280901773,0.850531808997307,-0.500322002030773,-0.492177354436719,-0.500322002030773,-0.500322002030773,-0.500322002030773,1.62273061478225,-0.500322002030773,-0.500322002030773,-0.472773103798148,-0.500322002030773,2.4865063295725
sfxn-1.5,-0.826675441549068,-1.07296836272343,-0.48428549238046,0.0901591340881633,-1.00282188826395,1.09397083474712,1.53070242990904,-0.99743042567451,0.467515224670576,1.6468580199408,-0.96565798633495,0.698270834500614,-0.177636880929946
T22F7.1,0.427123951249204,-0.329471954371261,-0.547233865005835,-0.101583720317042,0.0138416565283765,-0.454318864706303,-0.109103171893497,-0.631274363578334,-0.363557603590393,-0.709395633963568,0.392987203939692,3.08795051586434,-0.675964150155384
cat-4,-0.303097583946281,-0.310958590704031,-0.310958590704031,-0.310958590704031,-0.130977167720947,-0.218116608890987,-0.29305775179606,-0.310958590704031,-0.310958590704031,3.32270287778831,-0.200743630505821,-0.310958590704031,-0.310958590704031
bub-1,-0.572715635721572,1.39800905861004,0.250515817301065,-0.70659459538348,-0.721059472291164,-0.721059472291164,-0.721059472291164,0.782937065530896,1.14824423098035,-0.721059472291164,-0.721059472291164,-0.721059472291164,2.02596089242968
C15C6.3,-0.364943756469004,0.537846674663978,2.75474276734047,-0.665075391860932,-0.13479144752375,-0.894406728922981,-0.635358791659345,0.347310101765353,0.032040614020064,-1.21390734477811,0.756495767361512,-0.365114272258917,-0.154838191678335
fbxa-14,-0.570639186631868,0.489956707995378,-0.69717615076491,-0.632106660241816,-0.410047248412821,-0.405031868295322,0.293807246458725,2.00930479257905,-0.69717615076491,-0.69717615076491,-0.135133401777478,-0.69717615076491,2.14859422138579
E02A10.3,-0.242247908042907,-0.33375143329898,3.26354689811684,-0.373338076031915,-0.373338076031915,-0.373338076031915,-0.221153287577652,-0.283484835753127,-0.373338076031915,-0.373338076031915,0.354132806832747,-0.373338076031915,-0.29701378408543
F35A5.8,-0.52298375587259,-0.230060737702505,2.30493126070589,-0.579129087339919,-0.38945652863295,-0.572991120765461,-0.562891132235951,-0.125407141948843,-0.276773704142741,-0.605972703239075,2.09690509283027,-0.605972703239075,0.069802261582956
pgph-2,-0.257130985105385,0.702140293220314,-0.285555232954135,-0.680072580821835,-0.272326302269601,-0.677773715291812,-0.666071263565797,0.725828721065476,2.72794566275591,0.719865452655737,-0.520051680574385,-0.836305759195166,-0.680492609919321
dhhc-4,0.104318920374233,0.12926834894504,3.20267723934569,-0.690565422124062,0.00365552645839946,-0.429276137831779,-0.175095711089938,-0.540940936749304,0.0414062755082891,-0.405476998660613,-0.271574412829119,-0.589182561092735,-0.379214130254096
ddx-19,-0.49823819494718,0.899616610336494,-0.2430715133468,-0.614100267150721,-0.551739587258925,-0.702482356920496,-0.677250651292553,1.23521597830546,-0.40806976898501,-0.864804666198079,2.21515696044996,-0.864804666198079,1.07457212320592
dml-1,-0.444228099280428,0.397622676780287,-0.396781380489181,-0.454928077046293,-0.440596313736868,-0.454928077046293,-0.454928077046293,1.14879734420821,-0.454928077046293,-0.454928077046293,-0.454928077046293,-0.454928077046293,2.91968231184204
C37C3.9,0.116033041411244,-0.114061936551575,2.94910284948692,-0.433929197511018,0.326319130945805,-0.484200731771702,-0.0720708637074762,0.49689374761968,-0.903780393938492,-0.903780393938492,0.108349726031438,-0.903780393938492,-0.181094584137839
B0041.8,-0.565754861531689,0.321224355533908,1.51548741969811,-0.633739694380455,-0.712428782491127,-0.80919308456822,-0.709837165508686,-0.28200284180539,0.968904775171409,2.04064069523894,-0.884157603408754,-0.904604893692971,0.655461681744935
exos-8,-0.481510979325639,0.98869625352837,-0.0782445768154631,-0.684434333275203,-0.670673108522061,-0.620921020918426,-0.461070722383933,1.30303021525877,0.99534711751759,-0.854685111486619,-0.730717287719142,-0.848458780375664,2.14364233451742
mrps-33,0.221516142981108,-0.503129624372017,-0.422249069676337,0.163437940916006,-0.0858966351581636,-0.232454538266719,0.584171637109121,0.128859694173705,-0.93848936863917,-1.05856795713735,-0.90062891930136,2.86890022934745,0.174530468023718
B0432.7,-0.217495616594813,-0.554237291975676,-0.170726190632571,-0.541539436177141,0.226985781279943,-0.301788221543111,-0.605184804370748,-0.762257039846486,2.28222269909072,-0.90952849131954,0.45403242037616,1.85106998748772,-0.751553795774459
nfki-1,-0.503164208269596,-0.578766245769232,3.05939055104613,-0.455395542871678,-0.569071225093319,-0.241744802281477,-0.292366248745811,-0.495471654594602,-0.609968388586633,0.244013832903726,0.657362203434589,0.242265197445951,-0.45708346861805
syf-2,-0.597313793126166,0.349388412320109,2.57237326098748,-0.626938654732356,-0.309864545493322,-0.610012911693602,-0.535765526947823,0.407672519212042,-0.252885496341787,-1.43067674322129,0.54592465156401,-0.484535979932065,0.972634807404768
wapl-1,-0.645475219220938,0.277902890516965,-0.200998834937451,-0.557893139685563,-0.451972825523466,-0.539790531538191,-0.496718390269539,0.596251343569679,0.721662058062928,2.87180125602984,-0.645839563449477,-0.933498878243094,0.00456983468830393
R03E9.2,-0.580943679098719,0.625914115679145,-0.43441606093651,-0.580943679098719,-0.580943679098719,-0.580943679098719,-0.580943679098719,0.602167740802775,2.68824718041345,-0.580943679098719,-0.512896923608546,-0.580943679098719,1.09758970134071
cogc-4,-0.442886526210426,-0.227773426054059,-0.376729645941678,-0.574887609593061,-0.09612960088057,-0.468910858502718,-0.661891394825726,0.354259396090608,3.06765564095156,-0.426587363874312,0.280975310349575,-0.8152910614484,0.388197139939206
R05D7.1,-0.290725590074016,-0.252719483376751,3.31525777790833,-0.319137702897222,-0.305701662077528,-0.350883992765205,-0.27493858375649,-0.309430081373987,-0.0200030880845963,-0.350883992765205,-0.198862883259722,-0.350883992765205,-0.291086724712397
Y55F3AM.13,0.622838350831248,0.696730701344052,-0.385416463653116,0.215713967156068,-0.23508141985397,-0.439214053678003,-0.312098905029394,2.18597122986551,-0.595966439290412,-0.32988765006461,-1.10226420238461,-1.58840535730576,1.26708024206299
M03F8.6,-0.280888463966968,-0.264753570510844,3.32808909192414,-0.280888463966968,-0.280888463966968,-0.280888463966968,-0.280888463966968,-0.254450881743614,-0.280888463966968,-0.280888463966968,-0.280888463966968,-0.280888463966968,-0.280888463966968
ned-8,-0.3143733372519,0.313433840358238,-0.0362600513774709,0.129752574970289,-0.28270253127397,-0.156973138393784,0.865710106722835,1.2366679559366,-2.19928113100061,-0.688784971149354,0.409623798543421,-0.991340717654905,1.7145276015706
B0250.18,-0.591393487540471,-0.079454228290017,1.5848328132352,-0.632301098231863,-0.632796352549017,-0.716000789456325,-0.667997848673884,0.318457407543487,2.50633802760449,-0.736456520605576,-0.44136234696584,-0.308731149848841,0.396865573778661
rfp-1,-0.197555420664345,1.64634304577852,1.16443918688041,-0.598022461738082,-0.199168405036774,-0.633041268405121,-0.542984141550563,1.00065456699541,-0.895364836544124,-0.841400058433602,-0.582735359247725,-1.02454814493196,1.70338329689796
nhr-99,0.387561189496418,-0.580561871710536,-0.580561871710536,0.373438804876004,-0.444909847061198,-0.202009762363752,3.05061343475498,-0.580561871710536,-0.580561871710536,-0.580561871710536,-0.0554339322854552,0.374111342846218,-0.580561871710536
vps-2,-0.616275877301711,0.00324804067281322,-0.0375021232985213,-1.46074821802153,0.0479350078106719,-0.838573737138267,-0.238903561814149,0.106044689575562,2.32412627237099,0.483107123265169,1.09479924794982,-1.30010682531226,0.432849961241413
fasn-1,-0.463492252727488,-0.165827181008535,2.0166292153151,-0.463492252727488,-0.463492252727488,-0.463492252727488,-0.463492252727488,-0.392868767592114,2.452146816734,-0.463492252727488,-0.252107566622176,-0.463492252727488,-0.413526747733864
emb-5,-1.04356740309446,0.50412659123388,1.83868672767209,-0.87667839975112,-0.72794667505693,-0.50937945176606,-1.00933789144323,0.47963300965309,1.50910003744392,-1.30432108538492,0.350624665851136,0.226566921361916,0.562492953280691
bigr-1,0.510930594074709,-0.271567162485567,-0.933930774531934,-0.00149905798044996,-0.130496854746916,-0.300953367139794,2.92448447886702,-0.0285618922663639,-0.390188103771523,0.116590627422514,-0.883540778960225,-1.01225826432734,0.400990555845881
hmt-1,-1.01043743920596,0.806250961275111,-0.164031793133345,-0.448288496476251,-1.02587943912129,-0.09094490406847,-0.227504615364052,0.194196724627089,2.51294017178439,1.0746844551793,-0.431681813705365,-1.13666218936836,-0.0526416224228062
metr-1,0.287082896066043,0.0759715308196008,-1.5362137223758,0.57560384681296,-0.297454414621259,-0.104978716704316,1.37853418791109,-0.497452165914202,-0.765230167565767,0.0886822543733774,-1.09608219977275,2.24758074412826,-0.35604407315723
lgx-1,-0.356811666875398,-0.356811666875398,3.19549170008644,-0.356811666875398,-0.342395296336575,-0.356811666875398,-0.356811666875398,-0.356811666875398,-0.356811666875398,-0.356811666875398,0.659526230949759,-0.356811666875398,-0.301317632821039
grl-15,-0.150934242965806,-0.29356348878579,-0.403909707031635,0.000103973694197949,-0.249174844473419,-0.255165748378864,3.28288486942131,-0.387467604743991,-0.42349439041746,-0.42349439041746,-0.385887313531654,0.0875512076703835,-0.397448320039818
rpac-19,-0.444213679164771,1.11242096893642,-0.262146807636082,-0.89948801665702,-0.549517828228621,-0.937953778215277,-0.827081766724263,1.80615263612001,0.986600423885795,-1.3274380145799,-0.320593099308074,0.420564871558906,1.24269409001287
Y64G10A.7,-0.0490874749875415,-0.156679478507727,0.30524152054084,-0.387132493370348,-0.349306614548725,-0.387132493370348,-0.368635075314169,-0.356822295092258,-0.387132493370348,-0.387132493370348,3.25942469721602,-0.387132493370348,-0.348472812454699
C27A2.8,-0.288002009133427,-0.270059253557075,3.32662702216075,-0.288002009133427,-0.288002009133427,-0.288002009133427,-0.288002009133427,-0.288002009133427,-0.288002009133427,-0.288002009133427,-0.288002009133427,-0.288002009133427,-0.176547677269399
tsp-20,-0.0978786466674281,-0.306751851177846,0.650128954381562,-0.388065526186248,-0.295632965488711,-0.435701925902501,-0.435701925902501,-0.435701925902501,3.1775375259931,-0.435701925902501,-0.152992981051942,-0.435701925902501,-0.407834880289982
F47G4.4,-0.616481686223551,0.290757187762268,0.984710333135286,-0.706500139270162,-0.278847133349907,-0.744747031560579,-0.846528947699265,-0.00610101720802043,2.10100037815997,-0.846528947699265,1.68561494875139,-0.846528947699265,-0.169818997098901
php-3,-0.52011213172552,0.426381450296136,-0.839116920084151,-0.77122279453284,-0.839116920084151,-0.839116920084151,0.47176406088762,-0.0787187959906742,2.48865180231161,-0.839116920084151,0.699090545682418,-0.393948507276441,1.0345820506843
C37H5.13,-0.483258782620746,0.316175388786915,2.25349602848852,-0.437251757034343,-0.56354245687657,-0.460303907477129,-0.522429658743532,-0.422230860935902,0.756628808999924,-0.988424411367112,1.69303937564114,-0.988424411367112,-0.153473355494056
atrn-1,-0.559209768909952,0.549571665272417,2.49890400769761,-0.247859068011618,-0.735239056875859,-0.519234216371531,-0.88546054800079,0.579887514699665,-0.608577622372983,-0.180106634923814,-8.94331467416827e-05,-1.11681372773703,1.22422688868063
tpa-1,-0.965834931980676,-0.672475694844875,0.367681181095326,-0.853020421419738,-1.28127519020521,-0.54440656263985,0.93776533544837,-0.356062696447904,0.331921572810545,-0.566193220575968,1.5257201485661,2.01124120182748,0.064939278366396
ehs-1,-0.400190328554604,-0.578201925598146,1.42728194276036,-0.494383936592919,-0.151742165594763,-0.137091793785421,-0.333621791827695,-0.211782181677212,2.75586376829095,-0.831738982229222,0.00554502567300188,-0.831738982229222,-0.218198648635103
spt-16,-0.640894468004803,0.990743983038793,1.90883902985387,-0.819648626359713,-0.875756595478372,-0.795683168693181,-0.876257773300487,1.2020577154334,-0.8222591446224,1.29203648814274,-0.289866288048024,-0.462629675374544,0.189318523412718
W02D9.2,0.1317503536398,-0.700255372764327,0.16357437958403,0.153344546612057,-0.651813692732168,-0.0591987986318615,-0.272721806018194,-0.912757606396832,-0.191140207849124,-1.16891780040016,1.88690850757908,2.19420102313936,-0.572973525761666
zgpa-1,-0.449324630575427,-0.190694044790578,0.431962694411195,-0.841302291850104,-0.611438690604019,-0.815544264457278,-0.847708704296225,0.0274483668636195,2.64303645501917,-0.968011457797586,0.798183194731458,0.735931201484602,0.0874621718611718
T01C8.2,-0.51867868929998,-0.489350475725534,1.97490309346127,-0.534713280307545,-0.534713280307545,-0.521334126810001,-0.534713280307545,-0.534713280307545,1.05786138311591,-0.534713280307545,2.08361576416178,-0.534713280307545,-0.378737267058179
zfp-3,-0.486852484319008,0.243464695103384,2.92739859428308,-0.924190701376649,-0.497155407234825,-0.621475004128856,-0.659766669674438,-0.00574514019000976,-0.42583595594615,-0.485403537209322,0.780137341928898,-0.21685822600412,0.372282494768019
F21C10.9,0.158901661037657,0.141543495941163,-1.33749479787721,2.1643098962243,-0.0374825705455895,1.05203894912691,-0.290971762686763,0.0612643716005295,-0.568293103088061,-0.0746202693424335,-1.32105136456942,-1.02524560126147,1.07710109544039
W03F9.11,-0.351415756847223,-0.351415756847223,-0.351415756847223,-0.351415756847223,-0.351415756847223,-0.351415756847223,-0.351415756847223,-0.351415756847223,-0.351415756847223,0.67376957430791,3.19180375101154,-0.351415756847223,-0.351415756847223
F07A5.4,-0.263718817445976,-0.283534017482983,3.32779461639159,-0.283534017482983,-0.228735624115787,-0.283534017482983,-0.283534017482983,-0.283534017482983,-0.283534017482983,-0.283534017482983,-0.283534017482983,-0.283534017482983,-0.283534017482983
idhb-1,-0.535025674572116,-0.128905321616694,0.195322782795053,-0.0593172793964397,-0.135952355182007,-0.148923972142302,-0.237558044863348,0.0720511619644823,2.18145151378558,1.79478400003241,-0.965316015234868,-1.55277822251314,-0.479832573056616
cyb-1,-0.564213885659461,1.37866563419684,-0.0447880192058928,-0.580080153180871,-0.587107449326037,-0.604638970203748,-0.560116080276379,0.999948071984362,-0.604638970203748,-0.604638970203748,-0.13446706684669,-0.604638970203748,2.51071482912912
metl-9,-0.506788411999726,-0.0658484610934923,-0.255212378277996,-0.590564513746512,-0.12269915357287,-0.305998278983782,-0.341063652456995,0.508677294647718,3.13241976165434,-0.613421044158089,-0.467287303578703,-0.613421044158089,0.241207185724195
E02H1.1,-0.395095692523671,1.52250515927969,0.545208433973171,-1.02855544249644,-0.17875472810413,-0.699382938640644,-0.543052704848089,1.39663775431391,-0.596577977807394,-1.3054069192725,-0.331091573781345,-0.17624596257536,1.7898125924828
zag-1,-0.300095968647714,-0.270147686437013,3.32224748605038,-0.300095968647714,-0.300095968647714,-0.300095968647714,-0.300095968647714,-0.300095968647714,-0.300095968647714,-0.300095968647714,-0.0821029009848827,-0.300095968647714,-0.269133180799059
ddx-15,-0.551022659356108,0.463574182401584,0.00678934666972584,-0.636709852467019,-0.376878870489894,-0.613190594697507,0.0214702001234925,0.716465175652976,2.59996480799403,-1.11569758924169,-0.253728209916685,-1.11569758924169,0.854661652568792
ace-1,0.76772376349757,-0.575676031641274,-0.679379382139744,2.49399722045031,0.631052350980453,0.336323567786689,1.07429883651378,-0.679379382139744,-0.679379382139744,-0.679379382139744,-0.65144341474907,-0.679379382139744,-0.679379382139744
rfc-1,-0.202954574814083,0.666543247438847,2.34536278593751,-0.809840470918828,-0.110375669465405,-0.0939333855024963,-0.542058552686312,0.895035342981722,-0.293999087720197,-1.1016526860246,-0.738265740034112,-1.1016526860246,1.08779147683257
lsm-6,-0.534561418257489,0.213439336579717,0.597450606128158,-0.919821760973779,-0.580764618915643,-0.216967570948417,-0.757929155901142,1.12824127479911,2.18674540544732,-1.35797264077325,-0.914513667827444,0.351703959373651,0.804950251269205
ptb-1,-0.388185229498686,-0.267737446616318,3.24722065687785,-0.406061927011297,-0.390529299727249,-0.406061927011297,-0.326171696427509,-0.181610721199666,-0.406061927011297,-0.406061927011297,-0.00451215443926198,-0.406061927011297,0.341835526087325
ZK1290.13,0.168661047334178,-0.017799954742675,-1.44966683112435,-0.3523890762918,-0.635683365409541,0.532697763943318,0.541293907167717,-0.64357240233936,0.482812342788341,1.95426268823125,1.30449816817551,-0.30236731734161,-1.58274697039098
dod-24,-0.524941255150952,-0.634553457864252,-0.634553457864252,0.175915427541859,-0.563220001220737,1.77128663674272,1.62617246428322,-0.634553457864252,-0.634553457864252,1.7344706660657,-0.412363191076306,-0.634553457864252,-0.634553457864252
cri-2,-0.330837635906997,-0.335967184631068,3.25976128526265,-0.348557338604302,-0.344626917097486,-0.394774840166054,-0.292494183037534,-0.268024146508516,-0.394774840166054,-0.394774840166054,-0.179228928451334,0.36853397735679,-0.344234407884042
math-22,-0.0185784879181971,-0.947258539200328,-1.01556886569169,0.726986335107775,0.710930852738996,1.01048192996886,1.01554149108302,-1.01556886569169,-1.01556886569169,0.255631613746651,-0.596084142668325,1.87735922933888,-0.988303685122253
ZK180.6,-0.317740878281325,-0.106273789259868,-0.32563183022671,-0.32563183022671,-0.300263646247297,-0.32563183022671,-0.32563183022671,-0.172895243576887,-0.32563183022671,-0.32563183022671,3.31746861070054,-0.32563183022671,-0.140872241748192
obr-3,-0.913978117514106,-1.46531525315875,-0.0269417330763916,-0.127516670023195,0.58823524945863,1.26284567845887,-0.688662721048895,-0.50057198744957,1.94216797341543,0.202638332118003,1.1024490106539,-0.26304902102562,-1.1123007408083
bir-1,0.0656144432979003,0.610266820956473,2.11763428690484,-0.8844020270911,-0.724979775365833,-0.699177995184406,-0.700735062488091,0.731558873423538,-0.765690576087099,-0.953326178245787,-0.190580284406593,-0.255266770758052,1.64908424504421
R119.2,-0.27093923499609,0.588576094242195,-0.249960073499732,-0.394911665510173,-0.390404002325161,-0.415498023341657,-0.377085183331648,-0.247535128217764,3.20667335220726,-0.415498023341657,-0.393429749590207,-0.415498023341657,-0.224490338953707
K04F10.1,-0.542470705428373,-0.348849305937135,-0.414377797502088,-0.243330594084761,-0.471848539967977,0.1251122680953,-0.432743915965624,0.216186602088962,-0.671806573544539,3.06025365457988,-0.319232947673881,-0.671806573544539,0.714914428884781
mrps-16,-0.414289637652122,0.12868396343726,-0.210240327010752,-0.374489481999605,-0.455167504917752,-0.584291867542432,-0.419166035970588,0.456408344061727,-1.17810266109108,2.84809952216759,-0.698236421734909,0.0618513976291434,0.838940710623514
W02F12.8,-0.290895038661772,-0.253064130940556,3.32085428064422,-0.301761353361024,-0.301761353361024,-0.301761353361024,-0.0610429307926722,-0.301761353361024,-0.301761353361024,-0.301761353361024,-0.301761353361024,-0.301761353361024,-0.301761353361024
C08B6.8,-0.219241032534636,0.216032129175232,0.992581698903725,-0.540993103846158,-0.586892299118808,-0.574608278517932,-0.514326885746455,0.211533918734464,2.76835683401025,-1.04721255387771,-0.294178637847338,-0.80218282356058,0.391131034225943
pqn-83,-0.266778589209858,0.149672501240561,2.83976630767925,-0.485761550630193,-0.487772788078519,-0.655774797899032,-0.369243507559147,-0.442359489074139,-0.967370773094902,0.175327220846748,1.09981125095103,-0.652745134958343,0.0632293497865368
nhr-6,0.547028972663206,-0.943323808758207,-0.969154757698374,0.107123514857311,0.327292602248054,0.574374398550645,1.61287042718202,-0.969154757698374,0.674706674414582,-0.969154757698374,-0.781313332759136,1.72974683565211,-0.94104201095546
T19H5.6,1.109115941824,-0.609245949013476,-0.656002825617643,2.16653322879849,-0.20974058613331,-0.338781403108652,-0.0608604948319645,-0.622461492679549,-0.656002825617643,1.76223015725739,-0.572778099642363,-0.656002825617643,-0.656002825617643
sur-2,-0.956623194406264,-0.00296000198302026,2.16564303175412,-0.936586265968118,-0.377492245436947,-1.04378977060367,-0.953505411979743,0.0442794813709692,0.690933713231338,-0.307258862292846,0.00934574122692371,1.67409893004997,-0.00608514496271737
ept-1,0.194649497433195,-0.474816051052176,-0.657444825285975,1.13926286047317,-0.332911612761565,2.18182065626984,1.42460767729477,-0.219902251761944,-0.412978774541123,-1.34290035802793,-0.942041276755059,-0.135878265197897,-0.421467276087308
atg-13,-0.159364564733098,0.668538138686805,1.86363819623521,-0.796083086000292,-0.00336491975288216,-0.732808926488551,-0.0966568582375686,0.849940637712348,-1.00320425504669,-1.51908928686298,0.995125414340549,-0.993922070481474,0.927251580628616
ZK688.7,-0.708569253221614,0.578049846519068,2.06569864338678,-0.723995197629334,-0.513259241306522,-0.798728843399095,-0.808575712016636,0.938530348857871,0.859243901878642,-0.867206927664967,-0.394364520394628,-0.867206927664967,1.2403838826554
C34E10.10,-0.417876688175126,0.858876094739919,0.0750487636240957,-0.661259701385905,-0.373339284657735,-0.443950827002077,-0.483148945943363,1.82524981773629,0.38369885967584,-1.04110997530926,-0.927486289273343,-0.798356336610582,2.00365451258125
snx-6,-0.785255894890403,-0.0836422433618935,0.668264231369296,-0.972680872642576,-0.329016163555336,-0.686541646676117,-0.284701905875607,1.59158402377635,0.068924319825489,-1.62363751667702,-0.250362313569703,0.855622337819336,1.83144364445819
ima-3,-0.300833351216725,-0.261480529734759,1.72042942380624,-0.00500911189203764,-0.354927736699888,-0.260441678702659,-0.336746574925835,1.07898318477828,1.70950512217005,-1.88361899896781,-0.744617460736538,-0.580425311447805,0.219183023569479
F21F3.7,-0.659259896328201,0.131276851794282,2.45205906259298,-0.616913424110443,-0.641161353992448,-0.660067530189394,-0.625120535317634,-0.0167420350000817,1.4023473145833,-0.748325476104709,0.896131396950695,-0.748325476104709,-0.165898898773634
M02E1.3,-0.479882905393284,0.176698629137256,2.91465253466445,-0.731694567638595,-0.672556948041856,-0.599399666682928,-0.372043264435665,0.790646448457844,-0.382067416961214,-0.345981936866638,-0.600807208496913,-0.328563401038352,0.630999703295894
R102.2,-0.305982814299726,-0.196850156416101,3.31979095459445,-0.305982814299726,-0.305982814299726,-0.305982814299726,-0.305982814299726,-0.305982814299726,-0.305982814299726,-0.305982814299726,-0.305982814299726,-0.0631126551810973,-0.305982814299726
uvs-1,-0.492388596652315,-0.173899840234958,2.95875336586739,-0.352329948388764,-0.19874877575509,-0.455506154698635,-0.350749314339235,-0.0654309550733069,1.09024129228906,-0.730054646177488,-0.468043910039109,-0.730054646177488,-0.03178787062006
dcap-1,-0.632824491862073,0.67450017579655,1.42629068041617,-0.584888474349412,-0.655600073907406,-0.566166302097991,-0.586762258366457,0.492724085369024,2.16249176705927,-0.959472035665246,-0.574485318022618,-0.959472035665246,0.763664281295436
rbm-22,-0.645011385011575,-0.591816930877571,0.536759244299575,-0.969867197215359,-0.490054468850131,-0.876705468731923,-0.347824505347359,-0.158991885831988,2.85399168611515,0.136852509557404,-0.0925297233584299,-0.161774133074207,0.806972258326416
rskn-1,-0.53433791623733,-0.0572469578935074,1.10459627560729,-0.770833890361287,-0.503582818957948,-0.705087382133295,-0.450072618285299,1.32483965566261,-0.858643896856266,-0.0884807922517557,-0.42319946973584,-0.491958953125536,2.45400876456816
T12D8.5,-1.0545993388183,1.5538599442521,-1.18919462306613,0.115093690672137,-1.15614410738378,0.183117090122502,0.87393645811482,0.455374112039767,0.387040855409969,0.409535508396157,-0.815894306249169,-1.23993751693381,1.47781223344372
T05E7.1,-0.495876514468917,-0.495876514468917,-0.495876514468917,0.474015136746793,-0.495876514468917,0.935597323435682,-0.0641611496635621,-0.462130214071601,-0.495876514468917,2.97007647565948,-0.437154291288445,-0.495876514468917,-0.440984194004847
unc-51,-0.562139108156713,0.450745523612073,2.80597652444425,-0.65037174714608,-0.603899891486326,-0.70407108212972,-0.545629255688078,0.504704514526128,-0.017130846548988,0.223905835327299,-0.417100879810363,-1.08791878440014,0.602929197456654
nhr-180,0.593240086009355,-0.877649927731802,-0.934929962612347,-0.0275955273287157,0.247556445404548,0.696460629840578,0.835214504398664,-0.90472698918781,-0.934929962612347,2.48854640544123,-0.308614017417088,0.00958125125328687,-0.882152935457555
nep-16,-0.293936724697872,-0.293936724697872,3.32650355817262,-0.293936724697872,-0.264582148991287,-0.293936724697872,-0.213187676219536,-0.293936724697872,-0.293936724697872,-0.293936724697872,-0.203303210680945,-0.293936724697872,-0.293936724697872
endu-1,-0.132379975434933,-0.016227617275,3.21468255440737,-0.386696397183335,-0.426201636310242,-0.41521615740359,-0.250673391448933,-0.347784765004426,-0.502123099552339,-0.502123099552339,0.423828554162776,-0.502123099552339,-0.156961869852675
noca-2,-0.464072454442427,-1.01516820671875,1.22560964012761,-0.342970171002834,-0.257735029131027,-0.287325563189229,-0.834163556462425,-0.879135349812438,-0.600632277026516,1.16276554545824,1.16932420999448,1.94113551319539,-0.817632300990072
ddx-10,-0.228447454761593,0.873977944007073,-0.349504675279383,-0.593745900715765,-0.371495619323095,-0.680877643500822,-0.982839737900903,1.83288480656093,1.47781869630211,-0.62239102887973,-1.17177055504498,-0.459165465225249,1.27555663376141
epg-3,-0.0456375961508086,-0.469826826544953,-0.731188510214444,1.81927880655226,0.13347064083953,1.58310127626836,1.42344256325119,-0.590650272249507,-0.532165097848665,-1.24168789976615,-0.825973600194467,0.180585066590859,-0.702748550533194
F36G3.2,-0.634929663286505,0.154334921460268,-0.815549437665569,0.220889970670243,-0.649536014205298,0.294711166276765,0.808914508289949,0.170579165728636,-1.05640565850897,2.40806712202737,-0.823474328531633,-1.05640565850897,0.978803906253708
pbs-5,0.379237367990374,-0.954640484288285,-0.21190990352023,-0.504967152157245,0.0892512254773358,-0.12875827680387,0.353155631350276,-0.986447491395246,2.17829070698553,-0.099194179529448,-0.981154061792472,1.74299275587041,-0.875856138187129
eif-3.B,0.0326359860071428,0.898762020380266,0.082880301169326,-0.285282629347433,0.0931284568231651,-0.585011002286021,-0.0710352504852557,1.24685905130102,0.345820009667609,-2.2714334540823,-1.4237885456445,1.04296010577219,0.893504950724797
snap-1,-0.528656395151511,0.276737153460787,1.45646930352507,-1.27828070267738,0.648298065270058,-1.04096880410689,0.0582977129385105,0.696154149378693,-0.654403093238792,-1.76407405635977,0.831763089392316,1.29019248181158,0.00847109575733442
mrps-17,-0.377507251486035,0.407891470290466,-0.36552430072751,-0.543982802375092,-0.198861522696386,-1.12006924519826,-0.593792261492295,1.30113023873633,0.957780426399292,-0.651665318039498,-1.48065312679482,0.686165705646738,1.97908798773706
atg-4.1,0.0654274705983894,-0.218531233249786,1.13668922902507,-1.04206962455801,-0.693213816299701,-0.671265757901525,-0.498183499216996,0.23855368223683,-1.12339064096483,-0.55718316385038,0.485045004783973,2.53090174761558,0.347220601781377
smc-5,-0.635511642146698,0.708770743938626,0.413451913607076,-0.660478082195559,-0.337713580196072,-0.643859367699491,-0.652938404380072,0.191699848889347,-0.671831974899466,-0.671831974899466,-0.671831974899466,2.69491587615719,0.93715861872405
acs-19,0.0724399595911975,-1.36557600123079,1.80865582004056,0.0697822642408243,0.984454325984914,1.1018588043382,0.621527624612035,-1.1665832562589,-0.397986961959301,0.110881987775483,-0.764910327826685,0.35443805269125,-1.42898229199879
ent-1,0.192176862542069,1.00620556121676,-0.642360070681115,0.647567064866871,-0.469636030481376,-0.2909317399336,-0.625179249616697,1.1057219027112,0.896084341512934,-1.48542658881512,-0.733963315879434,-1.3120687812052,1.71181004376271
tlf-1,0.01038481979042,0.364590315104608,2.47013828614882,-0.532685436116542,-0.576945330937267,-0.330908687030614,-0.806863218986969,1.29482776597876,-0.442911082507574,-1.3928526098368,-0.180197701575903,-0.455666093502564,0.579088973471628
syg-2,-0.332863259699319,-0.292172262088254,3.3140546301945,-0.332863259699319,-0.332863259699319,-0.310606942904554,-0.21425156107143,-0.307577153702611,0.00521463017253701,-0.332863259699319,-0.260519835122117,-0.332863259699319,-0.269825206981475
R04B5.5,-0.47898640065297,1.30042804852037,-0.452148454606984,-0.625029429205012,0.36986302318534,-0.500962669992532,-0.633970763777217,0.57444899482712,-0.652670397949672,-0.652670397949672,-0.567417602660624,-0.3407113534787,2.65982740374055
F10C2.3,0.833725190266245,-1.02135964426313,-1.03259732738099,0.063821307878876,0.759581017643729,1.02284634962976,2.08874392095196,-1.00419804998144,-1.03259732738099,0.0208150611710509,0.102530892313512,0.231285936532406,-1.03259732738099
ceh-43,-0.388166636701672,0.206564131579231,3.18098196972871,-0.440043837299202,-0.424143822819481,-0.423377489248211,-0.484577652553753,-0.263975491734673,0.300009143854255,-0.484577652553753,-0.484577652553753,-0.484577652553753,0.190462642856059
C25D7.5,-0.37304889380129,-0.698998099901337,-0.698998099901337,0.191119449928285,-0.240159372325808,0.919702441909164,2.51951313594602,-0.698998099901337,-0.698998099901337,-0.698998099901337,-0.100314453575574,1.27717629132722,-0.698998099901337
spv-1,-0.374368532305339,-0.351335808151122,1.04492656381541,-0.448078841804843,-0.448078841804843,-0.433997054819274,0.0185325963559543,-0.246830483019605,-0.448078841804843,-0.448078841804843,3.03154576895304,-0.448078841804843,-0.448078841804843
btb-6,-0.358916743994854,-0.130402156825228,-0.326089022301513,-0.38040568597074,-0.38040568597074,-0.303515990502308,-0.38040568597074,0.0712978151643456,0.0467388428634856,-0.38040568597074,-0.38040568597074,-0.38040568597074,3.28332137142051
Y55F3BR.11,1.16350063399053,0.178421138618301,-0.55032515794485,-0.301375504781608,-0.258806824824409,-0.631159570253996,-0.24083935671469,0.367294435342049,-0.64335883981264,-0.64335883981264,-0.614904934906518,-0.64335883981264,2.8182716609131
prp-9,-0.562269856457963,0.676049237775004,0.555042938518525,-0.654681338482498,-0.522147875580888,-0.519089569425078,-0.536582244180458,1.10217789232365,2.10631586646176,-1.4424034813922,-0.613159398274736,-0.651336378676106,1.06208420739099
panl-3,-0.767471816626962,0.0947098346407381,2.41401561240149,-0.899062650509161,-0.779064197863348,-0.81030897645395,-0.830442736202823,0.422274438397535,-0.201311829433811,-0.586305473033383,0.470364928442385,0.0489382819486781,1.42366458429261
fbxa-150,-0.019431289374329,-0.722563264425793,-0.3722929124069,-0.266987563817422,0.10594261442026,-0.423338629488081,2.44121896820217,-0.635652610137388,-0.864503338165837,-0.864503338165837,0.931255432441905,1.37328665596242,-0.682430725045168
ugt-6,-0.205946890500553,-0.533039249715561,-1.19355348206826,0.355060453112241,-0.443404100610902,1.56532531678984,0.636918411159985,-0.411908683350931,-1.14931325244078,2.28521183801411,-0.536139839075763,-0.15366500763754,-0.215545513675881
sli-1,-0.784621434160033,0.730513753606416,0.370080157585782,-1.18014696129084,-0.448408267616941,-1.0276718477279,-0.85117460302465,0.880176074910995,0.423620488705401,1.97259566760169,0.593434806071699,-1.31689020102421,0.638492366362594
C01A2.4,0.453172777955215,-0.740452162864579,0.599138160078003,0.039015758439935,0.658187819326876,-0.0242153694983502,2.57868614294972,-0.846157516022963,-0.958593561320206,-1.00284701375993,0.374140316422178,-1.00284701375993,-0.127228337945977
ifbp-1,-0.689591358734595,0.0321265868396028,-1.16492749369015,0.606282470827677,-0.471120942274352,-0.452430774503958,-0.701012886919442,0.570343173449631,-0.0311333359220627,2.40467914517299,-0.853769587010871,1.31373320083389,-0.56317819806836
C01B10.11,-0.366063441346757,-0.350657305351972,3.20137587906086,-0.373619527125382,-0.373619527125382,-0.290486204080258,-0.373619527125382,-0.338851140532862,-0.373619527125382,-0.373619527125382,0.630707182912153,-0.373619527125382,-0.244307807908871
mrpl-19,0.187175170223646,0.211473089286586,-0.625018468159283,-0.110393366867287,-0.302043174771156,-0.254146284582197,-0.5586019117457,0.164788447793069,2.81861267373452,-1.13246007025621,-1.20985886899677,0.365466315378318,0.445006448962468
K04F10.7,-0.838787906586555,0.406822867854919,2.20908017638054,-0.93522369085854,-0.724988223037836,-0.473759220235061,-0.251756973867594,1.45866286204268,0.298141040931083,-0.462880171694065,-0.687482901127174,-0.90977493767498,0.911947077872574
asna-1,-0.37427544861296,-0.120630435815896,1.39873867348583,-0.572697437055882,0.31180900602287,-0.497322368125691,-0.17452314070394,0.410602429028541,-1.21155472304076,-0.875850915809457,2.40147234769376,-0.969660168562093,0.273892181495667
K02A6.3,-0.561811782883211,0.1978756499297,1.10494914190288,-0.816094758343963,0.111134102749313,-0.717606557451928,-0.686362474656614,0.0524129749998861,1.18190316233245,-0.522464259401846,2.29702723962623,-1.30243659621731,-0.338525842585585
ddx-52,-0.382831599770293,1.10206907690703,0.100268254901168,-0.565325831505487,-0.394699418080285,-0.764627701811093,-0.150438284605309,1.74349875994148,0.421684344883593,-1.04966362744318,-0.853316614509274,-1.04966362744318,1.84304626853484
nonu-1,-0.483992086309492,0.393688742595077,0.692973553423501,-0.55480827739597,-0.0504371145568929,-0.193556924587774,0.5685498458047,-0.0934550286814467,2.6315040054757,-1.3233485227556,-0.691356118557637,-1.11702696137395,0.221264886919784
arcp-1,-0.389171267599756,-0.372306389743239,1.67863915731341,-0.441224191242177,-0.476782877976019,-0.491630847156626,-0.491630847156626,-0.294879200336832,2.68446804244762,-0.491630847156626,-0.491630847156626,0.0346976736678827,-0.456917557904385
C47B2.2,-0.461631806729125,0.322834435028917,-0.368829528229069,-0.445588701833717,-0.491235185088045,-0.574400470999972,-0.498484724372757,0.260881342363894,3.04624294869169,-0.63632924848995,-0.527242672728283,-0.275678481315822,0.649462093702242
sao-1,-0.331762184237588,0.617173269158221,2.74242151870265,-0.419895771082165,-0.31362717876833,-0.599321543003815,-0.609162165418774,0.452986529268442,0.00585292951348693,-0.804225355476617,-0.619738254727552,-0.993047648434301,0.872345854506347
rga-1,-0.273110261055665,0.322474244590246,3.05468828798614,-0.638924218934014,-0.0683364194181278,-0.574503695747356,-0.295668700696147,0.138075792849856,-0.760008133373634,-0.951487555610787,0.32941325218229,-0.210147505000004,-0.0724650877727926
cnt-1,-0.00935569659262372,-0.344630672188199,3.10401273567255,-0.194602697245441,-0.207284905704539,-0.448226661234956,-0.31569590793341,-0.399126262781494,0.167477811800158,-0.813057648918386,0.535489600195034,-0.813057648918386,-0.261942046150308
R10E9.3,-0.594714567133983,0.51128613973667,-0.291461369362903,-0.537898426206658,-0.567034843615284,-0.508207786389723,-0.666268098215078,2.50599926521741,0.886335313256864,-0.666268098215078,-0.666268098215078,-0.666268098215078,1.26076866735792
ift-20,-0.293057152178409,-0.188579689343628,3.32607788654146,-0.293057152178409,-0.293057152178409,-0.293057152178409,-0.293057152178409,-0.293057152178409,-0.293057152178409,-0.293057152178409,-0.293057152178409,-0.293057152178409,-0.206926675413736
lag-2,-0.287073357904298,-0.268331866734619,3.32780910404642,-0.287073357904298,-0.238657293547065,-0.287073357904298,-0.287073357904298,-0.287073357904298,-0.287073357904298,-0.287073357904298,-0.265872112693513,-0.287073357904298,-0.258360967836839
cst-1,-0.482386953614984,0.180627901004299,1.34970506202491,-0.762324412988207,-0.162075002886522,-0.619286870107949,-0.700739916093478,0.647733543697076,-0.40798928993814,-1.08045169841763,2.12908710327947,-1.08045169841763,0.988552232458784
C38H2.2,1.01666825190194,1.46340702382271,-0.0548988063006344,-0.6825633385052,1.09702079386462,-0.717065400948803,0.0242177044476578,1.01502428037278,-0.346635341293175,-0.496771946173858,-0.567174853338846,-2.17665119743605,0.425422829586851
sta-1,-0.445645882664074,-0.601678400416235,1.18553218964194,-0.425294367726138,-0.481340385983129,-0.356699052000057,-0.497244265145561,-0.192902291859968,2.64302678836368,-0.92241995330149,-0.0479624538960277,0.896151624055728,-0.753523549068667
rsu-1,-0.285589962460324,-0.101413744347033,2.73424365353646,-0.490726682625824,-0.136309240718057,-0.534758034142114,-0.274979228336394,-0.0975003089218405,-0.669374525863086,-0.669374525863086,1.53117357573562,-0.669374525863086,-0.336016450131233
num-1,-0.285909110489635,-0.14340272358246,-0.386601004985487,-0.356482231630232,-0.302538809858587,-0.39055224994033,-0.412730070970165,0.413864092824386,2.79352888922038,-1.64892404496905,-0.231738925252185,0.419434766510309,0.532051423123058
famk-1,-0.268652669522816,-0.742438531923887,0.384842147464036,-0.471090086745775,-0.165170208481095,-0.397013496621281,-0.527333767479315,-0.862239452397321,2.29762727117501,-0.917854413727487,1.72936175555992,0.555685658075097,-0.61572420537509
F32D8.5,0.177490237774832,0.122783885532314,-0.256366057506928,-0.122716599485248,0.202180016156548,-0.370048216893467,-0.557955494601625,0.149827226765569,2.77633885658705,-1.41782945605031,-1.12439124738515,-0.170459173508432,0.591146022614844
mtk-1,-0.0315060353323894,0.386909102148413,0.949303776455225,-1.08336185577361,-0.343812129869728,-1.10951291759648,-0.599541157756808,0.262385099800796,0.19619405406804,-1.30363698532611,-0.203816297906255,2.45732491559787,0.423070431491045
gcl-1,-0.427450884010921,-0.383087825819238,2.09252894019363,-0.496575238956472,-0.345069006439685,-0.506141723771519,-0.530426062329679,-0.277774194452789,-0.470768548342277,-0.604758682049961,2.36503500115484,-0.356804684227095,-0.0587070909488394
kap-1,-0.395589128354993,-0.0673281015864027,2.77552029256944,-0.55414302983554,-0.259812238798371,-0.60890414472059,-0.586485467915138,1.18018278430267,-0.622707158725426,-0.622707158725426,-0.263753675193053,-0.622707158725426,0.648434185708248
src-1,-0.582430217681071,0.737631960045115,1.06446182405239,-0.896441866794058,-0.913634586022893,-0.904304831255612,-0.868631623735739,0.822370416613652,2.21217854377521,-0.805385525186111,-0.447021400461419,-0.0140017474148398,0.59520905406538
F54A3.5,-0.109312469757811,0.18987098878223,-0.791213109035998,0.100257867436181,-0.230345416749562,0.0247964596238241,0.523608957828997,0.711615613573833,-2.26634609031588,1.98013790067739,-0.673720090473849,-0.371692681868408,0.912342070279048
T06D8.9,0.182090422826584,-0.078344557251459,0.285459556934828,0.117081761390462,-0.600065036757358,-0.334039425167447,-0.798900221877003,-0.435548243027745,-1.11342546846513,1.71278788612717,-0.86378150200349,2.33999984681034,-0.413315019539741
K10B3.1,-0.141698103402324,0.674137983131167,-0.422823943155662,-1.17504016294998,0.647242375476835,-1.26278052839442,-1.27370340645882,1.14269013224037,0.539788143855053,-0.890353471474435,-0.429449998689746,0.850672444939879,1.74131853488207
C43E11.9,0.00788205293640867,0.83968129057457,0.0116754074526827,-0.483335773970455,-0.319814740609807,-0.75563575938747,-0.660725218652174,2.08600993994597,0.0782091425612725,-1.02433331352215,-0.817390725025901,-0.77298323948307,1.81076093718012
acdh-3,0.0548058165920998,-0.914128241965926,-0.858178789224622,1.02229881500628,-0.405479862484698,1.35186002416165,0.479109311734905,-0.838062332569316,-1.09804034134847,1.02368072072922,-0.691232626590812,1.72958045710627,-0.856212951146586
rbg-2,-0.765756662624341,0.140704662406197,0.970484290693539,-0.951912633011779,-0.690337463906001,-0.433314632658504,-0.604597363174776,0.130574980097452,0.879333303292058,-1.48097121205552,2.32453652686553,0.321713579748495,0.159542624327648
zhit-3,-0.63520842946659,0.381815906139407,0.0894188424847923,-0.955097689718649,-0.800769695139229,-0.979643553243451,-1.01311381563424,1.34063923065827,1.72404014390993,0.521491140145392,-1.10364052573103,0.157793217603491,1.27227522799191
mnp-1,-0.403377046398446,0.0433490621738126,-0.44630373812909,-0.53776669776943,-0.53776669776943,-0.413965934258445,-0.507962884926465,0.884482381821343,0.426242185497706,-0.53776669776943,-0.416757559756663,-0.53776669776943,2.98536032505397
hda-1,-0.613962250438325,0.748648952931415,-0.0860247284549602,-0.617116707336729,-0.486203398855516,-0.458826548617879,-0.675865954433621,1.72037667324749,-0.0136927122554513,-1.12416712317969,0.839163288499471,-1.12416712317969,1.89183763207348
Y46E12BL.2,-0.342976198526483,0.554448479718585,-0.194372672393193,-0.601184894769375,-0.584906379455006,-0.859967513935935,-0.77119950083878,0.770652422856726,2.56076290135983,-1.15708370899167,0.302565586036343,-0.496127764875968,0.819389243814925
jnk-1,-0.342221317393849,-0.300682843233909,3.25996535279267,-0.342221317393849,-0.342221317393849,-0.342221317393849,-0.342221317393849,-0.313914236552722,-0.342221317393849,-0.342221317393849,0.394397233309772,-0.342221317393849,-0.301994967165023
Y116A8C.27,0.174646377705702,0.0540178667847158,-0.311949301748448,-0.312143215198743,-0.380757260241244,-0.241858899680937,-0.197342384714053,-0.0408324361771182,3.01834923762785,-0.638720238375521,-0.561549637325983,-1.15733600670026,0.59547589804404
bre-3,0.465991447458873,-1.11693421284751,0.0492835611643745,0.65478408290362,0.713949471190176,1.63180138402397,1.46559737322668,-1.10426674468124,-0.785908705870424,-1.13000282705061,-0.424143732349833,0.627044007179984,-1.04719510434806
gpa-7,-0.324288407368586,-0.327215968705605,3.29229114710413,-0.335991790319463,-0.292336996253615,-0.339468770482334,-0.353354762616669,-0.353354762616669,-0.00923067195583026,-0.353354762616669,0.103015271064642,-0.353354762616669,-0.353354762616669
bmk-1,-0.538156476441324,0.925384336919893,-0.131074077152923,-0.591910996266784,-0.602208143549998,-0.65008684441279,-0.649591738169648,0.285365261883441,2.30698763697341,-0.689402364116555,-0.583559895570028,-0.689402364116555,1.60765566401986
fubl-3,-0.605207764052975,0.805986885147727,1.4512518447771,-0.847632628936288,-0.544908860091699,-0.6732354630629,-0.723505295883955,0.814845101609237,1.53403806801875,-1.23849822293664,0.620653521014331,-1.23849822293664,0.644711037333962
snfc-5,-0.36568370790994,1.08418880253183,1.04232730276478,-0.690638257168212,-0.49449718126285,-0.652415668279721,-0.766575175856202,1.287982283409,-0.337438040112075,-1.05383966950645,0.0320217033437677,-1.05383966950645,1.96840727755252
C15H9.4,-0.619132756454891,-0.00107828623744132,2.06531355424199,-0.845524947344218,0.341627824589196,-0.863855765360874,-0.796505891886074,-0.093457780672101,2.0090722149392,-1.02925147927469,-0.0126791919919822,0.0283267333172992,-0.182854227865412
rcan-1,-0.529386232901655,-0.742493343725085,0.307569762073178,-0.999059818370205,-0.74619171948343,-0.318131311828453,-1.0132854053372,-0.204773383024585,0.202991065643612,0.992509727713473,2.65845164901568,0.494768851282786,-0.102969841058116
mel-28,-0.498874891829544,1.56470937112788,-0.0275231067983808,-0.62284213923311,-0.23610310733606,-0.0927667981167916,-0.663631730131726,1.39396799810782,0.13389941228856,-1.03943240132635,-0.787136513564602,-1.03943240132635,1.91516630813866
W09G3.8,0.229858288362459,1.05320839937799,0.250402586881054,-0.507462016020594,0.0399532552797445,-0.467821991272569,-0.537352828770201,1.39667062684183,0.647975690550756,-1.55840735721327,-0.559489510320445,-1.55840735721327,1.57087221351652
lron-13,-0.219492457861663,-0.258323194393462,3.3183587046153,-0.321449846087081,-0.302983969127821,-0.0437927738254564,-0.271577043984877,-0.321449846087081,-0.321449846087081,-0.321449846087081,-0.321449846087081,-0.321449846087081,-0.293490188899535
nol-10,-0.461884024575708,0.704179565548601,0.676289122390135,-0.888382046057047,-0.619652635584028,-0.728957248177127,-0.704240114458094,0.878961530136567,2.03043237995716,-0.660015317540562,-0.653532963054005,-0.966401652576334,1.39320340399044
Y119C1B.10,-0.584145169033516,-0.0181818481387227,0.712565695531285,-0.937372907471165,-0.785767557175042,-0.790989826155726,-0.917978677623827,-0.0523787074280604,1.32542504194239,-1.00261410204812,-0.109778579938973,2.03493134947269,1.12628528806678
F22F7.8,-0.498734772752517,-0.380218406772303,-1.09495257268773,0.43520468912997,-0.64888399564928,0.99116982748979,-0.743498004503313,0.165760396166528,0.425708154191649,2.00591932144649,-0.950680782608804,-1.09495257268773,1.38815871923726
fbxa-54,0.239324275112638,-0.813650978942121,-0.884302544511997,0.188105412482252,1.05417400642478,0.107647244746785,0.462827952503107,-0.884302544511997,-0.884302544511997,0.182666785274703,-0.44326307362839,2.55937855407423,-0.884302544511997
dph-3,-0.0525976971567239,0.151028589164931,0.375339982550067,-0.606055323886059,-0.206072589897296,-0.7737196508786,-0.0543826500298301,1.26770943263643,-1.31819972539996,1.23476592427999,-0.381226812705784,-1.51261216985118,1.87602269117401
oac-50,-0.291267258648635,-0.33028765421803,-0.357662939531211,-0.357662939531211,-0.308237382940549,-0.334919546989808,-0.261892838132228,-0.357662939531211,3.25383076910306,-0.357662939531211,-0.357662939531211,0.418751549013462,-0.357662939531211
usp-5,-0.450298055902825,0.537240491982269,-0.311613316645266,-0.516520776839091,-0.192203386385756,-0.434019125780222,-0.378830027435259,0.394485173786165,2.92591112267425,-0.544976694403112,-0.719268159427246,-0.928561671652056,0.618654426028145
fbxa-16,-0.137676956132818,-0.291498593310252,-0.291498593310252,-0.291498593310252,-0.272550902712765,-0.291498593310252,-0.291498593310252,-0.291498593310252,-0.291498593310252,-0.291498593310252,3.32521379194811,-0.291498593310252,-0.291498593310252
arl-3,-0.37991877199334,-0.361162851084547,3.20448798789572,-0.369332980133708,-0.294185746270787,-0.358488654740034,-0.356192068224448,-0.319396229264822,0.61894180123834,-0.37991877199334,-0.37991877199334,-0.37991877199334,-0.244996171442349
R05D7.3,-0.0360004505403684,-0.209047237009965,0.782127169595997,-0.53811441702026,-0.0419936261654696,-0.647670224242258,-0.564626638865389,0.0374451776738697,3.0529842618699,-0.647670224242258,-0.211022109671532,-0.647670224242258,-0.328741457140011
T23G11.7,0.146246028870912,-0.686783595467901,-0.868281043877142,-0.769179739701292,-0.0232515103327209,-0.493223002552421,-0.134044669550661,-0.588614169212814,0.703651248933109,-0.845630227864805,1.7023600872569,2.29240241524477,-0.435651821745933
Y43E12A.2,0.934150013235937,-0.631261845053077,-0.0942268239236606,-0.196186937167017,0.753851826820062,-0.467954192514935,-0.0259616244617359,-0.597360661572328,2.10974200696075,-1.73945038335801,0.0625436468497134,0.958551064553434,-1.06643609036913
R09E10.13,-0.276949001348319,-0.343925138895417,-0.169483677965023,-0.384462819208975,-0.390092685413536,-0.343522134344606,-0.367533390319002,0.119077626758006,3.27071241914432,-0.407983029771709,-0.407983029771709,-0.407983029771709,0.110127890907682
pal-1,-0.143148262674458,0.301334952840032,1.51048299166215,-0.363604809760488,-0.682165908100868,-0.712005123718625,-0.712005123718625,0.811885404025868,-0.712005123718625,-0.712005123718625,2.41210173007295,-0.446877724688831,-0.551987878501856
W04B5.8,0.0748972738446113,-0.480693561250683,1.97226127388396,-0.810387095296724,0.0585163909235396,-0.458017563243391,-0.244402533424511,-0.665411924775061,0.0618069326988717,-1.37697936277412,1.4150677301443,1.34381127591249,-0.890468836643294
C17G1.5,-0.067006451680574,-0.457651176149025,1.06706362817586,-0.36845339968496,-0.342672359604376,-0.309699065250299,-0.292024765111741,-0.457651176149025,-0.457651176149025,-0.457651176149025,3.0315010404806,-0.457651176149025,-0.43045274657939
fat-4,-0.363907135951993,0.629732561432987,0.498568058989933,-0.758565773564987,-0.362272959912842,-0.459577570467798,-0.93335121623508,1.46994647341195,1.39544935290202,-1.40695028084546,-0.807756493751508,-0.472876441840951,1.57156142583373
daf-1,-0.221689717122392,0.953767553765941,2.00311273394834,-0.661368380713034,-0.575805368518644,-0.3009154255726,-0.28468017209231,0.0471845217198374,-0.970689974040843,1.92674016827291,-0.618522706915016,-0.970689974040843,-0.326443258691355
F58B3.6,-0.615786337061459,-0.873190575200065,1.7648771377809,-0.433210771401252,-0.485995968838744,-1.10818784115282,0.554926050032124,-1.06985541517874,-0.211081063278136,1.33388072800435,-0.00218026275052073,1.6118547775516,-0.46605045850725
C06E7.4,-0.406374546256409,-0.235571737242274,3.27562705371118,-0.406374546256409,-0.296458103763196,-0.406374546256409,-0.406374546256409,-0.267599241568637,0.104935693108184,-0.406374546256409,0.0757006215431577,-0.406374546256409,-0.21838700824996
F47B8.3,-0.576515808173042,-0.123053284357758,2.39547285645509,-0.705775617600793,-0.460843625456318,-0.673608390146551,-0.534541369175644,-0.541011091376252,1.27608063111926,0.953671239408519,0.589133656400695,-0.863383842725185,-0.735625354372017
vang-1,-0.609102170815672,1.18544642797924,0.863009688040642,-0.791304142064461,-0.761032859450801,-0.791304142064461,-0.761883403234298,1.2599299806527,-0.114763865215794,-0.791304142064461,0.0514435431354779,-0.791304142064461,2.05216922716635
pcf-11,-0.681123147267325,0.100129664758433,0.58397091048312,-1.26640558332452,-0.370645611282915,-1.29069775383644,-0.574167802825929,-0.178405552125831,1.4034520039784,-0.885375247779506,0.739776880651285,0.438818094088268,1.98067314448296
jmjd-3.2,-0.413221205805138,-0.0602851017806379,0.116803394683211,-0.425820678317864,-0.425820678317864,-0.425820678317864,-0.425820678317864,0.600952591311136,-0.425820678317864,-0.425820678317864,-0.425820678317864,-0.425820678317864,3.16231574813434
dys-1,-0.363638669395056,-0.190628839513486,2.59278113489621,-0.509507919505202,-0.294737767947506,-0.405257759690153,-0.327791760571301,-0.415030963953268,-0.549473010490918,-0.549473010490918,1.82812757673145,-0.549473010490918,-0.265895999578936
cfi-1,-0.27915033702947,-0.27915033702947,3.32814152444485,-0.27915033702947,-0.27915033702947,-0.27915033702947,-0.257487817120683,-0.27915033702947,-0.27915033702947,-0.27915033702947,-0.27915033702947,-0.27915033702947,-0.27915033702947
swsn-6,-0.765867006614474,0.528072135729448,0.575452143918373,-0.757457894234672,-0.630621012159207,-0.712226623535255,-0.761349158141299,0.916157988706658,0.33241300621658,-1.03216113934984,1.87913490895042,-1.03216113934984,1.4606137898631
rnh-1.3,-0.111621581010263,1.9322570217422,-0.436404923214259,-0.880352068034704,-0.218143865772109,-0.97229344650621,-0.777002596132132,0.768019139319022,0.379141411455067,-1.09184257955282,-0.79479301755222,1.69636167233212,0.506674832926317
nhr-131,0.231804368003997,0.442016565121876,-1.54905812417954,-0.662712985256802,1.54547878489835,0.0815605519363276,0.408416578273713,1.06029710964544,-0.470559294905329,1.21803129576092,-0.787835031597468,-1.69384170124552,0.176401883544022
spt-5,-0.635326830847134,0.246547999003258,0.601939965550527,-0.900526313239393,-0.334323931854516,-0.66227563775127,-0.948963096653161,0.766368501070338,1.86618642029594,0.22225345873156,0.0236446437602222,-1.6657001539223,1.42017497585593
fbxa-141,-0.0263598390911912,-0.404157848823304,-0.436205532897672,0.128058528387027,-0.295250081467426,-0.221795355432175,-0.312422481803436,-0.408405172250708,-0.436205532897672,-0.436205532897672,0.0206071699621111,3.26454721210979,-0.436205532897672
tom-1,-0.467253278270539,-0.615804875801132,2.04153971625347,-0.451425270413519,-0.272168454418158,-0.193766701113216,-0.14778701521747,-0.715592977361547,-0.434625769290636,0.396945253559216,2.25103108799567,-0.65038008503054,-0.740711630891597
gid-1,-0.612901877213064,-0.128045489731923,1.59303874860523,-0.988933736906957,-0.619296765077395,-0.58849533597355,-0.736323721743214,0.405506998304168,2.33165402591814,-0.661542467500055,0.176295685791485,-0.692020433326048,0.521064368853183
nol-6,-0.576606940020939,0.0548636441330141,0.0180817808540747,-0.423093051926862,-0.560621318510081,-0.739962437417953,-0.507457142301483,0.480737708517099,2.92587266076483,-0.983829290762869,-0.379928969554589,0.0125591391535595,0.679384217072203
T05A12.3,0.72609569168003,0.482818788116045,1.39006688241907,-0.392048178760632,0.259815867114644,-0.612845719137258,-0.631302900859229,0.698440258105744,-1.85240456167856,-1.64859837970946,0.946161421553408,-0.221097997579979,0.854898828736181
dbt-1,-0.0196434223898824,-0.531127168505182,1.79135648293171,0.333392220207555,-0.332155666565405,0.0979689377098697,0.107732834947551,-0.67910730218926,2.27684292291683,-0.984357977989921,-0.311024351024545,-0.984357977989921,-0.765519532059404
F41H10.3,-0.421297512195469,0.532128130242705,0.481412936897545,-0.620376865919533,-0.213824818542851,-0.499109643760438,-0.619423480849619,-0.386760794745849,2.59297411294772,-0.965493600521664,1.22007282144718,-0.965493600521664,-0.134807684478061
lst-4,-0.541182572093006,-0.355037681205286,0.573351002462112,-0.795320735376323,-0.482988625320553,-0.24516773229735,0.059355060546792,-0.509364353335851,0.0319734434683189,-0.997663617200683,2.88212413315784,0.776594529296622,-0.396672852102635
T24C4.2,-0.649764752170092,0.406329377914981,0.584267972691683,-0.712153255387759,-0.367108460596655,-0.700310184441007,-0.759898705931109,1.60137820499898,-0.889598156014737,-0.889598156014737,-0.696782330606056,1.59335130882845,1.47988713672806
sec-6,-0.512512150998243,0.0141296635469101,1.28036213642296,-0.606644221169436,-0.330436323966668,-0.544448278609804,-0.691349506270605,0.0395798512721884,2.77448176199272,0.00361273598323098,-0.306606516093346,-1.02132492534506,-0.0988442267648529
wdfy-3,-0.878418031826139,-0.115796097422697,2.1063597455661,-0.84517836440983,-0.541358205408223,-0.539923384601165,-0.951302021057106,0.0746483950102937,0.659495270215846,-1.23045264255758,0.699800907874444,1.45559016069507,0.10653426792099
fbxb-45,-0.597573491993593,1.10317007853384,1.13323709581699,-0.640342911551362,-0.564775143175186,-0.640342911551362,-0.640342911551362,1.43579240425566,-0.640342911551362,-0.640342911551362,-0.640342911551362,-0.640342911551362,1.97254943742183
hxk-3,-0.340602425037821,0.0284929679303581,1.50459123422606,-0.321515353984604,-0.575865684582182,-0.66983293256259,-0.218006058859088,0.167065154221023,1.69009423394058,-1.4290774382487,0.322873413554396,-1.4290774382487,1.27086032765127
npp-13,-0.48639939258605,0.833637745115842,0.849849185614219,-0.870893224643495,-0.490064354467542,-0.907699678681611,-0.902681346529615,0.815378212240562,-1.12458040497363,0.489850148748332,1.55073022243395,-1.12458040497363,1.36745329270266
skp-1,-0.647239755170754,0.257704642575904,0.22363933628185,-1.10654406389691,-0.894988786034101,-0.916588664419011,-0.858298308979163,0.324159634890095,2.40673792037244,0.361341114894068,-0.743487989919443,0.873807616246701,0.719757303158323
rom-5,0.618001769310877,-0.183333705596999,-0.862379529354143,0.222259840837316,-0.293232988924775,-0.542504453452571,0.501593975631271,-0.228418317787526,2.66395840544683,-1.12199327619354,-0.89259451268381,0.747794433596006,-0.629151640828932
nuo-2,0.703172101417801,0.0552892345408393,-0.830203936914935,0.48884460823804,0.754276728410425,0.692050364791641,0.589920895136764,0.645862181439032,-2.69304508809369,-0.0114052661464254,-0.0296829019500917,-1.03140000481052,0.66632108394111
hst-3.2,-0.410765373401275,-0.315852646179467,0.923260503856918,-0.410765373401275,-0.410765373401275,-0.410765373401275,-0.410765373401275,0.00252941454406353,-0.410765373401275,-0.410765373401275,3.08695108838996,-0.410765373401275,-0.410765373401275
him-1,-0.7037935404283,1.11331332517248,0.644022830983966,-0.957348037636286,-0.948328661539013,-0.369676367272025,-0.112829543056367,0.700530165551155,2.12545142107025,-1.1479601051941,-0.392214481499528,-0.813463523846417,0.862296517694185
ZK792.5,-0.319712800584192,1.30198166784516,1.11310017026681,-0.434565119624786,-0.785564251776097,-1.07386812334943,-0.96771870740177,1.12515243040147,0.107930254175894,-1.34049258677105,-0.851601390681484,1.13220861530484,0.99314984219464
Y43F8B.24,-0.0537584856479578,-0.37761570583452,-0.37761570583452,0.0424504734382176,-0.37761570583452,-0.336822599681972,3.27604305410059,-0.37761570583452,-0.37761570583452,-0.37761570583452,0.0930132044672876,-0.37761570583452,-0.37761570583452
Y39G10AR.9,-0.444593273806373,0.0508590156535979,-0.175455809897572,-0.715691775723925,-0.65212337417447,-0.495614880408811,-0.785935941195113,-0.0976512619390777,2.92713786348238,0.167469946425692,-0.802711141533985,0.823191549825621,0.20111908329204
W09G10.9,-0.476572241091726,0.991139321458916,0.75716541935357,-0.868758048841052,-0.739987315205408,-0.910687597065989,-0.784456205306043,1.41127368019446,-0.618937706104203,0.10988100763689,-0.788837640294823,-0.18520906268856,2.10398638795396
gid-2,0.340506693411161,-0.848218445500067,0.893418784573312,-0.669825678340648,0.217343400151564,-0.329713395623748,-0.492555246354717,-1.07063912806401,1.26524496727196,0.621855397020038,2.07581939006634,-0.814755600515091,-1.1884811380961
ceh-48,-0.348479464403177,-0.348479464403177,3.22011833479727,-0.348479464403177,-0.348479464403177,-0.334362979267364,-0.348479464403177,-0.348479464403177,-0.348479464403177,-0.348479464403177,0.569525205370052,-0.348479464403177,-0.318965381271365
sel-1,0.691510111803824,-0.223937898556258,-0.33106738236023,2.64201477647169,0.833472845529782,0.232404412088805,-0.245791138866397,-0.27649064204902,-0.614032108276048,-0.876276746508337,-0.501904083082018,-1.44442038093441,0.114518234738621
F44F1.6,-0.57685828464248,0.5644522281029,0.0434673903805863,-0.55057145566359,-0.561558154499301,-0.57685828464248,-0.57685828464248,1.68728388938837,-0.206824880345281,-0.57685828464248,-0.57685828464248,-0.57685828464248,2.4849006904912
rsa-2,-0.602442988180658,1.765127213377,-0.371803072310188,-0.66258051259144,-0.704653640748412,-0.695758220560603,-0.285715439443456,1.26314758988591,0.993483081083433,-0.775674522808159,-0.742611442421175,-0.775674522808159,1.5951564775259
R53.5,-0.46291608093193,0.829219319366475,-0.261335978371001,-0.707265952550538,-0.542186468897579,-0.679538318668722,-0.841767738485475,0.726884537016719,2.30564566896577,0.393083950092047,-0.866318387248075,-1.02151148555857,1.12800693527087
F13A7.11,-0.0200671771680429,-1.01507480576888,0.553256790749737,-0.932287953290369,0.00986003390392445,-0.198484917536775,1.31995608819064,-1.03541722040736,2.26423739911185,-0.468021593032824,-0.1410586190156,0.702652955891558,-1.03955098162785
taap-1,-0.792899174613785,-0.348460615300959,-0.411401921201248,0.499507611215251,-1.12909035271096,1.81319956068441,1.01717813057058,0.412168478817416,-0.788944478183236,0.759594340991147,-1.87326144020072,0.402466380954539,0.439943478977569
Y116F11A.6,-0.414502165793963,-0.414502165793963,2.37001882942023,-0.414502165793963,-0.414502165793963,-0.414502165793963,-0.414502165793963,-0.414502165793963,-0.414502165793963,-0.414502165793963,2.13039577282135,-0.414502165793963,-0.355392944301957
dao-6,-0.337271143270644,-0.24748736804431,3.29767962520389,-0.358860960808105,-0.312909417914201,-0.343627577592029,-0.237603865059737,-0.223240801217748,-0.358860960808105,-0.358860960808105,0.143651705410014,-0.358860960808105,-0.303747314282815
C09E8.1,-0.396721161493776,-0.604265501006305,0.237510034074026,0.414456688156068,-0.12900781584396,0.264372500757185,0.031930153006977,-0.571503494350053,-1.08197039458613,0.585434575079301,2.83855173189368,-0.827758826080644,-0.761028489606362
scc-3,-0.725840017675495,0.643441522514682,1.54903447223025,-0.665992953854186,-0.754030066902126,-0.675246767717148,-0.629314081552254,1.0845166336541,-1.02778376504039,-0.696083372753886,-0.708558997755668,1.60390961054865,1.00194778430347
acd-3,-0.2598757447064,-1.15998650728132,-0.60844121642671,1.52881253478349,0.356729685993188,0.591022326880413,0.040022579268297,-1.14546577295375,-0.44388738044105,1.82015982359857,-0.615142676868847,0.995725905931607,-1.09967355777748
alg-2,-0.523527621375656,1.69298128164375,1.18267533036771,-0.680454006151827,-0.549625200036698,-0.733737297130098,-0.709297641724659,1.35701109097306,-0.118299098692126,-0.879224463703311,-0.554185332529627,-0.879224463703311,1.39490742206279
C34B2.11,-0.410600807685142,-0.405802888646773,2.84885326584266,-0.418436795817032,-0.418436795817032,-0.405600219229994,-0.387877096224714,-0.390225995932116,-0.418436795817032,-0.418436795817032,1.46877674252079,-0.418436795817032,-0.225339021559548
mtch-1,-0.0753743132302061,-0.823318407562781,0.780823290134881,0.0859232740600456,-0.672832305902746,0.0638499501511238,-0.480569265024703,-1.02669513374513,1.51291328686488,-0.665236143979029,2.36684166694124,-0.699981969197527,-0.366343929510053
Y97E10AR.6,-0.500894680289254,-0.480508927694432,0.84965712957156,-0.75435649353904,-0.73442409856603,-0.205495825787317,0.157896188281615,-0.0913363901889269,-0.280346653211837,-1.56261773577284,2.54733957302276,0.375144299367445,0.679943614806291
K11H3.5,-0.444872924989138,-0.665257977143002,-0.665257977143002,-0.394114859422011,-0.100476768396936,2.94883119779632,0.77987723930548,-0.665257977143002,-0.665257977143002,0.248530629224885,0.053089925070672,0.235425447125737,-0.665257977143002
mfb-1,-0.177254207308288,-0.545589959625175,1.51794122252326,-0.816779575083987,-0.197437825970865,-0.730488371404502,-0.860997306422176,-0.184585500006824,0.0867391968694445,-1.17718953534124,-0.236463416509831,2.09937296182153,1.22273231645865
R02F2.7,-0.172129411242626,0.741456336443661,0.0592571635050929,-0.518626046107132,-0.573280359484606,-0.75487516797357,-0.774052278073018,0.881850356839157,2.56389978273265,-0.894339775232431,-0.697444178889971,-0.639169732743523,0.777453310226314
Y116A8C.29,-0.583454825844818,-0.366533688004151,-0.294385234767712,-0.334036182054641,-0.598827205419956,0.0861138828943803,0.146456558812751,-0.482918489920343,-0.838605379360296,0.258740434077471,0.531466579228008,3.05298649692146,-0.577002946562155
Y48C3A.12,-0.273090039056068,-0.0631308092762946,-0.105909275709912,-0.396907520982601,-0.244681272855006,-0.318231909798186,-0.432765088156873,-0.355387566903873,-0.486690415033994,-0.486690415033994,-0.0919216589889731,3.28555382757402,-0.0301478557782408
cyn-10,-0.683980682657093,0.14739383545686,-0.443510579786462,-0.793430289932766,-0.654572407680022,-0.636339433809057,-0.7188948749461,-0.058149471842526,1.79069916534874,0.0525829805085645,-0.436695489132389,2.43527340294669,-0.000376154474439859
bra-2,-0.801489699846475,-0.392495120616183,1.27897650918348,-0.948469497708278,-0.45366908697944,-0.818771334279966,-0.822910016621987,0.0664122593341751,-0.781373552566937,1.37259958033284,1.84764190145199,-0.51457108853537,0.968119146852143
alr-1,-0.790514355683099,-0.603449446986388,1.28925734240731,-0.695301486134072,0.599574173280824,1.27376840586176,-0.780180284167108,-0.762254101050763,-0.546098888010495,0.554891862431843,1.98193199317977,-0.790514355683099,-0.731110859446487
C35B1.2,-0.0117217594628322,-0.405612490606605,2.15521481709733,-0.445222008019371,-0.326281548219951,-0.177409273940155,1.19722236189943,-0.278160914879017,0.306232819598835,-1.42630551016038,1.06323626498205,-1.42630551016038,-0.224887248128948
cyp-13A6,1.82297745844105,-0.357576466149082,-1.04577620757691,0.0957737500529113,1.81152594097307,-0.00353329165443217,1.08167738632593,-0.247414731967288,-0.116992396639837,-0.660431250529269,-1.10827452860016,-1.10827452860016,-0.163681134075822
F11A10.5,-0.1822936261551,-0.227206983656393,2.82390362401958,-0.406389427306753,-0.407286832115795,-0.0668710991449708,-0.571965803428448,-0.397752420516283,0.849067389442676,-0.818755983342446,0.83085406676382,-0.818755983342446,-0.606546921217444
R08E3.3,-0.223094053270132,-0.101827717285331,-0.62439481905339,-0.402663717257059,-0.34050348959761,-0.283212282307047,-0.0717633491279405,-0.0351701203998986,-0.450483615282985,3.23846335709928,-0.674172018747667,0.125372091917505,-0.156550266687727
gon-14,-0.566794759193059,0.393848623981751,0.0768890303263134,-0.428618913096617,-0.56075364490008,-0.65444385708042,-0.761291949147651,0.116296410017928,2.866132573444,-1.15441890410961,-0.212090434475912,0.52616271027105,0.359083113962301
fbxa-115,-0.0362650182673631,-0.224153868618919,-0.362311338937798,-0.324748423625487,-0.120491787299482,-0.336534118046281,-0.263574055901793,-0.362311338937798,-0.362311338937798,-0.362311338937798,-0.340331358820572,3.31037629773273,-0.215032311401641
F10E9.5,-0.622366745654973,0.36416365992193,2.32844653877075,-0.681474108445661,-0.500321881231203,-0.634936649499783,-0.728386647137069,0.299919243870063,1.50663384199827,-0.715213767583193,-0.344377462269185,-0.967584206504855,0.695498183764904
Y48G1BR.1,-0.307534813655232,-0.317708703790381,0.0963680151658955,-0.317708703790381,-0.272588293207594,-0.317708703790381,-0.317708703790381,-0.317708703790381,-0.317708703790381,-0.317708703790381,3.30683097866478,-0.317708703790381,-0.281406256644796
ari-1.1,-0.32535269536142,-0.473387769897942,1.05121089462311,-1.06851416538019,-0.554257723961526,-0.451216100288728,-0.447443930916064,-0.437128967434785,0.549928349633729,-1.06884467875519,1.00799453998672,2.45065413995068,-0.233641892198398
cpna-2,-0.497722764969144,0.443371261169495,2.15914925471908,-0.541845608099976,-0.418742205082679,-0.673812206519977,-0.623330494523669,-0.415145891921037,2.08684962038015,-0.687386110906519,0.151169149651809,-0.687386110906519,-0.29516789299102
deb-1,0.171897070787414,-0.726062385549943,2.53361315909892,1.01734160933911,-0.23775457232768,-0.464511022251306,-0.384681529641398,-0.686900439500225,-0.214396396798745,-0.771301927338908,1.19401545138583,-0.771301927338908,-0.659957089864164
nra-3,-0.559425638310864,0.786328417173505,0.773134447661517,-0.208023919440893,-0.598358578679878,0.0155305521013506,-0.351156756230745,2.04065799402869,-1.06589641029018,-1.06589641029018,-0.225067094873458,-1.06589641029018,1.5240698074413
copg-1,0.997068919529832,-0.279793710716125,-0.464342991473607,-0.601820487191657,0.52916327980108,-0.326297914759855,-0.571474466925474,-0.250974698070156,-2.25546280219391,1.5586793196256,0.0664650000792235,1.42174340241329,0.17704714988176
dnj-11,-0.227509051753016,1.20494163621149,0.727529489909983,-0.748001587278402,0.215659147752917,-0.890648047784551,-0.7792312695433,1.39347254337095,0.36412686148846,-0.054368054985844,-1.09890222272177,-1.58159845678404,1.47452901211713
F40G9.6,-0.62225778944984,-0.0659637506598488,0.211067015621621,-0.652346378332005,-0.636876917309986,-0.652346378332005,-0.652346378332005,1.30566641413199,2.30752262100526,-0.652346378332005,-0.543461015448403,-0.652346378332005,1.30603531376924
cpt-5,-0.391841344140292,-0.504811823155845,-0.504811823155845,1.02441885163478,-0.408650288461912,0.555688595469083,-0.163251287305716,-0.504811823155845,-0.504811823155845,2.91731823489497,-0.504811823155845,-0.504811823155845,-0.504811823155845
Y51H4A.15,0.0193887920213306,1.31104473792099,0.561298460985858,-0.283010672100245,-0.523983813530913,-0.644848207357171,-0.538289682034461,1.33806435554376,0.663422406712032,-1.8918328903079,-1.1553464555274,-0.171799519086769,1.31589248676088
ccm-3,-0.258421724039207,-0.187551694834978,-0.527341104026429,-0.967774878545933,-0.328548427540338,-0.888052581145263,-0.120022125756765,-0.506069382899092,0.791166880687318,1.35615180113991,2.48667713246201,-0.928189940744317,0.0779760452430861
ergo-1,-0.762099702984594,0.199085523025968,2.04651210910198,-0.745666773240921,-0.889388160767331,-0.62820313068609,-0.859699348199111,0.569895309873119,1.16230466287409,0.333485071648921,-0.989855533582645,-0.662908879927973,1.22653885286458
B0205.8,-0.2486397067818,1.10212543575902,-0.0515759311904348,-0.0348924516988052,-0.0188657147398344,-0.368449660979926,-0.109628842882635,2.1150410118575,-1.09917729293657,-1.09917729293657,-0.558006836547178,-1.09917729293657,1.47042457601381
rpa-1,-0.332944304956095,1.90030485749733,-0.744227265982423,-0.711043117438916,-0.738411215821907,-0.645524655353388,-0.784768129457089,0.36284200420409,1.21369343515668,-0.998491125448903,-0.710154214701724,0.830303747775408,1.35841998452694
C49A9.3,-0.0843039214252016,-0.43683785897901,-0.522775665837422,0.0867835184489266,-0.107765271642904,0.281542064348598,0.0190177794775641,-0.522775665837422,-0.522775665837422,3.19690820212438,-0.341466183165248,-0.522775665837422,-0.522775665837422
F55D12.2,-0.291382713951365,-0.278406657317084,3.30985732408607,-0.338137268767053,-0.307498802245807,-0.302614505114309,-0.338137268767053,-0.162944204629538,-0.338137268767053,-0.338137268767053,0.034879723222893,-0.338137268767053,-0.311203820215599
F32B5.1,-0.62104446247355,-0.460982194441642,-0.661857950455969,-0.533092207680267,-0.544780549681928,-0.260032834832832,-0.151745188980116,-0.36179085858452,2.58438448979955,0.862882791438328,-0.587912439318743,1.39782935566766,-0.661857950455969
cdc-50.B,0.528223637138351,-0.864908872210937,-0.955638574637409,0.334849340440684,0.687534806583871,0.881400944844356,0.765480800593675,-0.922252404920162,-0.909177201274506,-0.701372229894539,2.2925908450651,-0.425391042887013,-0.711340048841466
tag-68,-0.348397595109584,-0.348397595109584,3.26098465493108,-0.336549572689006,-0.29004375258838,-0.335901045564912,-0.348397595109584,-0.243103729414518,-0.348397595109584,-0.348397595109584,0.383396611092819,-0.348397595109584,-0.348397595109584
pals-34,1.99900353493495,-0.575938877737936,-0.638116473561569,-0.487284875113374,0.738467838734777,-0.588691580486051,-0.1215035998619,-0.638116473561569,0.0744805802722373,-0.638116473561569,-0.638116473561569,2.1258825794456,-0.611949705942025
C14C11.7,0.758865884914907,0.111331840666997,0.135321045355151,-0.686465227184158,-0.17725241092316,-0.667486830740941,-0.858254346594599,-0.182853638205408,2.71727813485083,0.419862004379882,-0.835561392085428,-1.124751919632,0.389966855197936
pat-4,-0.695024103842819,0.0534393073898327,0.764712859795137,-0.742190682342333,-0.57051479426319,-0.547831395369733,-0.705157082623807,0.379788449711623,1.3191848317439,-0.97027994567923,2.31312942411304,-0.97027994567923,0.371023077046812
sec-16A.2,-0.726463101687754,0.452977882611724,1.50818153943695,-1.04952782189877,-0.831967370401289,-0.365165346044055,-0.65375459653482,1.62107082357577,-0.377769700633359,-0.140753308816504,1.09836574306706,-1.38518755103524,0.849992808360296
dpy-26,-0.651455306165637,0.304569405864485,2.20934491756847,-0.732564376835372,-0.6863508246382,-0.632476674661125,-0.697488444963326,1.27255836940557,0.136244746908916,-1.04100168157956,-0.340245026429777,-0.436925022542548,1.2957899180681
W03F9.4,-0.678481329176043,-0.00875790718038233,2.12632817146952,-0.678481329176043,-0.481561325859267,-0.678481329176043,-0.678481329176043,0.63975484138861,1.78610768464203,-0.678481329176043,-0.660781698226712,-0.678481329176043,0.669798208822461
gtf-2A2,-0.451772257493722,-0.289975214836843,1.13777954314089,-0.537005074101879,-0.542100144215101,-0.562050722302159,-0.235911052769477,-0.251376732596469,0.434048096108849,2.73607447855424,0.263336515114271,-1.17429291512752,-0.52675451947507
fbxa-6,-0.0498129440918582,-0.653381258013405,-0.665546907829134,0.885792526643781,1.58566928858355,0.162148165524999,-0.367410804741216,-0.665546907829134,-0.665546907829134,2.35519449620166,-0.590464930961843,-0.665546907829134,-0.665546907829134
Y105C5A.1,-0.49379362402868,0.798874006437815,0.417579235608503,-0.787788092436353,-0.424559719255117,-0.403256096190056,-0.504207856790609,0.625575906605266,2.76992485662144,-0.996403120012083,-0.371276693595974,-0.723089001937487,0.0924201989733303
cas-1,-0.367263525461523,-0.327964015917127,2.52595202963949,-0.680220726397232,-0.0241810963609182,-0.507872526783335,-0.248775838440355,-0.0842793578344432,-0.854725944079023,-0.854725944079023,1.74199118442927,-0.301663128361129,-0.0162711103546518
sprr-2,0.191412249679912,-0.471071959053886,0.268718514811014,-0.460074956043422,0.905890327739323,-0.526357537432423,-0.534741097795502,-0.36928808724249,-0.555643914257987,-0.555643914257987,-0.520196116837275,2.98665739476952,-0.359660904078796
mdt-19,-0.611852113147443,0.72249467812602,2.00142132323098,-0.776925485711142,-0.721350675634085,-0.754425682235797,-0.806728094847832,0.763579354017828,0.0587239375348715,-1.35141755073708,-0.308995778497047,1.46359294385497,0.321883144045759
lron-3,0.29127016470334,-0.45258347435845,3.05283370514276,-0.21823131392796,-0.398423086190794,-0.788675745397109,0.450880668200552,-0.39101765008183,-0.538579758701574,-0.897724985070525,-0.19598940992483,-0.141085808931407,0.227326694537823
F15D3.6,1.12929991020313,-0.547889709882578,0.14000310253024,1.45277000019512,0.151650277120791,1.61036092686695,0.874783513473758,-0.363843598073753,-0.636859050004856,-1.68935450708377,-0.75991953390199,-0.587440347858251,-0.773560983584789
nhr-135,-0.302600305506275,-0.385140624395416,-0.789187814958178,-0.846712688657269,-0.357963690402268,-0.621944375897443,-0.419673659272549,0.161018166732745,2.9675865681518,0.263985928931674,0.290624531742931,-0.589025074315722,0.629033037845966
ife-1,-0.527949965733885,0.96396125687094,0.732461081877028,-0.625489236772462,-0.400094988052511,-0.59635816329548,-0.4213662298296,1.99013912152756,0.280539718977287,-0.985490143739508,-0.942047631450461,-0.985490143739508,1.5171853233606
mpdu-1,0.28075242666055,-0.247667078560069,-0.857612228260356,1.5724456942277,0.836476503259983,1.75982269727743,0.0129792567494697,-0.915937191648513,-1.41345957370178,0.785277473617812,-0.668392376961137,-0.959348628253666,-0.185336974407412
iglr-2,-0.573359346131852,1.89168144770355,-0.571932028521107,-0.305435320886721,-0.170206679618978,-0.256097816917217,-1.13666003320046,1.11140996162429,1.05369963894791,-0.753811854528491,-0.266402520845547,-1.296135571251,1.27325012362563
mrps-28,0.0673118397383274,0.653139293969444,0.110647638683403,-0.254344117815962,0.299399260917008,-0.27447090757819,-0.256699315331052,1.54415646106018,-1.01080326393175,-1.20429811424511,-0.969266182456636,-0.873293147812243,2.16852055480258
F09E5.11,1.30386234920436,-0.902688348669538,-1.08779243120162,0.460424022655201,0.530463417178741,-0.19473639132063,0.570144233513839,-0.948331445586417,-1.04470012284844,0.93743676337692,-0.487210608686559,1.83976308141363,-0.976634519029481
glc-1,-0.273650649856295,-0.410552574237556,-0.0532252142152244,-0.24601865481617,3.23465455847919,-0.0185460585175727,-0.476713227979397,-0.443017714339139,-0.476713227979397,-0.476713227979397,-0.184000039872871,0.301209259293229,-0.476713227979397
air-2,-0.534153148556607,0.980767704981463,-0.377203174285865,-0.54215538503042,-0.530479385451026,-0.527657023984418,-0.54215538503042,-0.0341981250737514,2.76394886857912,-0.54215538503042,-0.54215538503042,-0.54215538503042,0.96975120894318
C27D8.3,-0.0119829420887192,-0.267379944660969,-0.884449246749386,-0.625767657255905,0.497522648011147,0.179567129935915,0.3753389588565,-0.614108482862628,-0.564648747485762,3.02065019392233,-0.56997764648359,-0.418594421109164,-0.116169842029764
cutl-15,-0.451457055766187,-0.608445859995281,2.76561389058555,0.449922487258889,-0.214366241942102,0.413262628751916,-0.585052827489228,-0.637184576594204,-0.637184576594204,-0.637184576594204,1.127283411486,-0.348022126512745,-0.637184576594204
B0511.12,-0.688000352738198,0.854428847236121,2.22147894424296,-0.247019916134932,-0.156216130288726,-1.1318995427729,-0.840856122383152,0.0998460993016523,1.31335160150749,-1.29938889429079,-0.297072645762876,-0.276109603185446,0.447457715268789
K10C3.5,0.31977166273472,-0.526641340975311,2.36827102323969,-0.662818874401496,0.230124756656956,-0.202138812563175,1.66427345450519,-0.80370404697772,-0.193902974252413,-1.26835678231893,-0.417680418462942,-0.0154962165742488,-0.491701430610319
elks-1,-0.314911347565278,0.122002226927148,2.88771763357158,-0.647488969093618,-0.381889164209158,-0.580171759886365,-0.573962935602129,-0.147022666607337,-0.458955165555602,-0.661358768836951,1.02835736433011,-0.661358768836951,0.389042321364546
R09F10.8,-0.555800031412745,2.08744284175092,-0.399240864822671,-0.648654816811549,-0.577285060056265,-0.659671557859924,-0.659671557859924,1.41808206776126,0.249411022208068,-0.659671557859924,-0.477488248253487,-0.659671557859924,1.54221932107617
sar-1,0.199556463895498,0.380405138727844,-1.20253208776121,0.424656809357974,0.0676573959969266,0.96209131972239,-0.517027407951882,-0.00684059335040997,2.00398499666228,-2.02590559460077,0.42943377347918,0.106410879111555,-0.821891093289365
ccdc-12,-0.522958116344259,0.357645296229639,-0.251622609916365,-0.61419414361495,-0.396359901322698,-0.588038568817978,-0.596185895082119,0.164617292728965,2.25476057813994,1.84934147659431,-0.735567530678815,-1.09437366631508,0.172935788399413
srw-85,-0.163218797044446,-0.357600488695924,-0.246884214908777,-0.480617816705815,-0.525325434088322,-0.510806298545233,1.10103387812491,-0.525325434088322,-0.525325434088322,-0.525325434088322,0.3190355650689,2.93730085251654,-0.496940943456865
spr-3,-0.351558626926163,0.241470537657305,0.85818010278789,-0.317782598790885,-0.322662165069364,-0.462967251441214,-0.654655911930401,0.188569056569869,2.9603572261266,-0.739323389049265,-0.578288826161604,-0.739323389049265,-0.0820147647235065
C49G7.12,-0.127596254116962,-0.776134402822622,-0.0562320660968422,-0.0688800073136507,0.129436426979887,1.62783661260513,0.0513305610962715,-0.776134402822622,-0.776134402822622,-0.776134402822622,-0.177827197801076,2.50260393876035,-0.776134402822622
wdr-46,-0.181684624623413,0.325296814677734,-0.0313188323172332,-0.516163964228413,-0.00585933618440134,-0.71926813976032,-0.559532306423739,1.7269081577901,1.76331958054194,-1.18449226647803,-0.343858526190909,-1.38430737293428,1.11096081613096
nuo-6,0.185038622138666,-0.801086648430189,1.56008634902904,-0.167646538541972,-0.465683221449152,0.00273945084425946,0.144829642443261,1.10824612900391,-2.36328957209,0.630780792117549,-0.910282064757638,0.589034404283231,0.487232655409041
toh-1,-0.649858157176114,0.132757261952985,2.34675920218909,-0.676096038728427,-0.542643840305292,-0.70836345106404,-0.656353429789458,-0.631289006314678,0.795375914725975,-0.70836345106404,1.57455543713756,0.260671650036581,-0.537152091600139
nrd-1,-0.535125237014792,0.696914481070656,1.84293637710075,-0.838909868759128,-0.421811501277772,-0.720044178216507,-0.730211918504802,0.807715383902077,-0.573297803630669,-1.23026880714978,1.46524457216265,-0.665324678060222,0.902183178377544
lnp-1,-0.824938084323991,0.940664255192214,-0.831147953404406,-0.62196738302543,-0.94495952339507,-0.474103217710825,-0.74933793839661,1.15940046311135,0.638728034794336,0.672164765320261,-1.02278185512223,-0.0454355041407951,2.1037139411012
Y73F8A.13,-0.56340696243816,0.798423731240813,0.63185008157644,-0.792262716252612,-0.750425824708503,-0.761768909573488,-0.785486959374675,1.95450725092387,0.948600974714124,-0.867176960896584,-0.332496420361364,-0.867176960896584,1.38681967604672
spr-4,-0.172525830445334,0.163213388062884,3.10705557933796,-0.665569539509417,-0.16451694276902,-0.645170568929758,-0.676697271149426,0.362156548924834,-0.811664401940027,-0.11057643583629,-0.0482471197383438,-0.373836976910803,0.0363795709027459
C09G9.1,-0.0144786958136491,-0.364191543321473,0.635519450320362,-0.715690258721075,-0.502804698339,-0.715842149091271,-0.895285700837861,0.179236938909618,0.689314687786538,-1.24766168094147,-0.0440034523754232,2.68763510315951,0.308251999265198
D2030.12,-0.255586524236086,-0.270993846601493,-0.25861377174665,-0.322546032252105,-0.238470846897468,-0.17963703319293,-0.322546032252105,-0.277150593374921,-0.322546032252105,-0.322546032252105,3.32484010007618,-0.322546032252105,-0.231657322766101
ufbp-1,0.534108830060379,-0.471522897569845,-1.34201029479645,0.750942642314646,0.0903808038347488,-0.366349819886295,-1.07394677263803,-1.00945593106347,0.224547498860038,2.37921747558722,-0.25182389918677,0.93677227097351,-0.400859906489682
trxr-1,-0.749852593513909,-0.392334167911321,1.92097444085827,-0.457944990363321,-0.262769612419354,-0.422408699013387,0.494661958802614,-0.806289987959375,0.753963792581621,1.54565338683014,0.0267189335943839,-1.80538602433242,0.155013562846055
gcc-2,-0.102242656638062,-0.102221421608778,3.14413461635922,-0.395907909846386,-0.220399796219439,-0.4383566044253,-0.316104394698752,-0.286163562141626,0.0876993292818208,-1.01558602284313,0.353214047943655,-0.577284615725304,-0.130781009437923
scyl-1,-0.138804019284359,-0.190636381553033,1.71563300778775,-0.490951809260163,-0.401047154563529,-0.492936271925011,-0.275718836662308,-1.04013877250626,-1.09433204487721,0.0909393231170287,2.3150969788166,0.563904916315144,-0.561008935404649
nrx-1,-0.302173554222321,-0.246931749568694,3.32327477477085,-0.302173554222321,-0.302173554222321,-0.302173554222321,-0.281930944079504,-0.302173554222321,-0.302173554222321,-0.302173554222321,-0.105324820786855,-0.302173554222321,-0.271698826557226
ppfr-2,-0.0627279129737702,0.154462300897893,1.11189565040233,-1.04104275505119,-0.615766594644645,-0.854389419199148,-0.839535930715993,0.586714004316688,0.577074632124758,-1.5689097367578,-0.348674142705969,1.02019172013918,1.88070818416767
glit-1,-0.372505352111685,1.52544070101754,0.294032938074304,-0.787816015249572,-0.761123690188824,-0.969503033742161,-0.709258620214724,0.985962231100754,1.50564967160942,-1.24850300761953,-0.481790382116326,-0.28253024277859,1.30194480221938
aat-3,-0.344163231455534,0.0440893854237848,3.27533971103861,-0.333180145993334,-0.385305098062676,-0.385305098062676,-0.385305098062676,0.0249574744082108,-0.385305098062676,-0.385305098062676,-0.385305098062676,-0.385305098062676,0.0300924930169982
F40A3.3,0.221811186516278,-0.859061518995888,-1.04811814875769,0.915789265884714,0.0190876537207714,0.713962393412544,1.23842453332691,-0.945625368538031,-1.13818498921584,2.05621603341921,-0.266516612687134,-0.0470597324187893,-0.860724695667059
ppk-2,-0.606284328535692,-0.400807918314356,2.87626682511525,-0.32462767717382,-0.382719509519443,-0.484877569753483,-0.489251090764141,-0.0937217488770443,-0.962318029718848,1.15758218881944,0.0377514719787222,0.103718680326664,-0.430711293583248
C24G6.8,-0.277062064074398,0.137286608338861,0.886778466994299,-0.494200588787046,0.248403934185814,-0.510516043481425,-0.397494029914917,1.28477573945744,1.00744014635862,-1.79576750001167,-0.158103865380317,-1.46172171338834,1.53018090970307
Y47G6A.18,0.575248628881059,-1.26686425151425,-1.19093540222668,0.0112365279578135,-0.275073514651207,0.483205103373392,1.94581037874736,-0.948436974885371,-0.158444431793008,0.165493163953671,1.44595540629305,0.380259871737991,-1.16745450587381
lact-3,-0.859022394375647,0.0609768044057448,0.125210656449329,1.09719397848565,-0.766299362926897,2.24256840168514,-0.687084959206676,0.183071476193607,-1.13080428908039,-0.549727048858653,0.875537598628018,-1.13080428908039,0.53918342768116
gei-8,-0.0563466781922261,0.45398647058301,2.80585976564947,-0.674411325908383,-0.211868310828233,-0.49540424038397,-0.938986000547303,-0.211092533773417,0.744994347987504,-1.22620114916967,-0.134044205621869,0.261864098235607,-0.318350238030522
fic-1,-0.153952431550656,1.63237911738184,1.16135253384055,-0.5997426026738,-0.436950936635465,-0.537600778655374,-0.540097999463509,1.34774356272958,-0.759904856279837,-1.21702196773779,0.111261626839141,-1.21702196773779,1.2095566999431
gst-39,0.408592556732221,-1.30778736093975,-0.588546178853402,0.154639683040194,0.41206486923766,0.363197050221787,0.950836331094506,-1.21951836688773,-1.00825290283997,2.29342968329801,-0.166929708569184,0.451049599022135,-0.742775254556479
adt-2,-0.0221257106300938,-0.312327265028301,3.31565516701964,-0.32364281711401,-0.32364281711401,-0.309011998474745,-0.32364281711401,-0.198444606214798,-0.32364281711401,-0.32364281711401,-0.308391040533798,-0.32364281711401,-0.223497643453844
pud-1.2,2.73371376772971,1.09022547026279,-0.518805359731013,-0.518805359731013,-0.279952314490534,-0.518805359731013,-0.518805359731013,-0.477259311965894,0.985446098537908,-0.518805359731013,-0.518805359731013,-0.518805359731013,-0.420536191956886
nlp-27,-0.299345008527854,-0.299345008527854,-0.299345008527854,-0.299345008527854,-0.299345008527854,-0.299345008527854,-0.299345008527854,-0.262036980898975,-0.299345008527854,-0.299345008527854,3.3212848317159,-0.299345008527854,-0.065797765538386
smgl-2,-0.487747365748406,0.419448682829031,-0.054690049553438,-0.470141979884327,-0.253911089057842,-0.35452811467699,-0.307691833897423,-0.14670626682489,3.168659467707,-0.586050196962185,-0.538038091455526,-0.586050196962185,0.197447034487178
rpb-3,-0.548410939610785,0.649350628681657,0.322330970971169,-0.57445553028878,-0.804484736472725,-0.929146501118751,-0.9881441584611,0.720811137193514,1.30949633719238,-0.345865177637158,-0.48091027333764,-0.644815011043186,2.3142432539314
F25H2.12,-0.129969173551889,1.05223212816136,1.3609593628191,-0.583206037703339,-0.316317335215906,-0.485085783510117,-0.611854577739567,1.86272196104659,-0.319267263279862,-1.08627583851113,-0.824720384634089,-1.08627583851113,1.16705878062997
scpl-4,0.632103515149753,0.68612601007605,0.755249062369965,-0.388644022141501,-0.0294408189459129,-0.496964698306491,-0.497689329833523,1.8670233993193,-0.420824957717539,-1.77849408369194,-0.971139461965963,-0.662812817873603,1.3055082035614
F15D4.5,-0.304641991907327,-0.0830646647278099,-0.49507544693471,-0.420416554793454,-0.369489776393244,-0.389182627908782,-0.459602756694531,-0.534243723041694,2.89090889007305,1.3282517598654,-0.158030921422344,-0.647273250175151,-0.358138935939402
nrf-5,-0.333951274276141,-0.24234237371891,3.29513745827502,-0.333951274276141,-0.333951274276141,-0.333951274276141,-0.333951274276141,-0.221748980351793,-0.333951274276141,-0.333951274276141,-0.333951274276141,-0.333951274276141,0.17451536428095
E02H9.13,-0.271665103713817,-0.283440479321341,3.32790895098297,-0.283440479321341,-0.236517823482423,-0.268761709894668,-0.283440479321341,-0.283440479321341,-0.283440479321341,-0.283440479321341,-0.283440479321341,-0.283440479321341,-0.283440479321341
nas-12,-0.436434728811476,-0.378414715569864,2.3681021408058,-0.436434728811476,-0.436434728811476,-0.215096511727008,-0.436434728811476,-0.407450597391312,-0.436434728811476,-0.436434728811476,2.1243375143742,-0.436434728811476,-0.436434728811476
ani-3,-0.489251908446447,1.40287420322258,-0.657136289741459,-0.611234022376697,-0.657136289741459,-0.42281342639001,-0.63238237064289,0.435665579512242,1.77714611984367,-0.657136289741459,-0.657136289741459,-0.657136289741459,1.82567727398484
tra-3,-0.795928971631186,-0.153312695430672,0.857003246243496,-0.68480737611141,-0.569233491912789,0.42022845000123,-0.470203842940849,0.169180676855438,-0.982399238954797,2.61442693711487,0.766780139292625,-0.982399238954797,-0.189334593571159
mvk-1,-1.15587358617576,-0.445980332875713,2.28837359667444,-0.0490279287522409,-1.41396048993026,-0.133074882134097,0.0454301672446378,-0.263703845971873,-0.246575118259535,-0.059607888257291,-0.433184416780121,0.177876475972907,1.6893082492449
F27C1.6,-0.545724414717678,0.578401932371347,-0.0715888715088008,-0.240451328588009,-0.40087842503044,-1.06912631859953,-1.29246449065579,0.0983668003864605,1.21257581051139,1.73828601244705,-1.47303357966006,0.192000921023813,1.27363595202023
irg-4,-0.296051792568925,-0.529619103238882,-0.539263439462208,1.30226074430686,-0.539263439462208,2.49497801961638,1.22553909549937,-0.539263439462208,-0.539263439462208,-0.539263439462208,-0.449016344494979,-0.539263439462208,-0.512509982346581
tmem-135,-0.101909778768717,0.320625676026206,-0.988202218388699,1.610049079052,0.632823730278704,-0.0194184402004322,-0.956289161349882,0.829051679429189,-0.866203492013503,-1.32576940552005,-1.19660376515508,1.38441638257752,0.677429714032744
slc-17.2,0.122152697241219,-0.126464239928304,-0.39252010843035,1.99112725714251,-0.736850923308828,1.09080644020548,1.81190663541918,-0.64234165468388,-1.11588248139852,-0.855403034712694,-0.350847147636616,-0.450050155861499,-0.3456332840477
cyp-33E2,-0.113163269366965,-0.67221668650986,2.67783971745067,0.481882840227941,0.531350532362636,0.78616808674997,-0.713931565605385,-0.633059392411243,-0.833549591626414,-0.631054452021889,0.492633578935568,-0.833549591626414,-0.539350206558615
zip-9,0.424892409423833,-1.63813332352019,-1.08943043486775,-0.0387341879323226,0.326570702389105,0.397210238247317,-0.344315999489696,-0.772316894944671,-0.695678720729787,1.71966168292651,-0.609398789382329,1.64210273319889,0.677570584681085
srv-1,1.53769435142553,-0.954028155377986,-1.11414369347934,0.405138457117934,0.374222068228186,0.670849890978017,2.16584310843224,-0.719213755763948,0.0757458710867319,-0.487006443430959,-0.664387690534824,-0.598712340020576,-0.692001668661008
gpcp-1,-0.541437548121049,0.831459921859859,-0.264097042885383,-0.367614570617427,-0.566441159212933,-0.520897965499599,-0.528637394189259,0.200985626534991,2.77698238374909,-0.666808758528246,-0.633471102672292,-0.666808758528246,0.946786368110496
daf-11,-0.391620794938661,-0.391620794938661,2.87303551545846,-0.391620794938661,-0.391620794938661,-0.391620794938661,-0.391620794938661,-0.391620794938661,1.43479322886681,-0.391620794938661,-0.391620794938661,-0.391620794938661,-0.391620794938661
obr-2,-0.425936293132133,-0.34110716524003,2.72521759029178,-0.425936293132133,-0.37929008590859,-0.33412460535591,-0.389624691812206,-0.425936293132133,-0.425936293132133,-0.425936293132133,1.67379695780864,-0.425936293132133,-0.399250240990894
R11G1.2,-0.457732521108181,0.386888413021618,3.01676282030741,-0.50801750685835,-0.34833369668385,-0.491807198911116,-0.498210783194898,0.61490333671043,-0.638454761040627,-0.638454761040627,-0.0565023507101206,-0.638454761040627,0.257413770548934
pin-2,0.708924062647648,1.29946458423023,-2.07555577251246,-0.672293675414245,0.365226229860782,-0.187649483886742,-0.10440000646703,-0.167830315138363,2.08887468482301,-0.0803276110351213,-0.402928406144144,-0.461344152840944,-0.310160138122622
nlp-24,-0.66908229773299,0.105825101701132,1.44618944292565,-0.679998065153359,-0.652881715444682,-0.679998065153359,-0.679998065153359,0.485015647434684,2.54132460567005,-0.679998065153359,0.133213534122165,-0.679998065153359,0.0103860070907801
fhod-1,-0.452408456952368,-0.741259026811738,2.58737272100129,-0.114707214711719,-0.637189854697135,-0.185966931116891,1.00589105482134,-0.668383001986955,-0.79387470864202,0.345713395503317,0.989867098574513,-0.57192070055548,-0.763134374426154
srsx-34,0.287850733757085,-0.502374606028167,-0.636221763668014,-0.506057512017049,0.286760825955835,-0.434276243896325,-0.404673645851906,-0.636221763668014,-0.588451172461747,0.0270332401070391,2.96875594287528,0.774097728564002,-0.636221763668014
