p_val,avg_log2FC,pct.1,pct.2,p_val_adj,cluster,gene
4.00545860009435e-31,3.73920279541961,0.343,0.045,6.05465121990262e-27,0,tsp-10
9.86019361078725e-43,3.25514120890172,0.38,0.033,1.4904668662066e-38,0,ppat-1
6.8404887710904e-47,3.22227384581588,0.62,0.116,1.03400828263802e-42,0,T28F3.8
2.62389482182993e-58,3.16500307293832,0.693,0.121,3.96627941267812e-54,0,Y51H4A.24
6.85935821941355e-33,3.07800663726557,0.547,0.133,1.03686058844655e-28,0,lipl-2
6.97830336319407e-34,2.95211489251635,0.431,0.072,1.05484033638042e-29,0,cln-3.1
8.56565043830235e-22,2.90480853039013,0.263,0.038,1.29478372025378e-17,0,gba-2
2.08068078802762e-42,2.8705660384084,0.401,0.039,3.14515707918255e-38,0,lips-11
4.40576346386411e-51,2.82218071919646,0.759,0.197,6.65975205197699e-47,0,PDB1.1
9.04341385077753e-35,2.80619015857795,0.606,0.148,1.36700243768353e-30,0,Y54G2A.45
5.32723898167379e-50,2.70899380325004,0.533,0.074,8.0526544446981e-46,0,pals-34
1.55247403578861e-44,2.62311501228387,0.73,0.194,2.34671975249806e-40,0,F49E12.10
1.44533953720036e-48,2.58801233979293,0.65,0.119,2.18477524443206e-44,0,drd-5
1.94945292883412e-60,2.57327104231276,0.854,0.197,2.94679304722565e-56,0,C18A11.3
1.95719524857108e-25,2.46746436527884,0.321,0.049,2.95849633774005e-21,0,ZK1307.7
6.15411889307854e-19,2.41970530992266,0.285,0.055,9.30256611877752e-15,0,arrd-3
4.69784457683638e-17,2.40361998823118,0.38,0.114,7.10126186234587e-13,0,Y71H2AM.14
8.35040714182375e-12,2.36677979078662,0.263,0.074,1.26224754355808e-07,0,xtr-1
9.68139285587145e-19,2.2889441854465,0.263,0.047,1.46343934409353e-14,0,C39B5.10
1.19489871671403e-19,2.23842507256937,0.307,0.061,1.80620890018493e-15,0,F55G1.15
2.28001295484817e-56,2.21421100004108,0.978,0.293,3.44646758254849e-52,0,C12D12.1
7.79169448189716e-20,2.19907551562825,0.387,0.1,1.17779253788357e-15,0,chil-23
4.09788522660827e-13,2.17421732643475,0.358,0.116,6.19436330854106e-09,0,E02H4.4
8.28443960699697e-56,2.17417986691937,0.956,0.309,1.25227589099366e-51,0,R09H10.5
1.61810728331732e-48,2.17386252195467,0.839,0.251,2.44593096946246e-44,0,clec-83
8.16252341553819e-17,2.16524875393935,0.38,0.111,1.23384703949275e-12,0,C49G7.7
5.35685763863187e-26,2.15835686833311,0.562,0.166,8.09742600655594e-22,0,Y38H6C.24
2.87824199231134e-11,2.15037821110522,0.314,0.11,4.35075059557783e-07,0,aex-4
3.29032753291e-14,2.14185320396825,0.299,0.084,4.97365909874676e-10,0,F31F7.1
9.80990380426695e-46,2.09272693576203,0.847,0.27,1.48286505905299e-41,0,T16G12.1
5.66920431740966e-26,2.06949759278798,0.635,0.221,8.56956924619645e-22,0,ptr-24
6.23114533952249e-17,2.06799036350538,0.511,0.188,9.4189992952222e-13,0,M04C3.5
4.28204675826642e-48,2.06077719518821,0.803,0.25,6.47274187979552e-44,0,W02B12.1
4.03599993204326e-26,2.05746290601824,0.577,0.176,6.1008174972766e-22,0,K10G6.5
2.93350695655734e-31,2.04065615998351,0.635,0.205,4.43428911553207e-27,0,C01H6.4
1.15918444597954e-50,2.02534308800475,0.891,0.302,1.75222320854267e-46,0,lmp-2
1.29667080270194e-48,2.01222348550946,0.978,0.375,1.96004758536425e-44,0,irg-7
1.69532010940402e-19,2.00661318314694,0.372,0.088,2.56264587737512e-15,0,clec-84
8.3455923198209e-19,1.99979124353919,0.343,0.081,1.26151973506413e-14,0,nhr-208
3.13664304250123e-23,1.97919461509978,0.482,0.13,4.74134962304487e-19,0,M01A8.1
1.58385871668328e-16,1.97267292736978,0.343,0.093,2.39416083613845e-12,0,hrg-6
3.85871369187117e-22,1.96154248365023,0.511,0.155,5.83283161663247e-18,0,best-13
2.76552779322609e-41,1.9386157744212,0.956,0.331,4.18037181224056e-37,0,T25C12.3
9.15820681073715e-37,1.93752972718489,0.533,0.1,1.38435454151103e-32,0,scl-2
5.7878183606236e-38,1.93012306731065,0.628,0.155,8.74886623391864e-34,0,ZC196.5
4.3464801474612e-28,1.91932615286792,0.343,0.048,6.57013939090235e-24,0,best-7
2.059945780621e-39,1.91834785204798,0.912,0.339,3.11381404198671e-35,0,Y16B4A.2
1.29459449882687e-48,1.91726281226216,0.956,0.311,1.95690904442669e-44,0,T19D12.1
6.86927999543034e-15,1.91003082819973,0.401,0.134,1.03836036410925e-10,0,Y55F3BR.11
3.4721244831619e-14,1.90977048760249,0.365,0.117,5.24846336874753e-10,0,R07B7.8
8.05060017418167e-12,1.89558244210894,0.38,0.147,1.2169287223293e-07,0,R07E3.4
3.11190247827842e-46,1.89304449177969,0.839,0.237,4.70395178616566e-42,0,T05C3.6
1.08119659684938e-38,1.88463563122167,0.869,0.467,1.63433677579752e-34,0,Y71F9B.9
6.29749935633992e-22,1.88276435915645,0.547,0.185,9.51930002704343e-18,0,gly-19
9.44156482082028e-30,1.87558067334206,0.796,0.404,1.42718693831519e-25,0,VF13D12L.3
5.05045695033929e-23,1.87080480900426,0.372,0.079,7.63427072613287e-19,0,F09F9.1
1.51943441095319e-19,1.86612846918321,0.416,0.118,2.29677705559684e-15,0,lipl-5
5.74764442142601e-33,1.862957170736,0.796,0.283,8.68813930742756e-29,0,M28.8
5.32500837138305e-19,1.86261634476639,0.467,0.153,8.04928265418262e-15,0,F08G12.5
4.7070641784435e-16,1.8569988388679,0.277,0.063,7.1151982121352e-12,0,ttr-45
2.33178302935579e-25,1.64087068479257,0.613,0.203,3.52472322717421e-21,0,pbo-4
4.54472530330927e-24,1.61636576196232,0.54,0.153,6.86980676848229e-20,0,math-4
1.24709810861939e-14,1.59354208914781,0.365,0.109,1.88511350098907e-10,0,clec-48
1.52487031053266e-10,1.57733445652162,0.307,0.108,2.30499396140116e-06,0,C25F9.12
1.57070359795277e-39,1.39851730533917,0.985,0.566,2.3742755586654e-35,0,ttr-41
5.89537816521284e-16,1.39400485895944,0.431,0.143,8.91145363453573e-12,0,fbxa-156
1.82604682609157e-09,1.38809471765185,0.321,0.124,2.76025238232002e-05,0,trpl-5
1.92327259259801e-27,1.26573749391495,0.803,0.311,2.90721885097115e-23,0,Y51F10.7
4.30742804673178e-12,1.26159275387622,0.686,0.373,6.51110823543976e-08,0,C17E7.13
4.51826312694021e-06,1.26050079014982,0.27,0.122,0.0682980654268283,0,Y43F8B.14
1.43631599318272e-06,1.21532754132479,0.328,0.154,0.02171135255295,0,C05G5.1
3.91753457721434e-08,1.1467946671661,0.292,0.112,0.000592174526691719,0,T10B5.7
1.48056974490717e-05,1.12530944615925,0.27,0.128,0.223802922640168,0,Y43F8B.13
2.5677642923895e-23,1.11435819563112,0.883,0.441,3.88143250437596e-19,0,M01G12.9
3.9587637644746e-09,1.08583359656202,0.613,0.354,5.9840673063798e-05,0,F54H5.14
7.56970489448518e-06,1.00028633529388,0.255,0.114,0.114423659185038,0,daao-1
0.000393402807997189,-1.78362915524464,0.409,0.468,1,0,F17A9.4
0.00203337216741341,-1.97959410585975,0.445,0.48,1,0,F56H9.2
0.00163900863989381,-1.99988194753888,0.401,0.459,1,0,F52A8.1
1.02188662798635e-07,-2.77382475656259,0.073,0.277,0.00154468382686416,0,ttr-52
6.45628106073527e-09,-3.08474528295782,0.029,0.251,9.75931445140744e-05,0,F42F12.3
0.00615161136501895,-3.23043876330607,0.394,0.413,1,0,cpz-1
0.00840586905667485,-3.31777745736012,0.263,0.33,1,0,F44E5.5
0.000130518406646486,-3.3566681390211,0.204,0.332,1,0,R11A5.3
0.00011705958567438,-3.44962561486893,0.292,0.382,1,0,ent-2
1.3871008873747e-10,-3.47843268576313,0.204,0.458,2.09674170135559e-06,0,ZC204.12
4.99631082066741e-07,-3.82809841653069,0.109,0.289,0.00755242343652085,0,rnst-2
0.00188999884946518,-3.84163864084548,0.219,0.33,1,0,hil-7
1.00458865048791e-06,-3.86736448205249,0.131,0.303,0.0151853620407753,0,atz-1
1.85489218380401e-06,-3.96287277143422,0.088,0.258,0.0280385502503814,0,his-5
2.62996966293598e-07,-4.18063790460961,0.066,0.254,0.00397546214249402,0,gba-3
7.08869177495311e-10,-4.27079367365906,0.131,0.369,1.07152664870191e-05,0,W04A8.4
3.72077554652091e-05,-4.4701118688639,0.131,0.277,0.562432431612101,0,cht-1
2.47646855868337e-09,-5.0787514227395,0.036,0.263,3.74342987330578e-05,0,C07D10.5
2.20925646889968e-10,-5.28164572990729,0.058,0.309,3.33951207838876e-06,0,ctsa-1.2
1.43136061209921e-11,-6.10169452537676,0.022,0.29,2.16364470124916e-07,0,fbxc-51
5.40163357567174e-09,-6.15755022213041,0.08,0.302,8.16510931298541e-05,0,dao-2
3.25611978362201e-08,-6.74608413078147,0.117,0.324,0.000492195066492303,0,clec-196
1.64526266214616e-36,3.89479876634954,0.385,0.044,2.48697904010013e-32,1,ctf-8
1.84801539422649e-49,3.4827049063308,0.581,0.088,2.79346006991276e-45,1,cdk-1
2.9923775618034e-25,3.43020051050167,0.265,0.029,4.52327792242202e-21,1,orc-3
3.27053433055944e-81,3.39620776257818,0.769,0.088,4.94373969407365e-77,1,T19D7.6
7.44935063793971e-21,3.36262217139902,0.291,0.049,1.12604384243097e-16,1,capg-2
1.71234330115202e-37,3.34903245047282,0.436,0.061,2.58837813402139e-33,1,rnr-1
8.96360509155824e-24,3.33624843754348,0.291,0.04,1.35493854563994e-19,1,erh-2
2.79452227910627e-88,3.30603801169553,0.889,0.111,4.22419987709703e-84,1,C10A4.3
5.21483897994219e-33,3.29723322017895,0.436,0.071,7.88275060208061e-29,1,tost-1
8.6599078531545e-22,3.20852676309868,0.325,0.058,1.30903167108283e-17,1,srh-25
1.83928031677902e-31,3.19955566089092,0.402,0.062,2.78025612684317e-27,1,pcn-1
2.10846920105938e-27,3.16286944861171,0.376,0.063,3.18716204432136e-23,1,C09G4.4
3.27641798239322e-19,3.12400671126512,0.256,0.04,4.95263342218559e-15,1,kbp-5
4.73005330616012e-28,3.08155638679905,0.393,0.064,7.14994857759164e-24,1,div-1
4.63266629873387e-08,3.0712195589591,0.256,0.095,0.000700273837716612,1,fce-2
1.73405641574445e-19,3.03381799501424,0.274,0.046,2.62119967803931e-15,1,C13G3.1
3.69808004219518e-55,2.98259159686714,0.88,0.237,5.59001779178223e-51,1,R11A5.3
2.54340530875111e-47,2.97422306801,0.675,0.132,3.84461146470818e-43,1,cnc-10
1.68430793229869e-26,2.9681186715986,0.41,0.081,2.5459998704627e-22,1,spdl-1
9.81551543893983e-30,2.92290037782626,0.419,0.075,1.48371331375014e-25,1,mdf-2
7.15484322039087e-26,2.92114239987987,0.325,0.046,1.08152610119428e-21,1,him-10
2.47616222829562e-26,2.91472876287916,0.402,0.075,3.74296682429165e-22,1,mes-4
2.86386544765882e-15,2.9104160554673,0.256,0.054,4.32901901068107e-11,1,hasp-1
6.15478176172359e-30,2.88270423452409,0.35,0.048,9.30356811102138e-26,1,pole-1
2.64941634657433e-14,2.86925212886489,0.265,0.06,4.00485774948176e-10,1,Y53F4B.9
4.85855131337452e-63,2.86839627553389,1,0.41,7.34418616529692e-59,1,ttr-50
1.09276986604847e-63,2.85069034804081,0.991,0.422,1.65183092951887e-59,1,cpl-1
1.16465080463599e-65,2.82680275618057,0.991,0.331,1.76048615628776e-61,1,cpz-1
4.1778828169952e-30,2.81357622432309,0.479,0.097,6.31528766616994e-26,1,R09F10.8
6.62170967910983e-25,2.80971648178493,0.274,0.032,1.00093763509424e-20,1,tofu-6
6.75802083894181e-31,2.80412360572524,0.538,0.127,1.02154243001444e-26,1,smc-4
4.68281700734902e-35,2.77320943126203,0.462,0.072,7.07854618830878e-31,1,ttr-35
1.66647117094707e-38,2.76236675820026,0.521,0.088,2.5190378220036e-34,1,poml-2
3.34994683444508e-36,2.75741964752612,0.564,0.109,5.06377963494718e-32,1,hcp-6
6.15116413879674e-42,2.74561845907336,0.59,0.104,9.29809971220516e-38,1,chaf-1
2.04161338901902e-19,2.73507438913476,0.35,0.079,3.08610279884115e-15,1,cbs-1
3.53953666566011e-61,2.7262483593979,0.735,0.118,5.35036362381182e-57,1,C14H10.2
2.05177352159425e-30,2.71253346652311,0.496,0.1,3.10146085524187e-26,1,zen-4
8.02691767902667e-32,2.69665857705723,0.385,0.055,1.21334887636167e-27,1,pri-2
4.29263661543139e-44,2.68948794522947,0.675,0.135,6.48874950788609e-40,1,unc-129
7.26606238853438e-18,2.68166820844873,0.291,0.057,1.09833799065086e-13,1,csc-1
4.50530219498311e-54,2.67809837989454,0.803,0.184,6.81021479793646e-50,1,C54D10.13
2.20477163981442e-27,2.67747641094397,0.41,0.074,3.33273281074348e-23,1,pole-4
1.15373559843166e-10,2.63050956307775,0.265,0.079,1.7439867305893e-06,1,pole-2
4.00350226384601e-16,2.62357365599525,0.291,0.064,6.05169402202963e-12,1,spd-1
1.42854295374177e-16,2.61553601188401,0.291,0.065,2.15938552887607e-12,1,lin-54
1.11934922231603e-09,2.61133994718753,0.359,0.152,1.6920082844529e-05,1,cyp-13B1
4.67786004992831e-41,2.60664788915807,0.675,0.134,7.07105325147164e-37,1,ugt-53
6.88212762931379e-16,2.60216800869722,0.368,0.106,1.04030241244707e-11,1,cyp-13A1
2.85284900120424e-40,2.58687947886901,0.624,0.121,4.31236655022033e-36,1,M79.2
1.20679832156786e-24,2.58668721599876,0.393,0.077,1.82419634288198e-20,1,knl-1
6.44949031159303e-24,2.57521546685004,0.41,0.091,9.74904955500403e-20,1,arrd-11
1.15039946885642e-35,2.54882347304816,0.444,0.065,1.73894383712336e-31,1,aspm-1
3.25343541626435e-10,2.5255269064519,0.308,0.111,4.91789297522519e-06,1,mom-5
1.8857601657998e-23,2.51244225242934,0.359,0.069,2.85051506662298e-19,1,mcm-4
7.08153305050144e-66,2.51183428750567,0.94,0.172,1.0704445359138e-61,1,rnst-2
2.18723693785036e-77,2.50472262987446,0.795,0.091,3.3062273552546e-73,1,ces-2
1.54529975337279e-47,2.49996024722358,0.786,0.204,2.33587510719831e-43,1,klo-1
2.29273301718472e-16,2.4900751095338,0.256,0.048,3.46569522877643e-12,1,pig-1
8.05056892940995e-25,2.48561828139231,0.393,0.078,1.21692399936961e-20,1,mcm-6
6.49058964077735e-66,2.35984276257656,0.906,0.159,9.81117530099904e-62,1,ttr-52
6.9206126116281e-36,2.30613841078082,0.658,0.16,1.0461198023737e-31,1,F42F12.3
3.68454585549538e-47,2.23455880888718,0.795,0.151,5.56955951516682e-43,1,gba-3
4.71053887023436e-34,2.17301562187642,0.573,0.118,7.12045055624626e-30,1,F59D6.1
2.8190858853838e-18,2.14177834163297,0.308,0.06,4.26133022434614e-14,1,cdr-7
1.7698003217161e-20,2.14054650228689,0.368,0.077,2.67523016630605e-16,1,T13A10.1
9.32686758531174e-62,2.13231043109527,0.94,0.18,1.40984930419572e-57,1,dao-2
1.39822889580619e-13,2.11345707619371,0.291,0.075,2.11356279890064e-09,1,mis-12
9.89761444363343e-50,2.0923848427247,0.838,0.173,1.49612339929963e-45,1,fbxc-51
1.10956383339974e-34,2.05535796417373,0.855,0.396,1.67721669056705e-30,1,F52A8.1
7.55228857110444e-35,2.02609219279091,0.684,0.173,1.14160394040815e-30,1,his-5
2.12281956356785e-38,1.99332781590636,0.701,0.155,3.20885405228917e-34,1,his-18
8.76228173887481e-19,1.8772984099066,0.402,0.1,1.32450650764832e-14,1,ceh-83
2.80954762033174e-41,1.74894933517736,0.718,0.147,4.24691218289346e-37,1,his-1
3.86361164026826e-46,1.6050297348579,0.88,0.197,5.84023535542951e-42,1,atz-1
6.13306910313519e-57,1.59309312673087,0.966,0.203,9.27074725629915e-53,1,clec-196
8.64802482655594e-10,1.57376645986575,0.291,0.095,1.3072354327822e-05,1,F17A9.5
6.32360863543814e-30,1.55645364820007,0.615,0.148,9.55876681332829e-26,1,his-7
1.64229858585728e-10,1.53213652974185,0.308,0.099,2.48249854238187e-06,1,his-8
3.66270777631009e-22,1.49306009896042,0.786,0.433,5.53654907467033e-18,1,F56H9.2
1.35762518272315e-32,1.49098645996168,0.966,0.61,2.05218622620432e-28,1,ech-1.2
1.41883412491238e-26,1.48435210251781,0.564,0.13,2.14470966321755e-22,1,his-63
1.0911353574438e-09,1.46762719836403,0.342,0.116,1.64936020631206e-05,1,T28C6.10
6.70051173681645e-28,1.43479533220354,0.932,0.494,1.01284935413717e-23,1,B0416.5
3.73253232299157e-19,1.4162987441408,0.889,0.543,5.64209585943406e-15,1,apy-1
5.25716979084225e-17,1.40156287765902,0.573,0.214,7.94673785583715e-13,1,cht-1
1.71855071910851e-09,1.39256149616887,0.325,0.111,2.59776126700443e-05,1,fbxb-8
3.40519859061916e-12,1.30502488869045,0.419,0.153,5.14729818957991e-08,1,nhr-205
2.65777197420507e-30,1.24163970825621,0.692,0.168,4.01748811620838e-26,1,C07D10.5
3.52248564500992e-17,1.23951585131623,0.897,0.539,5.32458930099699e-13,1,vwa-8
6.73459811374291e-11,1.23032101676781,0.325,0.099,1.01800185087338e-06,1,his-67
2.63760580347716e-06,1.22512587350426,0.256,0.106,0.0398700493253608,1,twk-46
8.6247502728049e-06,1.20046594698599,0.291,0.138,0.130371725123719,1,fbxa-14
7.60363294523058e-09,1.19691143869075,0.299,0.111,0.000114936515600105,1,R10E9.3
5.85910365126093e-19,1.17117914809728,0.795,0.475,8.85662107924603e-15,1,his-62
1.28617946941403e-13,1.17051147147739,0.35,0.098,1.94418888596625e-09,1,ztf-29
2.70133454693269e-15,1.16528500085971,0.675,0.369,4.08333730114345e-11,1,lsm-7
1.5650502890137e-15,1.14925602114299,0.692,0.354,2.36573001687311e-11,1,dhs-9
0.000138694861612937,1.11318283450617,0.265,0.132,1,1,C31H2.4
1.41857387204176e-22,1.11294537665204,0.889,0.611,2.14431626497832e-18,1,zip-12
4.18284999201596e-16,1.09546710174933,0.684,0.361,6.32279604793133e-12,1,spat-3
8.78534835602633e-16,1.0930660481052,0.701,0.391,1.32799325749694e-11,1,C35D10.1
2.53671321906866e-10,1.04814022931506,0.658,0.396,3.83449570194418e-06,1,iglr-2
3.93600413702288e-24,1.0413677046178,0.889,0.522,5.94966385352378e-20,1,maoc-1
0.00504591437759078,-1.01132662578879,0.376,0.497,1,1,cgt-3
0.00122138579297629,-1.04145360707058,0.41,0.505,1,1,W07G4.5
8.76972144395683e-05,-1.21705928478294,0.333,0.477,1,1,cgt-1
0.00519407667298928,-1.26634978629536,0.462,0.527,1,1,C50B8.4
3.36255352281888e-05,-1.27319450853522,0.521,0.602,0.508283590509302,1,gpa-17
5.96594967466356e-07,-1.6047299583275,0.615,0.658,0.00901812952822144,1,prdx-2
1.71609581747573e-12,-1.73886870490467,0.735,0.726,2.59405043769632e-08,1,vha-17
8.76481632239049e-07,-1.74939234740585,0.231,0.462,0.0132488963529255,1,ugt-26
1.50255916495109e-06,-1.75786979136924,0.094,0.305,0.0227126843374007,1,ptr-24
1.43298607908828e-08,-1.76075143648227,0.624,0.669,0.000216610175714984,1,nrfl-1
0.00302388257198745,-1.77067709407603,0.342,0.434,1,1,itr-1
2.85337331349509e-06,-1.92962278799682,0.65,0.646,0.0431315910067917,1,gdh-1
2.64622872999189e-09,-2.04274014626449,0.034,0.298,4.00003934825574e-05,1,C01H6.4
1.85935103433344e-05,-2.215277855048,0.47,0.571,0.281059502349843,1,pmp-5
1.03532212169131e-06,-2.23445306048519,0.077,0.281,0.0156499291914859,1,endu-2
3.63603837128543e-09,-2.42357498036755,0.222,0.482,5.49623560203506e-05,1,mans-2
2.37328264119223e-05,-2.43952355882207,0.197,0.377,0.358745404042617,1,M28.8
6.25549176260767e-06,-2.44126514683444,0.342,0.506,0.0945580134835775,1,his-35
1.11901811569617e-11,-2.48306169599011,0.803,0.754,1.69150778368633e-07,1,act-5
7.01043663826081e-07,-2.56884737988245,0.051,0.261,0.010596976022395,1,gly-19
1.39774449177281e-05,-2.59803030190122,0.179,0.355,0.211283057376379,1,clec-83
1.36112210129996e-12,-2.63228271089338,0.248,0.559,2.05747216832502e-08,1,ile-1
9.87212634720901e-05,-2.6827953687801,0.291,0.44,1,1,ZC204.12
4.68186739098934e-11,-2.71090164175004,0.274,0.524,7.07711074821948e-07,1,ampd-1
3.60291505588643e-13,-2.7378646040203,0.231,0.54,5.44616639847794e-09,1,M01G12.9
1.16422880974765e-08,-2.89698139551647,0.265,0.495,0.000175984826881455,1,gst-5
6.60362792278518e-07,-2.95387994130959,0.145,0.352,0.00998204396808208,1,W02B12.1
1.13630743421475e-10,-2.98747983157065,0.12,0.421,1.71764231755902e-06,1,lmp-2
1.85767122400057e-06,-2.99385130065719,0.128,0.327,0.0280805582219926,1,slc-17.6
1.73334904812083e-15,-3.02818667873119,0.47,0.646,2.62013042113945e-11,1,ttr-41
6.13212577526363e-08,-3.10515561010572,0.06,0.298,0.00092693213218885,1,aex-5
0.000251518820273455,-3.10897099227203,0.111,0.264,1,1,rig-4
4.96372042609334e-08,-3.17598948042206,0.06,0.298,0.00075031597960827,1,F49E12.10
6.45708401604126e-09,-3.4208131486678,0.026,0.274,9.76052819864797e-05,1,lys-4
3.09486054067762e-11,-3.54685523115272,0.06,0.37,4.67819119328829e-07,1,T01D3.6
8.86727849715949e-13,-3.63643889086311,0.368,0.571,1.34037781763063e-08,1,ifd-2
2.05269382767242e-08,-3.77398488383596,0.128,0.39,0.000310285198990963,1,F26F12.3
6.74033934305224e-11,-3.86700073004294,0.231,0.49,1.01886969509578e-06,1,VF13D12L.3
5.48586827126779e-09,-4.10492121519087,0.017,0.263,8.29243847884839e-05,1,M04C3.5
6.04499085034005e-07,-4.121838243981,0.077,0.281,0.00913760816937402,1,oac-14
1.47478018651794e-11,-4.39882680052771,0.051,0.358,2.22927772994052e-07,1,T05C3.6
2.45779783999584e-12,-4.56279144543657,0.197,0.496,3.71520721493772e-08,1,irg-7
3.18857969655341e-08,-4.72864609972147,0.026,0.256,0.000481985706931014,1,folt-2
2.58147227199839e-15,-4.7326488480922,0.068,0.446,3.90215348635276e-11,1,R09H10.5
4.48551129656255e-16,-5.17012882036661,0.043,0.436,6.78029887588394e-12,1,C12D12.1
1.49181999170258e-08,-5.46031330515153,0.017,0.25,0.000225503509945761,1,Y38H6C.24
3.65563588211315e-09,-5.54498354995075,0.009,0.252,5.52585919940224e-05,1,acox-1.5
9.68379979247318e-15,-5.54553097388409,0.026,0.397,1.46380317663025e-10,1,rfip-1
4.6977812963221e-13,-5.58358607451695,0.026,0.362,7.10116620752049e-09,1,mct-4
6.50859906797045e-16,-5.58828475267645,0.051,0.436,9.83839835114413e-12,1,gst-36
1.23358544708589e-11,-5.89172812626256,0.017,0.32,1.86468776181503e-07,1,cbl-1
2.36806099770355e-23,-5.89809790559353,0.154,0.616,3.57956100412869e-19,1,Y119D3B.21
1.00409649550884e-16,-6.17038221170645,0.051,0.449,1.51779226261116e-12,1,T19D12.1
8.97666127079354e-10,-6.38002893654638,0.043,0.306,1.35691211769315e-05,1,ctsa-1.2
5.75781668907891e-11,-6.38752888940927,0.034,0.323,8.70351570721168e-07,1,F28B4.3
2.6157383455552e-28,-6.60121062668345,0.188,0.677,3.95395008314124e-24,1,lec-9
2.43975247177213e-11,-6.70214901799429,0.026,0.321,3.68792983633075e-07,1,ttr-44
7.36069643785887e-10,-6.74552095999898,0,0.257,1.11264287354675e-05,1,clec-265
2.04379371042657e-15,-6.77621924506264,0.017,0.397,3.0893985726808e-11,1,T16G12.1
1.04685968222101e-16,-7.01688363464279,0.026,0.428,1.58243309564527e-12,1,Y51F10.7
3.79477256629645e-10,-7.09657515353612,0,0.264,5.73617821121372e-06,1,K10G6.5
8.80770305934455e-26,-7.25119425013016,0.051,0.588,1.33137239445052e-21,1,nep-17
3.35325418628614e-19,-7.25915133336379,0.026,0.473,5.06877902799014e-15,1,T25C12.3
4.35805992865416e-20,-7.33175477297519,0.043,0.498,6.58764338815363e-16,1,gst-4
8.15639833977668e-16,-7.41578084739153,0.017,0.404,1.23292117304064e-11,1,ZK1320.2
5.32497887770841e-13,-7.47695727836913,0,0.329,8.04923807154403e-09,1,C18A11.3
1.09382936592167e-11,-7.54380599304943,0.009,0.31,1.65343246952719e-07,1,cpr-9
4.6358857313419e-27,-7.58084868902672,0.137,0.643,7.00760487149641e-23,1,asp-1
1.9318310903224e-15,-7.88064184515885,0.017,0.397,2.92015587613133e-11,1,dod-19
1.4944612303316e-18,-7.92514565478831,0.009,0.447,2.25902759576925e-14,1,ctsa-3.1
2.04885032745326e-12,-7.94538864302225,0,0.316,3.09704215497835e-08,1,ctsa-4.2
2.6456030804796e-20,-7.99818790338624,0.017,0.483,3.99909361645297e-16,1,Y39G8B.9
8.78940817368447e-20,-8.20546423619434,0.017,0.475,1.32860693953414e-15,1,clec-17
9.28227357592908e-21,-8.29835179663046,0,0.477,1.40310847373744e-16,1,Y16B4A.2
1.8888130766011e-21,-8.51314636752188,0.017,0.502,2.85512984659022e-17,1,ctsa-2
1.81997653793159e-27,-8.62617841776689,0.06,0.613,2.7510765347374e-23,1,asp-3
1.86834199303155e-28,-8.63198100101561,0.034,0.613,2.8241857566665e-24,1,spp-5
5.67987745683861e-18,-8.6758784467432,0.017,0.443,8.58570276375724e-14,1,asp-6
1.50845784680425e-14,-8.82097018818797,0,0.362,2.28018488122931e-10,1,clec-63
9.45539234398875e-64,9.22198384654873,0.336,0.002,1.42927710671734e-59,2,ehn-3
2.20263354770436e-45,8.81527113466611,0.411,0.037,3.32950087070991e-41,2,sdz-27
3.70744751196094e-49,8.74452427780566,0.318,0.01,5.60417765908015e-45,2,F28B12.6
1.0101180836914e-48,8.27265916945096,0.262,0.002,1.52689449530792e-44,2,C36B7.2
2.41824999551746e-34,7.90766685887212,0.252,0.013,3.6554266932242e-30,2,F19B10.2
1.32015389724487e-50,7.88032137124983,0.28,0.003,1.99554463107535e-46,2,unc-39
5.79834901823085e-49,7.28927978086189,0.336,0.014,8.76478437595776e-45,2,emb-9
7.18548100729644e-64,7.15786104050825,0.458,0.023,1.08615730906293e-59,2,sbt-1
1.07949052647031e-22,7.02369936936228,0.271,0.037,1.63175787981252e-18,2,hsp-12.3
7.55064628822161e-28,6.94483988523652,0.308,0.038,1.14135569292758e-23,2,C29F9.6
9.17640750550857e-35,6.92748307589119,0.262,0.014,1.38710575853268e-30,2,let-2
1.14501511630291e-33,6.90386905992277,0.28,0.02,1.73080484980348e-29,2,cyp-13A2
3.26903831403414e-41,6.61850852712774,0.364,0.03,4.941478315494e-37,2,C02B10.3
1.92454171245448e-26,6.57776208806089,0.262,0.025,2.90913725254619e-22,2,ost-1
6.90086458657106e-28,6.4798101711819,0.28,0.029,1.04313469090608e-23,2,egl-19
9.09222049003008e-40,6.43259903434243,0.299,0.016,1.37438004927295e-35,2,tra-1
3.7711289204177e-31,6.40222861901854,0.308,0.031,5.70043847610339e-27,2,unc-82
4.75608317102163e-35,6.30189078195653,0.355,0.038,7.1892953213163e-31,2,F28B12.1
1.3106732863945e-34,6.22803248638982,0.318,0.028,1.98121373971392e-30,2,B0041.11
2.24038316169066e-40,6.15847748528547,0.308,0.017,3.3865631872116e-36,2,C30F12.5
2.83718944002793e-26,6.11365559647898,0.327,0.048,4.28869555754622e-22,2,F14H12.6
4.38858670020806e-32,6.08642692954922,0.262,0.017,6.6337876560345e-28,2,cog-1
9.98355685219466e-29,5.94818071617093,0.271,0.024,1.50911445377774e-24,2,far-1
8.06364802352589e-37,5.77849731997184,0.318,0.024,1.21890103523617e-32,2,pnc-1
1.47552065249639e-27,5.70729650669295,0.271,0.027,2.23039701831355e-23,2,nhr-25
4.82729358992784e-51,5.34962020950384,0.589,0.084,7.29693699053492e-47,2,aqp-2
1.15963903943385e-20,5.25616239484311,0.336,0.072,1.75291037200822e-16,2,exc-9
9.43926295193884e-22,5.22337791589323,0.28,0.043,1.42683898781508e-17,2,unc-68
1.03935307847856e-28,5.19195790896062,0.299,0.032,1.57108611342819e-24,2,asd-2
1.0569573142144e-23,5.18473688548662,0.252,0.028,1.59769667616649e-19,2,ttbk-7
7.59251752912862e-39,5.05121490457154,0.374,0.036,1.14768494970308e-34,2,hsp-12.2
8.6242449575529e-26,4.99391028603362,0.374,0.069,1.3036408677837e-21,2,ZC247.1
6.03052922642389e-12,4.82707082703363,0.318,0.111,9.11574797866235e-08,2,tbc-12
3.08575087513084e-38,4.79583007681642,0.411,0.048,4.66442102284778e-34,2,sax-7
1.05702331848375e-17,4.61194418384416,0.29,0.06,1.59779644822004e-13,2,somi-1
3.99045938903474e-17,4.58388367665242,0.29,0.061,6.03197841246491e-13,2,ZK380.6
1.36355975552738e-10,4.54879772873487,0.29,0.101,2.06115692645519e-06,2,F21C10.3
3.7852857540733e-21,4.49881728904364,0.28,0.044,5.7218379458572e-17,2,fkb-3
8.33686956093721e-25,4.38060656415985,0.318,0.047,1.26020120283127e-20,2,F43G6.4
6.70696862995229e-11,4.31056040296194,0.393,0.18,1.01382537810359e-06,2,T02E9.5
5.21040284623859e-16,4.22735017998571,0.486,0.216,7.87604494237426e-12,2,rig-4
2.99564577880077e-12,4.13906044386029,0.318,0.106,4.52821815923524e-08,2,F55D12.5
2.71689209297905e-41,4.13417033816985,0.776,0.257,4.10685408774714e-37,2,hil-7
8.47591334363554e-28,4.10303018248671,0.355,0.053,1.28121906102395e-23,2,lin-33
2.52786168374739e-09,4.078736636422,0.271,0.099,3.82111572115256e-05,2,gpa-9
1.93252684608849e-08,4.04382809933382,0.318,0.145,0.000292120758054736,2,ccch-1
3.4114667507573e-11,3.94222362557014,0.411,0.201,5.15677314044473e-07,2,scpl-3
1.34996327560668e-10,3.90148395603854,0.355,0.152,2.04060448740706e-06,2,T22C1.6
5.02265449674235e-12,3.88764976753671,0.533,0.337,7.59224453727574e-08,2,F26F12.3
1.01459089444338e-14,3.83489611509375,0.29,0.072,1.53365559604062e-10,2,ric-3
7.35869884082505e-15,3.75019681878455,0.449,0.19,1.11234091677911e-10,2,C46C2.2
1.70193826274423e-13,3.6468887070348,0.439,0.198,2.57264987796418e-09,2,tba-1
2.34831051735767e-07,3.6145625257543,0.28,0.127,0.00354970617803785,2,acs-17
1.59319842561014e-17,3.60816672637371,0.29,0.06,2.40827874015228e-13,2,lin-26
3.5628828554406e-09,3.56399087387811,0.327,0.144,5.38565372428402e-05,2,lir-1
2.97884641840593e-24,3.39970289211601,0.654,0.296,4.50282424606241e-20,2,W04A8.4
4.51071388750539e-07,3.2372005343727,0.486,0.355,0.00681839511235315,2,ent-2
2.28881816662032e-07,3.15243962527762,0.318,0.157,0.00345977754066327,2,pct-1
1.14496320651895e-09,3.09252930575786,0.421,0.225,1.73072638297405e-05,2,rsbp-1
8.08900217637275e-09,3.03590157346137,0.477,0.301,0.00012227335689805,2,F44E5.5
9.21474784627008e-18,2.7474258300576,0.71,0.582,1.39290128444219e-13,2,egl-30
2.79868149352808e-06,2.3387776726854,0.654,0.704,0.0423048694561704,2,gpc-2
0.000181068954642505,2.32218467210557,0.449,0.411,1,2,tres-1
0.00249416137597014,2.16723170969868,0.402,0.385,1,2,tlk-1
5.72229061350132e-05,2.0325874149656,0.561,0.633,0.86498144913686,2,unc-108
2.9114266896157e-13,1.84755445777622,0.729,0.731,4.40091258402309e-09,2,skr-1
0.000417786767690096,1.59683732723579,0.542,0.618,1,2,cyn-3
2.54269890878199e-10,1.56002727102356,0.785,0.759,3.84354367051486e-06,2,his-72
0.00445507770485267,1.43082404550672,0.215,0.451,1,2,F40E10.6
0.00217311661582397,1.21051221977713,0.224,0.489,1,2,hmp-1
1.36031446028883e-08,1.12099120013275,0.178,0.591,0.00020562513381726,2,C05A9.2
0.00242361415203814,1.09190667150866,0.234,0.496,1,2,let-607
1.06354628076147e-09,-1.00688508796958,0.084,0.426,1.60765655799905e-05,2,tomm-40
9.2495418710563e-13,-1.03862774137708,0.196,0.684,1.39816074922887e-08,2,nra-4
3.73165827434547e-13,-1.06879502799068,0.047,0.449,5.64077464750062e-09,2,F09E5.3
7.92101360268725e-10,-1.1755299508011,0.29,0.691,1.1973404161822e-05,2,gdh-1
6.17433997126769e-14,-1.17635248834356,0.084,0.534,9.33313230056824e-10,2,apm-1
1.84965218137406e-21,-1.23287573968612,0.065,0.646,2.79593423736503e-17,2,wrk-1
1.96887899615963e-14,-1.26041663922207,0.112,0.596,2.9761574905949e-10,2,B0272.3
2.71713381209651e-13,-1.35307566443935,0.131,0.57,4.10721947036509e-09,2,ile-1
7.81800535834424e-13,-1.43899047689545,0.271,0.712,1.18176968996731e-08,2,nrfl-1
1.40500932232537e-10,-1.61720148741958,0.009,0.313,2.12381209162703e-06,2,ptr-24
2.892417492708e-08,-1.78863047849019,0.019,0.265,0.000437217828197741,2,F22B7.9
2.07095464194966e-15,-1.81725839032946,0.224,0.706,3.13045503677111e-11,2,ech-1.2
4.62430338873285e-12,-1.87547019275719,0.056,0.436,6.99009700240857e-08,2,dhs-9
1.07061693835141e-14,-1.94205770770504,0.093,0.543,1.61834456401199e-10,2,ampd-1
4.05804116508091e-17,-2.0211510878991,0.084,0.581,6.13413502513631e-13,2,C02D5.4
1.60936710024165e-15,-2.03563729343281,0.262,0.67,2.43271930872527e-11,2,ttr-41
5.28360730787199e-17,-2.25495156555031,0.047,0.511,7.9867008065793e-13,2,cgt-1
1.43708137251353e-17,-2.34791171131979,0.084,0.578,2.17229220269146e-13,2,Y71F9B.9
5.52223600473981e-05,-2.36588602796936,0.112,0.283,0.83474119447647,2,rnst-2
1.41420567335863e-07,-2.36862727314644,0.037,0.275,0.0021377132958489,2,ttr-52
2.2896971151979e-16,-2.40853013841505,0.056,0.521,3.46110615933315e-12,2,dnpp-1
2.90636799827408e-14,-2.60723008162755,0.009,0.398,4.3932658661911e-10,2,M28.8
7.46215064555698e-08,-2.64509387134035,0.037,0.286,0.00112797869158239,2,C54D10.13
1.06326690651816e-13,-2.65038336521912,0.065,0.48,1.60723425589285e-09,2,ugt-26
9.50925843687783e-26,-2.66362506336763,0.056,0.659,1.43741950531845e-21,2,gpa-17
7.35717456929858e-13,-2.7185443385987,0.009,0.367,1.11211050789517e-08,2,W02B12.1
4.12058582157864e-13,-2.73996169366084,0.009,0.373,6.22867752789828e-09,2,T01D3.6
6.89765525183744e-18,-2.82075282550527,0.047,0.536,1.04264956786775e-13,2,cgt-3
5.93110024361726e-17,-2.87711747444582,0.037,0.494,8.96545112825184e-13,2,gst-4
3.72344667709902e-32,-3.03666387794947,0.028,0.72,5.62836199710287e-28,2,Y54G2A.52
1.08591601074855e-16,-3.04992702930322,0.047,0.501,1.6414706418475e-12,2,mans-2
1.28386462078137e-18,-3.05357134080371,0.028,0.512,1.94068976077312e-14,2,VF13D12L.3
3.79990639886081e-09,-3.07783083082609,0.252,0.52,5.743938512518e-05,2,cpl-1
1.34014905389371e-09,-3.23313285836958,0.009,0.287,2.02576930986573e-05,2,endu-2
9.13217017908942e-08,-3.24441271279025,0.019,0.254,0.00138041884427116,2,gba-3
1.80664506243441e-27,-3.32924774619188,0.084,0.714,2.73092467637585e-23,2,zip-12
4.57579445021154e-33,-3.39639991157091,0.028,0.738,6.91677089093977e-29,2,lron-7
2.27137934207813e-14,-3.47561579921242,0.009,0.4,3.4334170134853e-10,2,ZK1320.2
8.85942426466921e-32,-3.82700579381646,0.028,0.71,1.3391905718474e-27,2,W02A2.9
1.42276173118401e-10,-3.91115655839326,0.009,0.311,2.15064663285775e-06,2,ctsa-4.2
1.45220240593416e-21,-3.93355154607993,0.019,0.552,2.19514915681008e-17,2,W07G4.5
3.66809880359798e-22,-3.96340095341755,0.037,0.585,5.54469815151871e-18,2,gbh-1
1.06909941940715e-24,-4.03285635666487,0.009,0.588,1.61605068237585e-20,2,C14A4.6
5.41986524740749e-25,-4.08563643363094,0.009,0.593,8.19266830798117e-21,2,prx-13
1.66029681194149e-10,-4.09760038618416,0.019,0.323,2.50970466093076e-06,2,C18A11.3
2.01287169845197e-26,-4.09871248756923,0.037,0.652,3.04265685938e-22,2,apy-1
2.15727330374034e-08,-4.14554679673769,0.009,0.254,0.000326093432593389,2,F21D5.3
7.92615014868234e-10,-4.15405005715418,0.009,0.292,1.19811685647482e-05,2,pbo-4
2.75759922411717e-24,-4.22004986713456,0.028,0.607,4.16838698717551e-20,2,spp-5
1.50457385859712e-17,-4.24696281103339,0.019,0.478,2.2743138446554e-13,2,xdh-1
1.89526137483793e-09,-4.36582087377048,0.028,0.304,2.86487709420501e-05,2,ctsa-1.2
9.01471301620116e-33,-4.39887861973519,0.019,0.716,1.36266401952897e-28,2,nlt-1
6.00133803406176e-07,-4.40394602527162,0.093,0.319,0.00907162257228775,2,clec-196
4.17610766577943e-24,-4.46980942889555,0.056,0.623,6.31260434759218e-20,2,Y119D3B.21
3.75623899647287e-07,-4.72195860781576,0.075,0.295,0.00567793086706839,2,dao-2
1.66355923535234e-12,-4.79544220660304,0.009,0.356,2.51463614015859e-08,2,clec-63
1.21456682646387e-13,-4.92566491594844,0.075,0.452,1.83593921488279e-09,2,cpz-1
3.79149513150317e-28,-4.93297513819403,0.093,0.683,5.73122404078019e-24,2,lec-9
1.74693520008843e-09,-5.06057098505953,0,0.265,2.64066724845368e-05,2,gly-19
8.33340087010459e-16,-5.0787150779097,0.019,0.436,1.25967687552501e-11,2,gst-36
1.06704870701415e-09,-5.11910498870774,0.009,0.287,1.61295082552259e-05,2,cht-1
2.31652090263676e-44,-5.17642167726562,0.037,0.849,3.50165299642573e-40,2,act-5
2.05735579906885e-19,-5.18923737393272,0.009,0.497,3.10989902587248e-15,2,ctsa-2
2.36604099206649e-09,-5.32998858471447,0,0.262,3.5765075636077e-05,2,M04C3.5
7.57721158049757e-26,-5.33948378759638,0.019,0.611,1.14537130250801e-21,2,asp-3
4.48175366586089e-27,-5.52655900510068,0.056,0.647,6.77461884131532e-23,2,asp-1
5.66753968241319e-18,-5.55227902087215,0.009,0.469,8.56705298393578e-14,2,T25C12.3
8.48812558915373e-11,-5.63427388484471,0,0.299,1.28306506405648e-06,2,C01H6.4
4.94256970337001e-11,-5.80469626928218,0.009,0.317,7.47118836361411e-07,2,cbl-1
6.1473927154194e-11,-5.92207830799408,0,0.302,9.29239882862797e-07,2,aex-5
1.58762132720753e-08,-6.06029864346375,0.009,0.255,0.000239984839820691,2,folt-2
6.14739128309364e-11,-6.22407065266464,0,0.302,9.29239666352434e-07,2,F49E12.10
1.15265342250245e-23,-6.35423011896991,0.009,0.564,1.7423509134547e-19,2,M01G12.9
1.55659570810423e-12,-6.4158389407143,0,0.34,2.35295007237036e-08,2,slc-17.6
3.72688324365285e-17,-6.43705312090502,0,0.438,5.63355671110565e-13,2,F54H5.14
5.12276183166858e-27,-6.44819763702099,0.019,0.625,7.74356678475023e-23,2,pmp-5
2.87443958363531e-11,-6.50079805611764,0,0.31,4.34500287462313e-07,2,PDB1.1
4.76990908400439e-09,-6.59988643770739,0,0.254,7.21019457138103e-05,2,clec-265
2.74670533615187e-15,-6.68652491136645,0.121,0.525,4.15191978612716e-11,2,ttr-50
3.57549949857871e-11,-6.71253450552097,0,0.308,5.40472504205158e-07,2,klo-1
1.89228020351465e-13,-6.73162621216911,0,0.361,2.86037075563274e-09,2,T05C3.6
9.9196756519217e-19,-6.76883459053901,0,0.468,1.49945817154448e-14,2,C17E7.13
7.21231560657988e-20,-6.8338500125793,0,0.489,1.09021362709061e-15,2,pmp-4
7.32942867707816e-17,-6.87231093258735,0,0.433,1.10791643882714e-12,2,lmp-2
2.2096556959866e-10,-6.88882709065324,0,0.288,3.34011555005334e-06,2,oac-14
5.40179827298796e-25,-6.89117441957571,0,0.574,8.1653582694486e-21,2,W10G11.19
5.56315709185539e-21,-6.9252833877751,0,0.509,8.40926826004861e-17,2,dhs-2
2.61679530179974e-09,-6.95094063124452,0,0.261,3.95554777820049e-05,2,K10G6.5
3.5580793026206e-20,-7.00307943435686,0.019,0.514,5.3783926738413e-16,2,irg-7
2.99659559959686e-23,-7.00924141587913,0,0.547,4.52965390835061e-19,2,dhrs-4
1.33354917324416e-16,-7.01439417520449,0.009,0.436,2.01579293027587e-12,2,C12D12.1
1.14170620655555e-16,-7.63680538830911,0.009,0.439,1.72580310182938e-12,2,asp-6
7.71316494828206e-10,-7.66445402270032,0,0.275,1.16592201358232e-05,2,lys-4
1.06521329583883e-11,-7.88793874574454,0,0.321,1.61017641798998e-07,2,ttr-44
4.45312209539643e-14,-7.97489281564548,0,0.375,6.73133935940124e-10,2,clec-83
5.40505741127963e-15,-8.02979466192771,0,0.394,8.17028478289028e-11,2,T16G12.1
3.57549949857871e-11,-8.04228421462999,0,0.308,5.40472504205158e-07,2,cpr-9
2.93473555664425e-17,-8.05755472434263,0.009,0.449,4.43614626742345e-13,2,R09H10.5
6.44979898943057e-19,-8.15271727433887,0,0.472,9.74951615242325e-15,2,Y16B4A.2
4.42179663283973e-31,-8.17948477151677,0,0.662,6.68398779020054e-27,2,pqm-1
7.62155734227336e-12,-8.30332442459865,0,0.324,1.15207460785804e-07,2,F28B4.3
1.43191649494883e-16,-8.45366232915874,0,0.427,2.16448497376465e-12,2,Y51F10.7
8.22023126309123e-18,-8.54205924380832,0,0.451,1.24257015772887e-13,2,T19D12.1
3.81928065629411e-29,-8.66981939510768,0,0.636,5.77322464005417e-25,2,maoc-1
1.96061805541211e-25,-8.83821769988821,0.009,0.587,2.96367025256095e-21,2,nep-17
4.83389886714791e-19,-8.96815364314763,0,0.474,7.30692152758078e-15,2,ZC204.12
2.15911352718747e-17,-9.00661504034202,0,0.443,3.26371600769658e-13,2,ctsa-3.1
5.40505891012676e-15,-9.04692812525721,0,0.394,8.17028704854762e-11,2,dod-19
2.33891673446796e-19,-9.05453547873362,0,0.48,3.53550653582177e-15,2,Y39G8B.9
6.44979691042587e-19,-9.20032871023922,0,0.472,9.74951300979975e-15,2,clec-17
1.31455479163869e-27,-9.45987049276109,0,0.614,1.98708102304105e-23,2,ifd-2
1.03474508240458e-31,4.74508801643989,0.271,0.016,1.56412066656277e-27,3,clec-54
5.90382902309896e-81,4.30955713996017,0.812,0.08,8.92422795131639e-77,3,clec-62
1.29953393694309e-42,4.23613581171326,0.353,0.019,1.96437549908318e-38,3,bgal-2
1.86507219833771e-39,4.12946304523263,0.388,0.03,2.81924313500728e-35,3,clec-227
8.93348541104198e-86,4.06726394469373,0.859,0.085,1.35038565473311e-81,3,R193.2
2.98604385046172e-60,3.83792589863122,0.941,0.21,4.51370388435794e-56,3,cpr-9
1.53453065230402e-25,3.80257435951495,0.388,0.061,2.31959653402275e-21,3,best-7
7.86548536132795e-84,3.73791681627116,0.941,0.132,1.18894676721833e-79,3,ZK1320.3
6.50268839370402e-57,3.63043618155268,0.706,0.091,9.829463775923e-53,3,F23F12.13
1.71472543403011e-43,3.55620213403658,0.494,0.052,2.59197896607992e-39,3,daf-36
1.47389695376159e-28,3.5105785402095,0.353,0.04,2.22794263530603e-24,3,twk-26
2.49843239079095e-52,3.47786405045267,0.553,0.052,3.7766304019196e-48,3,F14D7.6
9.39256367679126e-78,3.47700479866756,0.859,0.097,1.41977992538377e-73,3,clec-65
1.32636419981884e-74,3.42324588972423,0.671,0.046,2.00493212444615e-70,3,gba-4
2.90102649962067e-45,3.40267435300173,0.647,0.097,4.38519165682661e-41,3,Y39B6A.1
4.54419000257755e-64,3.3516084831831,1,0.253,6.86899760789622e-60,3,clec-63
1.48446453032464e-21,3.34707287004388,0.282,0.035,2.24391658403873e-17,3,F43C9.1
8.92192857132536e-28,3.33705473542184,0.424,0.066,1.34863872284154e-23,3,C01B10.6
1.79702907977731e-57,3.3315662714992,0.6,0.054,2.71638915699139e-53,3,clec-56
7.47647247539171e-28,3.30974253445775,0.435,0.07,1.13014357938021e-23,3,H34I24.2
8.14970583001802e-29,3.27116251477673,0.4,0.052,1.23190953326552e-24,3,F42A10.7
1.54845633762472e-66,3.21928205775214,0.906,0.154,2.34064659995352e-62,3,F54D5.4
1.01673256559987e-13,3.17080089772141,0.259,0.049,1.53689294616076e-09,3,Y49E10.16
1.55157335371953e-43,3.1354294107004,0.471,0.044,2.34535828148244e-39,3,smoc-1
1.15909791665769e-22,3.10500824432731,0.353,0.053,1.75209241081976e-18,3,F10D7.10
1.69488686010281e-55,3.09739049009278,0.988,0.337,2.56199097773142e-51,3,ctsa-3.1
6.24121572920403e-34,3.09547905911407,0.541,0.094,9.43422169626482e-30,3,M28.10
2.09868012776075e-24,3.09204690324229,0.306,0.035,3.17236488112315e-20,3,dmsr-12
9.32389862355533e-48,3.06373466780151,0.671,0.098,1.40940051593662e-43,3,smf-3
1.75424082390871e-41,3.04698110375761,0.612,0.092,2.6517104294204e-37,3,C34H4.2
6.04169852699936e-47,3.01117319975644,0.824,0.189,9.13263149341224e-43,3,lys-4
2.87079951891596e-36,3.0068647704131,0.553,0.084,4.33950055279337e-32,3,T19C9.8
1.01550543187992e-18,3.00651011950684,0.282,0.04,1.53503801082968e-14,3,F19C7.4
1.84083030935628e-20,3.00422716596574,0.353,0.06,2.78259909562295e-16,3,B0252.1
1.02756199769809e-47,2.9791498334505,0.976,0.336,1.55326271572043e-43,3,asp-6
7.84655129523744e-50,2.96157631358425,0.824,0.169,1.18608469378809e-45,3,clec-265
9.19570467920787e-32,2.95997695077323,0.412,0.048,1.39002271930906e-27,3,aat-8
7.75660616823594e-52,2.95632584960404,0.929,0.227,1.17248858839055e-47,3,F28B4.3
3.84497776252978e-30,2.92580768235845,0.412,0.054,5.81206838584002e-26,3,Y38H6C.23
9.15671683203852e-49,2.89565361182413,0.812,0.156,1.38412931633094e-44,3,C14C11.4
4.0059004522082e-47,2.89213601608644,0.835,0.201,6.05531912355791e-43,3,endu-2
1.29527874310703e-36,2.85091100349194,0.565,0.092,1.95794334808059e-32,3,daao-1
6.64797681906043e-25,2.81573672229297,0.494,0.103,1.00490817596917e-20,3,T10B5.7
1.06390906669211e-15,2.80654911177109,0.271,0.046,1.60820494521179e-11,3,B0281.3
1.73455075217247e-41,2.78345158602363,0.859,0.25,2.6219469169839e-37,3,slc-17.6
1.89309703905079e-58,2.7565742633504,0.976,0.219,2.86160548422917e-54,3,ttr-44
5.88655558085699e-43,2.75302867046125,0.682,0.117,8.89811741602342e-39,3,bath-47
1.89862223014824e-61,2.73429295783599,0.824,0.127,2.86995736309208e-57,3,K12H4.7
2.31037665081271e-40,2.71619630849727,0.753,0.165,3.49236534536849e-36,3,hrg-7
2.1567675491162e-27,2.70030220518798,0.329,0.035,3.26016982724404e-23,3,ttr-40
4.61501967292161e-36,2.66859741392311,0.576,0.096,6.97606373758831e-32,3,clec-52
3.15664511206517e-10,2.66443252325516,0.376,0.134,4.77158475139772e-06,3,comt-4
9.30913526675534e-08,2.65996054401349,0.4,0.174,0.00140716888692274,3,cyp-35A4
2.02973208344525e-17,2.65155750006172,0.282,0.044,3.06814301733585e-13,3,lys-5
1.78146821537743e-54,2.63602761611875,0.988,0.297,2.69286735436452e-50,3,ZK1320.2
9.66068014729667e-36,2.62823245814759,0.482,0.061,1.46030841106536e-31,3,faah-3
1.79934210748802e-42,2.62089500842046,0.941,0.326,2.71988552967888e-38,3,Y51F10.7
9.7914537122031e-40,2.61595612289319,0.706,0.145,1.48007614313662e-35,3,clec-53
2.06472128752706e-39,2.61567222353579,0.988,0.517,3.1210326982259e-35,3,pmp-5
8.50615390109627e-57,2.61033026205676,0.835,0.138,1.28579022368971e-52,3,K07G5.5
3.77600533502522e-43,2.36122362246346,0.965,0.292,5.70780966442413e-39,3,T16G12.1
1.65842611776223e-13,2.35430562081438,0.447,0.133,2.50687691960939e-09,3,lipl-5
5.65203314442697e-30,2.23308300870168,0.518,0.084,8.54361330111581e-26,3,cln-3.1
3.76758690056821e-24,1.9893405193525,0.518,0.105,5.6950843588989e-20,3,chil-23
1.87659644232313e-20,1.9622646640734,0.576,0.161,2.83666318221564e-16,3,K08D8.4
1.18733164420214e-34,1.94830351454459,0.918,0.264,1.79477051337595e-30,3,T05C3.6
2.86584815792508e-21,1.84164163063846,0.412,0.078,4.33201607551955e-17,3,pcp-2
1.64443651496585e-34,1.83010473415589,0.976,0.345,2.48573023602238e-30,3,R09H10.5
4.74531979923066e-46,1.81591066475553,0.859,0.168,7.17302540851707e-42,3,folt-2
5.87625489056518e-30,1.79131708144023,0.612,0.129,8.88254689257833e-26,3,C01B9.1
4.97506652719136e-08,1.78800034248645,0.329,0.117,0.000752031056250247,3,clec-174
8.07275518555501e-36,1.77072027718276,1,0.344,1.22027767384849e-31,3,T19D12.1
4.67783409207096e-24,1.74396641484301,0.435,0.076,7.07101401357446e-20,3,slc-17.3
1.16603701014139e-19,1.69374412262055,0.694,0.228,1.76258154452972e-15,3,aex-5
5.82950716403279e-12,1.69274162414577,0.318,0.079,8.81188302915197e-08,3,acox-1.3
1.68230717388098e-26,1.66460757788259,0.988,0.504,2.54297552403848e-22,3,asp-3
3.41961638648504e-22,1.66086077265008,0.988,0.479,5.16909212981079e-18,3,nep-17
1.24185290396092e-31,1.65667474823262,0.953,0.294,1.87718484962733e-27,3,dod-19
8.92680301373113e-29,1.63974176029446,1,0.542,1.3493755435556e-24,3,asp-1
5.76712828718759e-14,1.62153225548476,0.353,0.082,8.71759111891276e-10,3,C18H7.11
1.51088879865707e-06,1.58539967991604,0.4,0.177,0.0228385950805003,3,Y32F6A.5
9.5296308188074e-22,1.52275943876424,0.518,0.121,1.44049899457093e-17,3,fbxa-6
6.9798786721234e-33,1.48778949490831,1,0.363,1.05507846007817e-28,3,T25C12.3
6.89416260669107e-27,1.46716367969996,0.953,0.369,1.04212161962742e-22,3,Y16B4A.2
1.19430927401032e-20,1.39846192162155,0.576,0.154,1.80531789859399e-16,3,F42A10.6
2.447538696301e-24,1.39305350378596,0.812,0.281,3.69969949332859e-20,3,W02B12.1
1.02521213604712e-29,1.38000924597401,0.976,0.393,1.54971066484882e-25,3,ctsa-2
1.06066517867673e-22,1.32253563901302,0.388,0.063,1.60330148408775e-18,3,snt-5
3.68055575148315e-24,1.25790730751379,0.918,0.415,5.56352807394192e-20,3,VF13D12L.3
2.98725496951042e-22,1.25544490146979,0.871,0.38,4.51553461191195e-18,3,itr-1
1.31403768399077e-13,1.2483962937497,0.506,0.164,1.98629936312045e-09,3,drd-5
9.99376114452888e-27,1.15283328234203,0.682,0.168,1.51065693460699e-22,3,Y54G2A.45
1.7254084977341e-08,1.13739177223424,0.306,0.096,0.000260812748517487,3,Y17D7C.2
5.80930368463381e-06,1.13690411823278,0.365,0.162,0.0878134344969247,3,slc-17.4
1.73502804064098e-11,1.07154613072846,0.576,0.226,2.6226683862329e-07,3,oac-14
1.11474370637771e-18,1.03310655065907,0.953,0.48,1.68504658656055e-14,3,ile-1
4.42352721830856e-08,1.01559814540516,0.376,0.141,0.000668660374319522,3,scl-2
1.34466371344515e-17,1.01467718447805,0.624,0.195,2.0325936692437e-13,3,K10G6.5
2.63400633709873e-19,1.0044449201889,1,0.499,3.98156397915844e-15,3,spp-5
2.50779747957972e-08,1.00025370537626,0.694,0.409,0.00037907866701327,3,ugt-26
0.00158886977513734,-1.12307557658143,0.859,0.748,1,3,gst-7
0.00468653016807319,-1.18160922797794,0.682,0.397,1,3,ZC204.12
0.00911355231411554,-1.26195067504901,0.329,0.425,1,3,C17E7.13
0.000464265166697026,-1.28501872730645,0.812,0.723,1,3,skr-1
8.00586401284255e-07,-1.60684532917892,0.459,0.196,0.0121016640418128,3,ifc-1
0.00245730215417447,-1.93650594700003,0.529,0.548,1,3,B0416.5
0.00420741832001538,-1.98347246934975,0.424,0.466,1,3,ncbp-2
2.48383724061198e-13,-1.99048337050277,0.906,0.837,3.75456837290907e-09,3,hsp-90
0.000561435873070033,-2.08447816691402,0.576,0.598,1,3,egl-30
0.00021980378437186,-2.12292493294088,0.576,0.598,1,3,top-1
0.00859732319641456,-2.15531803611393,0.365,0.42,1,3,tres-1
1.82126585218453e-06,-2.24530126284154,0.576,0.613,0.0275302546216214,3,cyn-3
0.00112751431456019,-2.35613949900799,0.412,0.481,1,3,F56H9.2
0.000164487387106401,-2.38292120178834,0.341,0.471,1,3,F17A9.4
1.81245657123103e-13,-2.54028859443398,0.741,0.764,2.73970935307283e-09,3,his-72
0.00175872333519794,-3.25494583677066,0.118,0.25,1,3,F22B7.9
5.39830340855508e-07,-4.7383448615684,0.035,0.28,0.00816007543237186,3,C54D10.13
1.20306201568787e-05,-4.74950368128245,0.129,0.339,0.181854854291378,3,F44E5.5
8.69740382879202e-06,-5.2035278073648,0.047,0.252,0.13146995627602,3,his-5
7.19211031838076e-05,-5.5018700291628,0.153,0.33,1,3,R11A5.3
4.1639422575309e-06,-5.57638699154451,0.035,0.25,0.0629421511648371,3,C07D10.5
1.03120421690837e-08,-5.75349135342481,0.106,0.395,0.000155876829427869,3,ent-2
1.24594176533903e-08,-5.96479850456791,0.012,0.305,0.000188336557248648,3,atz-1
1.64606388566391e-08,-6.05027224165126,0.012,0.299,0.000248819016956956,3,klo-1
9.669960665893e-12,-6.70555395723897,0.188,0.52,1.46171125425639e-07,3,cpl-1
3.23036260740287e-08,-6.96288521483633,0,0.277,0.000488301611735017,3,fbxc-51
4.47065049373316e-08,-7.05637097110674,0,0.272,0.000675783528632704,3,ttr-52
3.24212902253367e-06,-7.40951186632869,0.106,0.334,0.049008022304619,3,hil-7
1.30495621808613e-08,-7.43504107740047,0,0.289,0.000197257181925899,3,rnst-2
2.28340247901946e-10,-7.66685798827051,0.106,0.44,3.45159118728581e-06,3,cpz-1
4.16254803075201e-07,-8.37145226758619,0.071,0.316,0.00629210760328473,3,clec-196
2.54514579836593e-11,-8.38727867014653,0,0.368,3.84724238880994e-07,3,W04A8.4
4.73429742638607e-10,-8.94010077880952,0.212,0.506,7.15636398972518e-06,3,ttr-50
2.12420283496957e-08,-9.64372583847838,0.012,0.296,0.000321094500534,3,dao-2
7.08273403355791e-46,5.49853194001163,0.324,0.01,1.07062607651261e-41,4,T09B9.5
5.95333129972409e-40,4.58880697825244,0.309,0.012,8.99905559266293e-36,4,clec-33
5.22845041622728e-39,4.25006600003431,0.353,0.02,7.90332564916916e-35,4,chil-25
1.18229369685922e-72,4.13789586161732,0.647,0.038,1.7871551521724e-68,4,glc-1
3.80066808749816e-45,4.13423899025212,0.338,0.012,5.74508988106221e-41,4,sysm-1
2.74752822994564e-55,4.0890128960034,0.471,0.023,4.15316367238582e-51,4,clec-167
7.81429137212393e-45,3.70754549791671,0.515,0.046,1.18120828381025e-40,4,nspg-11
1.05911540831606e-11,3.63908209510603,0.25,0.046,1.60095885121056e-07,4,C53A5.9
6.15100717650668e-30,3.56419258637871,0.544,0.087,9.2978624480075e-26,4,Y46G5A.20
1.76739424793477e-29,3.5344064689011,0.294,0.02,2.6715931451782e-25,4,clec-24
1.80858535872657e-23,3.53307764553404,0.294,0.029,2.73385762825109e-19,4,F17C11.13
6.33822541118439e-50,3.53198770523267,0.471,0.029,9.58086153154632e-46,4,T01C8.3
3.73195719824212e-61,3.50756290814753,0.882,0.127,5.6412265008628e-57,4,ZC250.4
6.89378740302634e-66,3.47458138372266,0.632,0.042,1.04206490384146e-61,4,F13H6.5
5.57572752630817e-38,3.10857143727102,0.456,0.042,8.42826972876743e-34,4,clec-160
1.80730473997742e-42,3.10752545453435,0.471,0.038,2.73192184494987e-38,4,clec-28
1.25129099232374e-22,3.06144971166244,0.265,0.023,1.89145146399657e-18,4,gst-23
2.70303535248336e-30,3.00365938982299,0.368,0.034,4.08590823881385e-26,4,T25G12.6
7.60457538024963e-25,2.99766923940112,0.368,0.045,1.14950761447853e-20,4,F38A1.9
6.80318564191574e-40,2.86052010528188,0.956,0.286,1.02836954163198e-35,4,T01D3.6
3.31954235423762e-22,2.83426789983299,0.279,0.026,5.01782022266558e-18,4,srw-1
4.6337450241459e-25,2.79691588414038,0.397,0.051,7.00436897849895e-21,4,C08B6.10
5.81721095832568e-35,2.77213760506076,0.662,0.115,8.7932960846051e-31,4,F52E1.14
7.30100757315116e-23,2.76704046756716,0.426,0.068,1.10362030475753e-18,4,C49C3.9
1.85250326539303e-15,2.73674366250234,0.25,0.034,2.8002439359681e-11,4,clec-169
4.45487430360134e-39,2.70887830643463,0.529,0.057,6.73398799732378e-35,4,nspg-12
1.3575166578565e-19,2.69995129158805,0.324,0.044,2.05202218001588e-15,4,F14F9.2
2.74147388681507e-49,2.68740995316769,0.588,0.053,4.14401192730966e-45,4,fil-1
1.90946686735924e-26,2.67545069488856,0.544,0.102,2.88635011670022e-22,4,C08E8.4
1.65488718932359e-14,2.63255840519341,0.353,0.073,2.50152747538153e-10,4,ghi-1
4.71145525822308e-30,2.58414776325149,0.794,0.216,7.12183576833001e-26,4,oac-14
2.4189726206498e-14,2.58346365510402,0.353,0.076,3.65651901337424e-10,4,Y40C7B.4
2.76827983725023e-46,2.56163695414957,0.721,0.102,4.18453180198745e-42,4,M02B7.2
5.15998014487912e-50,2.54133164318026,0.824,0.126,7.79982598699928e-46,4,F49F1.5
1.64892260750749e-31,2.5196878707373,0.382,0.036,2.49251141350832e-27,4,C05G5.7
4.22261986076006e-41,2.50717672138205,0.882,0.238,6.3829121815249e-37,4,cbl-1
4.33277066158802e-51,2.50162553860433,0.956,0.172,6.54941613205646e-47,4,F21D5.3
8.8187792159479e-14,2.39283864104542,0.265,0.043,1.33304666628268e-09,4,dolk-1
1.01195837462234e-23,2.35895543971233,0.25,0.019,1.52967627907913e-19,4,ser-3
1.66882011715122e-23,2.35617897417195,0.294,0.028,2.52258848908578e-19,4,clec-34
1.06610799435929e-17,2.33954517668224,0.353,0.058,1.6115288442735e-13,4,F31D4.8
7.95707441486418e-26,2.33645324802717,0.309,0.028,1.20279136855087e-21,4,lon-8
1.30581663894228e-12,2.3072449569411,0.309,0.065,1.97387243142515e-08,4,Y65B4A.4
1.37279141422812e-24,2.30256684683677,0.456,0.073,2.07511150174723e-20,4,F57B9.3
3.00234972838341e-12,2.26986485524294,0.279,0.055,4.53835184942436e-08,4,lsl-1
5.29074338780586e-16,2.24042142003785,0.279,0.042,7.99748770500734e-12,4,F54F11.1
1.85193414087594e-30,2.23946800398016,0.662,0.126,2.79938364734807e-26,4,F58G6.3
1.60426768573444e-24,2.22995721697932,0.574,0.12,2.42501103375618e-20,4,trpl-5
6.73152141068281e-44,2.22777790051333,0.868,0.174,1.01753677643881e-39,4,acox-1.5
2.33592207144068e-17,2.22495417835979,0.412,0.082,3.53097980318973e-13,4,F58G6.7
1.2499719833347e-33,2.2107242064499,0.5,0.058,1.88945765000873e-29,4,clec-37
5.12547168279396e-17,2.14640600070641,0.485,0.131,7.74766299571135e-13,4,fbxa-6
2.43738955154637e-15,2.13328221867023,0.353,0.067,3.68435804611749e-11,4,cyp-35A1
1.34794365844952e-23,2.12748040895706,0.441,0.071,2.03755163411229e-19,4,T26H5.14
4.08202736894747e-29,2.12538888875218,0.309,0.023,6.170392570901e-25,4,clec-25
2.19231890716193e-30,2.11111703830295,0.397,0.04,3.31390926006598e-26,4,clec-36
3.78282822465374e-15,2.08478614201944,0.294,0.049,5.71812314438659e-11,4,cyp-25A4
6.14393984636856e-16,2.07312553974914,0.368,0.072,9.28717947177071e-12,4,F23G4.1
8.01389621578933e-25,2.05409493536539,0.618,0.139,1.21138055197871e-20,4,oac-57
6.67468513106772e-24,2.05014255236448,0.618,0.146,1.0089454044122e-19,4,C05G5.1
1.1119849604812e-42,2.00868275476997,1,0.22,1.68087646626337e-38,4,ctsa-1.2
3.48304765986501e-23,1.89682601839628,0.471,0.079,5.26497484265195e-19,4,K10D11.3
1.61883305782026e-17,1.81700746019082,0.471,0.108,2.4470280502011e-13,4,H43E16.1
1.79182140105622e-08,1.81527869475146,0.294,0.086,0.000270851722983658,4,xtr-1
1.4484855340777e-18,1.74581083437659,0.515,0.121,2.18953073331185e-14,4,C49G7.7
8.54436119722319e-19,1.69203025001641,0.382,0.065,1.29156563857226e-14,4,arrd-3
5.70404701107063e-13,1.63491725691969,0.588,0.21,8.62223746193436e-09,4,gly-19
1.49847786080525e-26,1.61410538868709,1,0.488,2.26509913439321e-22,4,nep-17
4.38506712432821e-19,1.57008832711058,0.588,0.149,6.62846746513453e-15,4,R07E3.4
1.55643382472903e-18,1.55713612747868,0.721,0.246,2.3527053694604e-14,4,ptr-24
1.07659838701352e-15,1.55303485300646,0.559,0.167,1.62738612180963e-11,4,cyp-35A4
6.65732138830086e-28,1.44014082047508,0.912,0.313,1.00632070105556e-23,4,M28.8
2.06739013756073e-23,1.3909602568945,0.529,0.098,3.12506693193679e-19,4,hrg-6
2.74933641329404e-09,1.37572288806837,0.471,0.185,4.15589692233528e-05,4,best-13
3.70074495901319e-12,1.36884007181724,0.632,0.263,5.59404608004433e-08,4,F28B4.3
2.45468697481209e-21,1.36440670284441,0.397,0.062,3.71050483112595e-17,4,cpr-1
7.14445802531303e-24,1.31840634451126,0.647,0.145,1.07995627510632e-19,4,slc-17.4
3.3340596403092e-22,1.31402584648302,0.941,0.383,5.03976455229139e-18,4,ZC204.12
5.03508129389465e-14,1.26283954445358,0.882,0.436,7.61102888385116e-10,4,gst-5
3.20321158828174e-18,1.26240291327169,0.912,0.494,4.84197463684668e-14,4,Y71F9B.9
3.29632804833974e-22,1.25757150050576,1,0.528,4.98272947787035e-18,4,Y119D3B.21
8.33978974328561e-09,1.24555891706087,0.368,0.118,0.000126064261759505,4,clec-174
4.6757070608544e-16,1.18629193263405,0.882,0.382,7.06779879318751e-12,4,C17E7.13
0.000378496508235586,1.17318274546534,0.25,0.106,1,4,Y57G11C.1131
2.14609220717695e-10,1.1424520107698,0.544,0.209,3.24403298036867e-06,4,K10G6.5
2.21490768245631e-37,1.13256071860259,0.75,0.116,3.34805445280096e-33,4,ctsa-4.1
8.70192618667142e-18,1.12632871011537,1,0.512,1.31538316237725e-13,4,asp-3
8.34805012911508e-13,1.08289693313565,0.441,0.116,1.26189125751703e-08,4,pals-34
2.30546157104119e-16,1.05659204932265,0.809,0.285,3.48493571078587e-12,4,mct-4
7.09566787149647e-18,1.05629723621021,0.971,0.564,1.07258115545541e-13,4,gpa-17
4.06709648532129e-10,1.04475879700482,0.529,0.199,6.14782304721167e-06,4,ZC196.5
3.75363155286727e-19,1.01531530418324,0.941,0.389,5.67398945531416e-15,4,Y39G8B.9
5.19516721401005e-06,-1.01413310763397,0.647,0.337,0.078530147606976,4,F26F12.3
2.35849867243367e-18,-1.45207626681155,0.544,0.121,3.56510659325073e-14,4,lec-8
0.000692290888008287,-1.88508137232324,0.426,0.554,1,4,C05A9.2
7.68078534669861e-05,-2.84806128824488,0.279,0.464,1,4,F52A8.1
0.000926121932800902,-3.60174757258312,0.147,0.3,1,4,C18A11.3
0.00390033911752348,-3.82071401919192,0.235,0.341,1,4,clec-83
0.000361098984410622,-3.92540227630341,0.221,0.381,1,4,ent-2
0.00980728459244969,-4.41090245988064,0.147,0.265,1,4,cht-1
0.000181421820208436,-4.45030424640175,0.074,0.262,1,4,ttr-52
0.00127442807643712,-5.01505531909046,0.176,0.325,1,4,R11A5.3
0.0003182996054975,-5.14394679051057,0.118,0.291,1,4,atz-1
3.79872823690341e-06,-5.17137199233181,0.103,0.353,0.057421576029032,4,W04A8.4
1.06742704516223e-05,-5.56328502855146,0.044,0.28,0.161352272146722,4,rnst-2
0.00493582015510587,-5.63176603986584,0.456,0.482,1,4,ttr-50
4.72301149863567e-06,-6.21180557934021,0.029,0.278,0.0713930418133768,4,pbo-4
9.67463208499304e-07,-6.6136294887325,0,0.272,0.0146241738596755,4,fbxc-51
0.00155829819802278,-6.62353982462045,0.162,0.305,1,4,clec-196
8.78038827919807e-07,-8.65707196131786,0.015,0.29,0.0132724349228358,4,dao-2
2.58696515474036e-39,6.54183306719124,0.25,0.006,3.91045652790552e-35,5,pho-8
1.18721450846962e-86,5.79906026919933,0.559,0.013,1.79459345100268e-82,5,F48G7.5
1.74259603224603e-37,4.92804823901211,0.294,0.012,2.63410816234309e-33,5,oac-58
7.30732320353196e-39,4.64450514581332,0.324,0.015,1.10457497544589e-34,5,Y47H10A.3
5.32248107491431e-44,4.63809848701958,0.397,0.022,8.04546239284047e-40,5,aat-6
3.155050996789e-56,4.27665804300626,0.5,0.028,4.76917508674624e-52,5,B0244.5
1.82906775028065e-34,4.20285340706602,0.368,0.029,2.76481881132424e-30,5,clec-80
1.8222218777069e-103,4.20177211871512,0.603,0.009,2.75447059034174e-99,5,K10D11.6
2.2713735391141e-32,4.19639607533862,0.279,0.014,3.43340824172488e-28,5,asah-2
1.17267581319439e-68,4.19278924040897,0.676,0.049,1.77261675922464e-64,5,F46A8.11
4.00109227860166e-72,4.15977118651362,0.544,0.021,6.04805108833426e-68,5,clec-166
7.35013191351703e-64,4.11537695021756,0.779,0.085,1.11104594004723e-59,5,Y47H9C.1
7.18826202488215e-67,4.10526286198924,0.529,0.023,1.08657768768119e-62,5,C30G12.2
4.86373806734512e-36,4.03199910468891,0.368,0.025,7.35202646259888e-32,5,skr-5
7.73548155130461e-43,3.9780026189277,0.397,0.023,1.1692953912952e-38,5,Y48A6B.8
1.20860574048589e-71,3.94334874062086,0.529,0.019,1.82692843731847e-67,5,clec-42
2.06950066125746e-23,3.86585077879241,0.294,0.029,3.12825719955678e-19,5,fbxa-29
5.22777444806251e-79,3.79067349733338,0.926,0.099,7.90230385569129e-75,5,tag-10
7.32982980722843e-88,3.6976291462504,0.956,0.085,1.10797707366065e-83,5,C14C6.5
1.77291022121125e-99,3.64554415493677,0.985,0.078,2.67993109038292e-95,5,F01D5.1
1.86886603471847e-66,3.5920372782751,0.868,0.115,2.82497789808045e-62,5,ltah-1.2
2.28974520813309e-48,3.50502592459507,0.794,0.137,3.46117885661398e-44,5,F53C11.1
5.82263301607741e-52,3.45750616222423,0.279,0.002,8.80149206710262e-48,5,lys-7
3.39397479463614e-76,3.45173114569518,0.75,0.054,5.130332299572e-72,5,fbxa-136
4.14416143543281e-65,3.3699118120741,0.794,0.084,6.26431442580023e-61,5,H43E16.1
1.13230030460708e-81,3.35165756813893,0.971,0.099,1.71158514044406e-77,5,ctsa-4.1
6.9084261390352e-46,3.33902834318215,0.632,0.074,1.04427769517656e-41,5,K11H3.5
1.70677022244164e-42,3.33615760541746,0.338,0.014,2.57995386824278e-38,5,elp-1
5.49720276270749e-79,3.31653389485138,0.853,0.078,8.30957169610865e-75,5,C31H5.6
2.33122042928044e-51,3.29002001856426,0.897,0.178,3.52387280090032e-47,5,folt-2
5.00466017324652e-50,3.26904681557562,0.794,0.125,7.56504431787944e-46,5,C01B9.1
1.22785021892708e-53,3.23814993448214,0.544,0.04,1.85601839093017e-49,5,F49F1.7
2.92639251320666e-17,3.21724742018366,0.279,0.039,4.42353492296319e-13,5,B0244.6
1.55012248228645e-70,3.18611400407247,0.985,0.137,2.3431651442242e-66,5,Y32F6A.5
1.18447455720901e-56,3.1723484731353,1,0.224,1.79045174067714e-52,5,ctsa-4.2
5.12202002624242e-15,3.13937202629597,0.294,0.051,7.74244547166805e-11,5,irg-4
1.23357670952998e-34,3.06621162131314,0.279,0.012,1.86467455412552e-30,5,F01D5.2
1.09710401217511e-69,3.03958967668066,0.779,0.071,1.65838242480389e-65,5,ent-7
3.35282524586145e-61,3.03284379629478,0.75,0.079,5.06813064164417e-57,5,Y39G8B.10
6.55969833686483e-45,3.02370147526677,1,0.302,9.91564000600488e-41,5,dod-19
7.2190087342299e-77,3.01332816553754,0.779,0.056,1.09122536026619e-72,5,K10D11.3
1.95142039433757e-63,3.01244625969065,0.471,0.017,2.94976706808067e-59,5,K10D11.5
6.95303838664349e-72,2.99446432289937,0.971,0.12,1.05102128252503e-67,5,slc-17.4
7.0640986820421e-25,2.94258407980508,0.279,0.023,1.06780915677748e-20,5,R12A1.3
4.19394270514456e-21,2.92665382710438,0.338,0.045,6.33956379309652e-17,5,B0281.3
1.52842714797382e-38,2.9264951381454,0.647,0.097,2.31037047687722e-34,5,clec-174
2.21853727165011e-27,2.90386889502432,0.279,0.02,3.35354093982631e-23,5,clec-76
9.91720894242805e-23,2.9029931003259,0.441,0.075,1.49908530373742e-18,5,C13B4.1
3.42577508769163e-53,2.85963993210336,0.603,0.053,5.17840162255467e-49,5,snt-5
8.58717716500126e-14,2.83724911624586,0.25,0.039,1.29803770026159e-09,5,fbxa-189
5.42327324810023e-23,2.83079727732635,0.441,0.074,8.19781984182831e-19,5,acox-1.3
1.82717920247944e-57,2.80817575139546,0.985,0.17,2.76196408246793e-53,5,F21D5.3
5.54783353864098e-46,2.79495886995583,0.618,0.073,8.38610517700971e-42,5,E02H4.7
2.6903751430932e-20,2.79322862375673,0.25,0.023,4.06677106629968e-16,5,B0244.4
8.94288329116089e-51,2.79259710567918,0.647,0.067,1.35180623829188e-46,5,slc-17.3
3.47227219484695e-52,2.77664599921842,1,0.22,5.24868664973065e-48,5,ctsa-1.2
1.83995645123462e-20,2.77032072791288,0.368,0.056,2.78127817168625e-16,5,dct-17
7.78608751251982e-37,2.76524736278176,1,0.402,1.1769449883925e-32,5,ctsa-2
2.27181383343292e-16,2.75955919671831,0.294,0.044,3.4340737906172e-12,5,C34H4.1
2.64501377607275e-44,2.75549767200241,0.985,0.272,3.99820282391157e-40,5,mct-4
3.78006624669184e-47,2.73612861956656,0.809,0.127,5.71394813849938e-43,5,F49F1.5
9.16640445346033e-41,2.71351152067908,1,0.376,1.38559369718506e-36,5,clec-17
7.01880963581189e-23,2.68579244619141,0.897,0.4,1.06096326454932e-18,5,ugt-26
7.6947622711583e-93,2.68342777250229,0.897,0.06,1.16314026490829e-88,5,F01D5.5
4.12166712485017e-28,2.59543752206653,0.456,0.063,6.23031202592351e-24,5,fil-1
1.00945400498207e-46,2.58376962395962,0.853,0.171,1.5258906739309e-42,5,ifc-1
1.61059761307938e-37,2.57350998007201,0.971,0.381,2.4345793519308e-33,5,ZC204.12
6.00882003214981e-39,2.44173020800601,1,0.384,9.08293236059766e-35,5,Y39G8B.9
3.53404185844685e-40,2.41942351297886,0.559,0.063,5.34205767322825e-36,5,faah-3
1.74754825650836e-09,2.37668962945967,0.294,0.075,2.64159394453803e-05,5,daf-36
2.04739029748057e-14,2.28813478553244,0.265,0.041,3.09483517367163e-10,5,F43C9.1
9.87673720340861e-34,2.27563355815093,1,0.528,1.49296759566725e-29,5,Y119D3B.21
7.3939464965216e-37,2.26296079864423,0.647,0.096,1.11766895241421e-32,5,F55G11.2
8.13081278235964e-35,2.14124992738061,0.912,0.257,1.22905366018148e-30,5,slc-17.6
3.22109419898431e-31,2.09404648729575,1,0.488,4.86900599118469e-27,5,nep-17
3.29041948616217e-15,2.00556351236145,0.412,0.097,4.97379809528273e-11,5,Y46G5A.20
1.50603739963532e-32,1.96737441230642,0.471,0.056,2.27652613328875e-28,5,cpr-1
1.99697452979221e-37,1.93802784090578,0.765,0.136,3.01862669923391e-33,5,ZC250.4
5.50610974440971e-16,1.91725081700495,0.368,0.072,8.32303548964972e-12,5,F23G4.1
9.45655951071379e-27,1.85525373641685,0.868,0.354,1.4294535356395e-22,5,gst-36
3.71046062462823e-16,1.84335191875401,0.676,0.225,5.60873228018803e-12,5,oac-14
2.95006293646915e-18,1.83606328043898,0.529,0.136,4.45931513476676e-14,5,F58G6.3
1.06358402934469e-10,1.8049277674575,0.338,0.087,1.60771361875743e-06,5,F58G6.7
2.83175819484961e-33,1.79464891770614,0.882,0.238,4.28048568733468e-29,5,cbl-1
7.82281199413287e-35,1.78681023081294,0.824,0.178,1.18249626103312e-30,5,acox-1.5
4.0328270773793e-20,1.77986466971169,0.647,0.181,6.09602141016654e-16,5,C14C11.4
9.7946439017482e-25,1.73969303251315,0.971,0.615,1.48055837218826e-20,5,nlt-1
1.62084626174037e-29,1.72432120693716,1,0.512,2.45007120924674e-25,5,asp-3
4.2170169623941e-09,1.68971489717534,0.397,0.129,6.37444284035493e-05,5,smf-3
3.03215727445257e-08,1.68465962870314,0.265,0.072,0.00045834089360625,5,Y38H6C.23
1.06370126522047e-13,1.58288376270442,0.426,0.108,1.60789083250726e-09,5,C25D7.5
9.5188255525762e-25,1.57046411792799,0.941,0.46,1.43886567052742e-20,5,ampd-1
7.32322828879029e-07,1.56999881134644,0.265,0.081,0.0110697918813354,5,C49C3.9
7.32734713112989e-18,1.49046002649039,0.485,0.106,1.10760179234159e-13,5,C08E8.4
1.45243589325645e-20,1.44838818968203,1,0.589,2.19550209624645e-16,5,lec-9
1.9073608883693e-20,1.32744027883449,1,0.551,2.88316671885904e-16,5,asp-1
5.30872197171542e-23,1.32376704339071,0.882,0.276,8.02466413244502e-19,5,clec-63
3.5007243013996e-07,1.25944174570405,0.25,0.07,0.00529169485399564,5,Y65B4A.4
1.28142820128014e-15,1.22883466317221,0.926,0.626,1.93700686905506e-11,5,gdh-1
3.20471749120183e-14,1.19983913957718,0.456,0.114,4.84425095970068e-10,5,clec-52
1.04330272330799e-12,1.18215133167997,0.544,0.171,1.57705639655235e-08,5,K08D8.4
1.57122263778907e-07,1.17357167156625,0.368,0.128,0.00237506013928196,5,M02B7.2
2.10732546145068e-10,1.17311023148993,0.441,0.142,3.18543316752884e-06,5,clec-65
1.86772426950603e-08,1.16407033050396,0.382,0.127,0.000282325200578532,5,F23F12.13
2.42717605132182e-22,1.16262464621017,0.971,0.351,3.66891931917806e-18,5,ctsa-3.1
4.41731205031783e-21,1.13396915249015,0.353,0.046,6.67720889526043e-17,5,F38A1.9
2.59991083914061e-29,1.12852093151751,0.971,0.285,3.93002522444495e-25,5,T01D3.6
5.54280524548403e-16,1.10028920133753,0.985,0.743,8.37850440907366e-12,5,act-5
2.42312619258178e-13,1.08646864341356,0.838,0.405,3.66279755270662e-09,5,pmp-4
7.91605931713483e-17,1.08646788834692,0.868,0.39,1.1965915263781e-12,5,itr-1
1.83095463501071e-05,1.04682143946307,0.25,0.089,0.276767102628219,5,gba-4
4.56314542203605e-19,1.03569979548433,0.985,0.708,6.89765061994969e-15,5,vha-17
7.08982247506738e-13,1.00983260958996,0.838,0.468,1.07169756533118e-08,5,W07G4.5
3.44440199393835e-05,-1.22427436469707,0.368,0.149,0.52065580540372,5,ccch-1
1.08696221757601e-24,-1.33660042730921,0.426,0.057,1.64305208808789e-20,5,C15H9.11
0.0030993921261807,-1.7702091327453,0.294,0.429,1,5,rpoa-1
0.00235025142434326,-1.84372292039856,0.456,0.529,1,5,Y71F9B.9
0.00125340084897013,-1.84643583003096,0.632,0.608,1,5,cyn-3
0.000352770357525781,-1.91467172029971,0.544,0.587,1,5,H06I04.3
0.00373902927725781,-1.9404430316954,0.294,0.424,1,5,tres-1
0.0017246174914121,-1.99806557023205,0.382,0.481,1,5,utp-20
0.00139606991294671,-1.99856296203656,0.574,0.598,1,5,top-1
3.31341776135812e-15,-2.15510574954235,0.294,0.045,5.00856228806894e-11,5,F01G10.6
2.5226255475895e-14,-2.30771973933482,0.824,0.844,3.81320077773629e-10,5,hsp-90
0.000331276424780815,-2.33418043663439,0.397,0.496,1,5,T10B5.3
3.68039872988877e-05,-3.60331736892587,0.103,0.33,0.556329072009987,5,R11A5.3
8.88065012526043e-06,-3.687155302592,0.059,0.307,0.134239907293437,5,C18A11.3
0.00625584800127003,-3.78811905244162,0.206,0.329,1,5,F44E5.5
7.24360914247109e-06,-4.29555079208972,0.029,0.276,0.109494395797593,5,C54D10.13
6.77083921502376e-05,-4.4581376167312,0.044,0.253,1,5,F22B7.9
7.42757741776862e-07,-5.07300579435081,0.015,0.296,0.011227526024699,5,PDB1.1
7.72002961726622e-07,-5.27874897724265,0.015,0.294,0.0116695967694596,5,klo-1
4.20903286536213e-06,-5.32655613784615,0.029,0.281,0.063623740792814,5,rnst-2
9.74776101286453e-06,-5.33583094078989,0.015,0.251,0.14734715547046,5,his-5
3.17161292161243e-08,-6.25136567584437,0.029,0.359,0.000479421009230935,5,W04A8.4
1.74596889835386e-06,-6.37037032372994,0.015,0.279,0.0263920658675169,5,pbo-4
3.63115211669645e-06,-6.38871656542439,0.015,0.266,0.0548884953959835,5,ttr-52
9.67463208499304e-07,-6.6136294887325,0,0.272,0.0146241738596755,5,fbxc-51
2.72291314264713e-05,-7.47848399949856,0.088,0.31,0.411595550642541,5,clec-196
1.73489315178044e-07,-7.51230740452414,0,0.3,0.00262246448823131,5,atz-1
2.64700738162233e-06,-7.58206982842994,0.029,0.289,0.0400121635806031,5,dao-2
1.48343353943013e-11,-7.682530129224,0.118,0.519,2.24235813820258e-07,5,cpl-1
2.63197474546713e-10,-8.76762636193939,0,0.397,3.97849302524812e-06,5,ent-2
1.44590371060941e-09,-9.27335624751449,0.074,0.436,2.18562804895719e-05,5,cpz-1
1.71504416467566e-08,-9.54063041733372,0.206,0.501,0.000259246075932373,5,ttr-50
7.35224094044564e-83,5.64934903087394,0.939,0.102,1.11136474055776e-78,6,C25F9.11
5.03510122166235e-72,5.5767116389448,0.848,0.091,7.61105900666481e-68,6,C08E3.1
2.54608867360011e-44,5.17671513829395,0.333,0.012,3.84866763901393e-40,6,C36C9.11
6.0688105294077e-80,4.9586670308667,0.788,0.058,9.17361399625268e-76,6,C25F9.16
6.81698870725772e-58,4.90966346094349,0.636,0.057,1.03045601298908e-53,6,Y43F8B.24
1.23858928110064e-36,4.90397258922504,0.318,0.017,1.87225155731174e-32,6,C36C9.12
1.20228681796498e-84,4.78158224910044,0.591,0.018,1.81737675403586e-80,6,F10A3.4
3.83585447544026e-95,4.63589105684646,0.758,0.034,5.79827762507549e-91,6,B0035.13
7.10649792269973e-103,4.55404875306063,0.924,0.059,1.07421822599529e-98,6,srw-86
6.81322912774111e-43,4.5029221355575,0.318,0.011,1.02988771494935e-38,6,C08E3.13
1.39375495269555e-48,4.45652018706863,0.439,0.024,2.1067999864946e-44,6,C25F9.4
1.44102868129914e-24,4.37214334711344,0.455,0.076,2.17825895465178e-20,6,F53A9.1
2.73267387416227e-26,4.283506889402,0.348,0.037,4.13070982818368e-22,6,H20E11.2
2.02332271604613e-73,4.20053968591698,0.697,0.044,3.05845461757533e-69,6,K10G4.3
3.36570405160193e-50,4.06611550448433,0.515,0.037,5.08759824440148e-46,6,C25F9.9
1.28335178831933e-53,4.04637356939386,0.742,0.091,1.9399145632235e-49,6,C25F9.12
1.99577483152054e-38,4.03763123964502,0.455,0.041,3.01681323532644e-34,6,C50B6.7
4.59247781505736e-45,4.01943475654509,0.409,0.022,6.9419894652407e-41,6,F13B6.2
7.55105133742806e-44,4.01314732922737,0.5,0.043,1.14141692016562e-39,6,C25F9.15
1.24808624171473e-56,3.98603802397062,0.788,0.105,1.88660716297598e-52,6,K11H12.4
6.24610561141004e-43,3.97382385967492,0.379,0.02,9.44161324220742e-39,6,sdz-24
4.10652226660756e-48,3.80215805529849,0.364,0.013,6.20741905820398e-44,6,glna-2
1.60122479571202e-38,3.79851791643488,0.394,0.028,2.42041140119829e-34,6,H20E11.1
3.41294363919239e-33,3.77841535059905,0.273,0.012,5.15900560500322e-29,6,T15B7.1
1.03973371736889e-75,3.77522190601837,0.894,0.094,1.57166148717481e-71,6,Y43F8B.13
4.79026933137294e-33,3.7623185999588,0.652,0.121,7.24097112130333e-29,6,F22H10.2
3.69469898331305e-69,3.71398939016451,0.848,0.091,5.584906983176e-65,6,Y43F8B.14
3.3201475153897e-45,3.69020141608856,0.455,0.031,5.01873498426306e-41,6,C36C9.6
8.57299888024667e-27,3.68604511706453,0.333,0.032,1.29589451073809e-22,6,Y34B4A.10
5.79492426674586e-65,3.61590819316478,0.833,0.095,8.75960752161304e-61,6,C49A9.5
2.50502708624216e-34,3.61378505306591,0.303,0.015,3.78659894356364e-30,6,Y69A2AL.2
2.16419268161399e-45,3.61076210731889,0.576,0.057,3.27139365752771e-41,6,T21H3.1
2.73219645173263e-48,3.60849804008087,0.576,0.052,4.12998815643904e-44,6,ZK250.13
3.69178589838086e-42,3.5500656274883,0.576,0.065,5.58050356399251e-38,6,R10E8.6
4.55202418422514e-48,3.51087918221108,0.636,0.068,6.88083975687471e-44,6,pcp-2
7.88258807732512e-50,3.48033726607649,0.833,0.144,1.19153201376847e-45,6,F42A10.6
1.03106105267081e-21,3.44116802353723,0.47,0.093,1.5585518872172e-17,6,ckc-1
1.85852916553572e-40,3.41782569506467,0.485,0.043,2.8093526866238e-36,6,hpo-6
2.5659660257941e-24,3.35689578704832,0.394,0.054,3.87871424459037e-20,6,Y105C5A.13
1.05546220210343e-13,3.35481281301222,0.303,0.061,1.59543666469954e-09,6,K05F1.10
3.88623639420019e-12,3.3470471784041,0.273,0.055,5.87443493347301e-08,6,F28H7.2
2.78354753677088e-39,3.33743827489003,0.667,0.11,4.20761045658287e-35,6,nhr-99
7.44843940552143e-39,3.33034083298774,0.455,0.04,1.12590610053862e-34,6,fbxa-157
9.95412480853781e-42,3.24016914618003,0.591,0.07,1.50466550605858e-37,6,C18H7.11
1.30641157672303e-45,3.17816687985088,0.712,0.104,1.97477173937454e-41,6,clec-48
2.31486065869797e-20,3.16501295182549,0.409,0.075,3.49914337168785e-16,6,tsp-2
2.45525852729922e-39,3.15546454934732,0.788,0.154,3.71136878986551e-35,6,K08D8.4
8.16467255759121e-18,3.14778906977733,0.303,0.044,1.23417190380549e-13,6,C34H4.1
1.56820271744962e-35,3.14004341461865,0.667,0.121,2.37049522769685e-31,6,F28H7.3
1.27254922791934e-49,3.1300800696841,0.864,0.16,1.92358541292287e-45,6,math-4
7.07033465870378e-55,2.97306681989387,1,0.207,1.06875178700966e-50,6,pbo-4
9.3804753310124e-49,2.95155789492068,0.833,0.137,1.41795265103583e-44,6,fbxa-156
6.888185643882e-39,2.93493489865591,0.879,0.225,1.0412181419292e-34,6,aex-5
1.2648062689572e-34,2.91387594601727,0.667,0.116,1.9118811561557e-30,6,abt-4
1.6153480364231e-13,2.89019182795449,0.303,0.059,2.44176009185715e-09,6,ZC262.13
3.57793509765078e-28,2.88808065286536,0.561,0.099,5.40840669360892e-24,6,C25D7.5
8.6924146488572e-28,2.88538890672773,0.515,0.085,1.31394539832125e-23,6,Y17D7C.2
2.51398764224658e-17,2.87218280256845,0.864,0.438,3.80014372001993e-13,6,gst-5
2.83534121732258e-17,2.85999715300424,0.333,0.056,4.28590178410481e-13,6,C50F4.9
2.52588283519335e-12,2.85405180521567,0.288,0.059,3.81812449367827e-08,6,bus-19
2.45327001471851e-15,2.68830018880135,0.576,0.196,3.7083629542485e-11,6,Y38H6C.24
2.81830789157141e-19,2.64789748769637,0.47,0.1,4.26015420889935e-15,6,T19C9.8
2.08553930113302e-26,2.49315725038939,0.712,0.198,3.15250120759267e-22,6,M04C3.5
2.34616056351457e-14,2.38648777797465,0.364,0.076,3.54645630780863e-10,6,F14D7.6
9.20179530923806e-53,2.38292063378384,0.788,0.104,1.39094337894442e-48,6,E02H4.4
1.25320592141785e-35,2.36325994244894,1,0.421,1.89434607081523e-31,6,irg-7
2.11151183643836e-16,2.21833868733744,0.348,0.063,3.19176129196022e-12,6,F42A10.7
7.8647124537002e-20,2.16245464415422,0.561,0.138,1.18882993450132e-15,6,bath-47
1.16037108632695e-21,2.14223158906662,0.424,0.073,1.75401693409181e-17,6,T26H5.14
1.66324019110897e-43,2.13727027095102,0.833,0.144,2.51415387288031e-39,6,lipl-2
4.13092529470224e-11,2.05789924257852,0.5,0.192,6.2443066754719e-07,6,Y54G2A.45
7.94270866147285e-12,2.01706352788844,0.273,0.053,1.20061984126824e-07,6,irg-4
5.5160573703864e-34,2.0076605875763,0.924,0.239,8.33807232107609e-30,6,ttr-44
8.59436243197292e-25,1.95022391421737,0.53,0.099,1.29912382521703e-20,6,clec-84
3.27339354493463e-34,1.93678360986788,0.955,0.289,4.94806168252318e-30,6,clec-83
5.17233766781367e-32,1.8317713727491,1,0.377,7.81850561866714e-28,6,T25C12.3
4.95140506408795e-20,1.80839876245252,0.53,0.117,7.48454389487535e-16,6,Y39B6A.1
1.75279477908197e-09,1.73696242762101,0.53,0.21,2.6495245880603e-05,6,K10G6.5
1.94693672771544e-18,1.71235834922024,0.606,0.164,2.94298955761466e-14,6,drd-5
8.12307851728221e-30,1.67542225076174,0.909,0.244,1.22788454867238e-25,6,C18A11.3
6.9074489446405e-16,1.6598853782804,0.515,0.134,1.04412998247186e-11,6,lipl-5
1.64677930425661e-25,1.63333585332989,0.939,0.349,2.4892715963143e-21,6,C12D12.1
5.4756184735681e-27,1.62896967514456,1,0.59,8.27694488464554e-23,6,lec-9
1.27534777416118e-09,1.62509208194959,0.348,0.101,1.92781569542204e-05,6,nhr-208
1.12838892319378e-07,1.60408608768888,0.348,0.123,0.00170567269629971,6,aex-4
2.92597067915592e-34,1.59220651292224,0.758,0.145,4.42289727861209e-30,6,T28F3.8
9.81456449056968e-16,1.59170177906344,0.379,0.075,1.48356956839451e-11,6,F55G1.15
2.36439138271957e-28,1.57156586237399,0.97,0.306,3.5740140141189e-24,6,dod-19
9.82285592815263e-12,1.56389844459327,0.561,0.202,1.48482290209955e-07,6,clec-265
4.69641689364008e-15,1.5486396803875,0.848,0.468,7.09910377642635e-11,6,W07G4.5
6.35365304804644e-16,1.53981439890778,0.864,0.431,9.604181947427e-12,6,cgt-1
1.42553590344984e-21,1.53870907092941,0.621,0.151,2.15484007165477e-17,6,F53C11.1
2.67753786512952e-07,1.50390417287565,0.424,0.181,0.00404736623692978,6,F08G12.5
3.33966980849624e-11,1.5022679743902,0.364,0.095,5.04824488252291e-07,6,K11H3.5
1.90402821475394e-23,1.47608145905105,1,0.552,2.87812904942205e-19,6,asp-1
3.97331475017923e-13,1.43885691963889,0.47,0.139,6.00606257637093e-09,6,scl-2
1.16244470839394e-07,1.40920581913737,0.348,0.122,0.00175715142120828,6,clec-52
5.9702456902435e-19,1.37263035919179,0.394,0.065,9.02462338537208e-15,6,tsp-10
3.32134339745419e-20,1.30760784980075,0.924,0.387,5.02054267959176e-16,6,itr-1
4.30604019618077e-22,1.29904434046685,1,0.51,6.50901036054686e-18,6,spp-5
3.37206621320735e-11,1.29080261337282,0.545,0.196,5.09721528788423e-07,6,F54D5.4
2.23367538390531e-18,1.26354588484362,0.833,0.352,3.37642371031126e-14,6,lmp-2
4.31583092342276e-14,1.23348456623042,0.561,0.173,6.52381002384584e-10,6,K07G5.5
1.1639306805818e-10,1.15999464925749,0.727,0.33,1.75939761676744e-06,6,ZK1320.2
9.01043861173566e-17,1.1391137409039,0.909,0.355,1.36201790054996e-12,6,asp-6
7.34327866136423e-17,1.1315572258645,0.97,0.469,1.11001000245182e-12,6,M01G12.9
6.09455133994815e-11,1.07424801702464,0.894,0.567,9.21252380546563e-07,6,pqm-1
2.15827422953109e-18,1.06786895600064,0.636,0.17,3.26244732535919e-14,6,Y51H4A.24
1.26212333113562e-17,1.04753297016785,0.924,0.363,1.90782562734461e-13,6,T19D12.1
1.38785545184056e-20,1.00379822717107,1,0.923,2.0978823010022e-16,6,ant-1.1
0.000443942233834275,-1.03222413271947,1,0.862,1,6,nduo-4
0.0083314836443232,-1.20615553556083,0.788,0.419,1,6,ctsa-2
0.00802580378555349,-1.38970593285149,0.545,0.587,1,6,H06I04.3
1.83397771128506e-11,-1.67638783994642,0.273,0.052,2.77224070837849e-07,6,F53A9.8
0.0069851230011998,-1.7620418138802,0.53,0.588,1,6,apy-1
0.00502980076081196,-1.78327956758974,0.485,0.551,1,6,B0416.5
0.0030234730781407,-1.80138575206443,0.364,0.482,1,6,utp-20
0.000998396721092189,-1.82281466503261,0.591,0.611,1,6,cyn-3
0.00210195109720074,-1.93989709177239,0.318,0.47,1,6,F17A9.4
0.000284429632937031,-2.10476547837028,0.455,0.607,1,6,egl-30
0.00675093228342224,-2.20209588647721,0.318,0.422,1,6,tres-1
0.000322073773897109,-2.42286654912391,0.318,0.487,1,6,F56H9.2
0.00131135898903982,-2.94906586232229,0.106,0.27,1,6,C54D10.13
7.02460393678618e-05,-3.07266750885056,0.273,0.464,1,6,F52A8.1
0.00191724064041426,-4.04984038711486,0.152,0.298,1,6,F28B4.3
3.75668950306228e-07,-5.94880133440919,0,0.294,0.00567861185282895,6,klo-1
4.16026413677405e-06,-6.1535319988501,0.015,0.27,0.0628865526914765,6,fbxc-51
8.16134490711417e-07,-6.65235104480304,0.015,0.298,0.0123366889615938,6,atz-1
1.83959900344201e-06,-6.66086527586635,0,0.267,0.0278073785360294,6,ttr-52
0.000344916451341253,-6.82250163328805,0.136,0.327,1,6,hil-7
1.82781346466792e-08,-7.01405394101341,0.015,0.359,0.000276292283319203,6,W04A8.4
7.15564976951622e-07,-7.03953538216008,0,0.283,0.0108164801916007,6,rnst-2
8.56413904204755e-06,-7.32097967335144,0.045,0.291,0.129455525759591,6,ctsa-1.2
1.1091185744237e-06,-7.54198700464911,0.167,0.428,0.0167654363709887,6,cpz-1
4.21413458590591e-12,-7.60190793323887,0.076,0.521,6.37008584005537e-08,6,cpl-1
6.95063665500343e-06,-7.7181998485508,0.061,0.312,0.105065823677032,6,clec-196
1.00053898463037e-05,-8.09622683546311,0.045,0.287,0.151241472916727,6,dao-2
6.68859884271752e-08,-8.6314250017493,0.212,0.5,0.00101104860106518,6,ttr-50
5.01772450135548e-10,-8.72137639280282,0,0.396,7.58479235624894e-06,6,ent-2
8.19602033280237e-24,4.5054674136805,0.262,0.02,1.23891043350641e-19,7,C04E6.12
6.92572355681451e-30,4.26713201306989,0.279,0.015,1.04689237284808e-25,7,nhr-2
1.82035044879008e-30,3.89055187005213,0.377,0.034,2.75164173839109e-26,7,cutl-25
2.31618056949759e-25,3.71762707906642,0.311,0.027,3.50113854885256e-21,7,sdz-33
2.91205044982572e-45,3.45963746427239,0.656,0.076,4.40185545995655e-41,7,T13A10.1
3.53166872323961e-34,3.32650249647765,0.492,0.056,5.33847044204899e-30,7,Y41D4A.3
2.80982555881371e-17,3.24473768456641,0.295,0.041,4.2473323147028e-13,7,Y71F9AL.7
1.13927649713612e-36,3.23470718941353,0.525,0.058,1.72213035307096e-32,7,fbxb-41
1.31588028570715e-50,3.19770591926386,0.77,0.094,1.98908463987492e-46,7,fbxb-8
1.01418169001457e-43,3.18841261379888,0.689,0.087,1.53303704262603e-39,7,his-8
1.48872536080963e-29,3.18157753286149,0.475,0.06,2.25035725539984e-25,7,T02C1.1
7.51001207564427e-28,3.13603100574933,0.459,0.061,1.13521342535439e-23,7,lipl-7
2.03730583298008e-20,3.07730877148292,0.41,0.069,3.0795914971327e-16,7,Y51H4A.1
4.93086332704108e-51,3.05975589214634,0.623,0.053,7.4534930051553e-47,7,swt-3
2.62026276409794e-40,3.05843883819652,0.689,0.1,3.96078919421045e-36,7,ceh-83
3.04356546450211e-23,3.04329297357489,0.361,0.043,4.60065355614139e-19,7,T01G1.2
2.07491112175796e-12,3.04295367186629,0.311,0.066,3.13643565164933e-08,7,ttbk-6
3.85172076497574e-45,2.99167868570521,0.836,0.141,5.82226110833732e-41,7,nhr-205
1.39155096452479e-22,2.92355790004965,0.541,0.115,2.10346843797568e-18,7,nhr-178
4.04321611533686e-38,2.91663143285468,0.557,0.06,6.11172547994319e-34,7,fbxb-66
2.45281077809132e-40,2.91557981500354,0.656,0.093,3.70766877216283e-36,7,ztf-29
3.67743409041756e-24,2.9133224811933,0.377,0.046,5.55880937107518e-20,7,Y71F9AL.25
1.47675594854462e-39,2.90017470908447,0.672,0.097,2.23226429182005e-35,7,R10E9.3
6.94373454954579e-51,2.89349158012648,0.885,0.135,1.04961491450934e-46,7,his-63
8.62772585266437e-35,2.89057279572343,0.623,0.093,1.30416703988875e-30,7,his-67
1.5835539423181e-13,2.88844086992457,0.311,0.06,2.39370013920804e-09,7,comt-2
8.62749442380533e-16,2.87969851169362,0.344,0.061,1.30413205710241e-11,7,fbxb-24
6.65996079924014e-20,2.86433527711679,0.344,0.047,1.00671967441314e-15,7,T21E8.4
7.04236428503183e-63,2.86097681103516,0.869,0.089,1.06452378532541e-58,7,C50F2.4
7.35431809763092e-41,2.86018764066035,0.508,0.046,1.11167872363789e-36,7,aat-4
3.68021832072591e-27,2.83536711381264,0.492,0.072,5.56301801360929e-23,7,Y37A1A.3
7.56699132727199e-52,2.82551606885206,0.836,0.116,1.14382640903043e-47,7,flh-1
8.58396569301964e-47,2.7727641607416,1,0.222,1.29755225415685e-42,7,dao-2
8.24374655864842e-48,2.76721401137924,1,0.231,1.24612472980529e-43,7,atz-1
1.77285745237931e-47,2.7658609083836,0.902,0.158,2.67985132501656e-43,7,his-7
1.91165280486855e-45,2.75158362274883,0.918,0.173,2.8896543798393e-41,7,F42F12.3
2.1005622884667e-49,2.74658228573301,0.951,0.172,3.17520995524627e-45,7,his-18
9.95813142339266e-35,2.74513523739188,0.557,0.071,1.50527114596003e-30,7,Y47G6A.31
4.03934858385065e-15,2.74442674335656,0.361,0.071,6.10587931934864e-11,7,cdr-7
3.14623906702753e-11,2.71703568375146,0.295,0.066,4.75585497371882e-07,7,sptf-2
2.82916811119669e-19,2.68136416748153,0.492,0.11,4.27657051688491e-15,7,ZK742.3
3.15801274672154e-47,2.6799344876205,0.918,0.169,4.77365206794428e-43,7,his-1
5.25727339788941e-49,2.67956336921978,0.967,0.185,7.94689446824963e-45,7,his-5
1.32779446913993e-12,2.67477703887861,0.361,0.083,2.00709411955192e-08,7,mis-12
1.59054131191187e-48,2.64997044332369,0.951,0.183,2.40426224708598e-44,7,C07D10.5
3.5762767153912e-55,2.62101749170521,0.852,0.102,5.40589988298533e-51,7,F36A2.3
3.85664696868111e-45,2.60381495175151,1,0.248,5.82970755785837e-41,7,clec-196
1.86429448322631e-55,2.60355280697402,0.984,0.152,2.81806754084488e-51,7,C10A4.3
7.10435565572765e-47,2.59967414346524,0.77,0.103,1.07389440091979e-42,7,bath-10
6.49299577377796e-51,2.59643063534449,0.803,0.099,9.81481241164277e-47,7,T28C6.10
8.0058359495671e-19,2.58966432587774,0.475,0.101,1.21016216213656e-14,7,twk-46
3.61309128851757e-54,2.58789196803026,1,0.176,5.46154879172316e-50,7,gba-3
9.57671411612506e-17,2.57738074969941,0.344,0.057,1.44761610579346e-12,7,zeel-1
1.08237995107195e-36,2.5767333941058,0.754,0.134,1.63612553404035e-32,7,F59D6.1
2.26028307042173e-12,2.57600056436786,0.377,0.099,3.41664388924949e-08,7,Y57G11C.1131
1.52039387999118e-19,2.56234965530845,0.541,0.13,2.29822738899467e-15,7,fbxa-14
1.11859589840115e-47,2.56204498293234,0.902,0.153,1.69086956002318e-43,7,unc-129
1.27015600281913e-48,2.5613168894661,1,0.203,1.91996781386139e-44,7,fbxc-51
1.32604996228642e-11,2.55544654491923,0.295,0.064,2.00445712299216e-07,7,gip-2
2.11989654296384e-15,2.54875946571688,0.426,0.097,3.20443561434414e-11,7,F17A9.5
7.45170765196293e-26,2.53624896055271,0.475,0.069,1.12640012867072e-21,7,dml-1
4.01449256389181e-57,2.48010574297937,0.967,0.143,6.06830695957886e-53,7,nlp-31
4.5742627556531e-46,2.41132255751693,1,0.198,6.91445558144523e-42,7,ttr-52
6.5662674138535e-14,2.37871717295619,0.279,0.044,9.92556982278095e-10,7,lact-5
7.88410862902854e-35,2.3709023458258,0.951,0.272,1.19176186036395e-30,7,R11A5.3
1.32749812730531e-33,2.33402348054692,1,0.371,2.0066461692347e-29,7,cpz-1
4.27780294938748e-13,2.28358522588262,0.393,0.096,6.46632693829411e-09,7,knl-1
1.19418557335576e-09,2.27617109555029,0.344,0.099,1.80513091268456e-05,7,pole-4
1.93815530328594e-22,2.1872803156662,0.459,0.072,2.92971555644702e-18,7,C10C5.3
7.93605285930097e-10,2.18574880131376,0.295,0.071,1.19961375021193e-05,7,ctf-8
8.5210160504833e-54,2.17569803050423,0.803,0.088,1.28803678619106e-49,7,Y82E9BR.17
6.70788985497287e-49,2.15340628034037,0.934,0.15,1.0139646304777e-44,7,ugt-53
3.6965532293123e-31,2.14564971108345,0.82,0.199,5.58770986142847e-27,7,F22B7.9
2.46983422772905e-29,2.1427580801708,1,0.446,3.73340141863523e-25,7,ttr-50
9.49211145411597e-35,2.14222265910048,0.918,0.231,1.43482756740417e-30,7,klo-1
6.00284827165948e-27,2.14143586324115,0.459,0.06,9.07390544744047e-23,7,tba-9
7.63780777748621e-41,2.13533668354804,0.984,0.216,1.15453102364482e-36,7,rnst-2
1.65677569741739e-36,2.1115407208291,0.885,0.215,2.50438214421613e-32,7,cht-1
2.36209017576091e-30,2.10594259480799,1,0.537,3.57053550968019e-26,7,maoc-1
4.35867761086243e-09,2.08320917159063,0.295,0.077,6.58857707657966e-05,7,srh-25
1.21985350527951e-33,2.05413648653933,0.787,0.152,1.84393055858051e-29,7,C14H10.2
7.89421002417723e-08,2.00947097533219,0.295,0.088,0.00119328878725463,7,C09G4.4
5.34358937693509e-18,1.99682419066426,0.393,0.066,8.07736970217508e-14,7,F36H5.4
1.27362344196802e-17,1.95137247112146,0.557,0.136,1.92520919487887e-13,7,chaf-1
2.44793922271616e-25,1.93978471748345,0.672,0.149,3.70030492905774e-21,7,M79.2
2.50144214627126e-07,1.93622437708913,0.311,0.103,0.00378117994830363,7,mcm-6
3.12810307051322e-08,1.91361190133791,0.262,0.067,0.000472844060138779,7,him-10
7.99959375188892e-10,1.900201972846,0.328,0.088,1.20921859153553e-05,7,pcn-1
4.28736557076143e-11,1.89885556614006,0.279,0.055,6.48078179676297e-07,7,jmjd-3.2
2.26247756042135e-22,1.86702183136793,0.574,0.114,3.41996108033292e-18,7,R09F10.8
2.4080949982656e-07,1.86028429661115,0.262,0.073,0.00364007639937828,7,csc-1
2.22702689818658e-09,1.84639135915645,0.443,0.159,3.36637385929883e-05,7,smc-4
7.6807873850893e-13,1.83721758138953,0.41,0.101,1.1610278211301e-08,7,spdl-1
3.3835569456282e-18,1.8289298568121,0.574,0.15,5.11458467901159e-14,7,cyp-13B1
4.97149656383143e-13,1.78899878715982,0.377,0.085,7.5149142058876e-09,7,div-1
5.11190067322332e-12,1.75246500428732,0.393,0.097,7.72714905764438e-08,7,mdf-2
3.89230487205086e-08,1.74773425574794,0.328,0.1,0.000588360804459208,7,mes-4
8.89165673633793e-26,1.69457262315501,1,0.516,1.34406283226484e-21,7,B0416.5
1.86040468894735e-25,1.69355223897324,1,0.556,2.81218772781281e-21,7,apy-1
1.27530371570897e-26,1.67950314902776,1,0.63,1.92774909666567e-22,7,ech-1.2
5.88435849835727e-11,1.67535527876696,0.279,0.055,8.89479630611685e-07,7,C08F1.6
1.81070792740159e-18,1.65979516961317,0.836,0.377,2.73706610306024e-14,7,lsm-7
5.8766158338648e-21,1.64836007585497,0.852,0.364,8.88309249447002e-17,7,dhs-9
8.39379483912225e-13,1.648323354401,0.459,0.127,1.26880602788172e-08,7,C31H2.4
2.20492091823709e-13,1.64145676943937,0.443,0.117,3.33295846000718e-09,7,cyp-13A1
1.40506687204037e-15,1.6280391201863,0.525,0.139,2.12389908377622e-11,7,hcp-6
1.33990546932798e-24,1.5996118968528,1,0.481,2.02540110743617e-20,7,his-62
9.58671853190576e-08,1.59604464580031,0.328,0.101,0.00144912837328287,7,tost-1
3.18482692623171e-22,1.594235864424,0.705,0.163,4.81418438169185e-18,7,cnc-10
1.02539346559745e-07,1.58738532112647,0.328,0.105,0.00154998476259711,7,ttr-35
4.27515870886507e-24,1.57151743465652,0.672,0.142,6.46232990432044e-20,7,ces-2
1.16186078628466e-26,1.56488811337936,0.689,0.135,1.75626876454789e-22,7,T19D7.6
2.52119144502917e-19,1.55327949414283,0.738,0.227,3.81103298830609e-15,7,C54D10.13
5.79344802019852e-06,1.54747903051448,0.311,0.117,0.0875737602733208,7,arrd-11
3.14635184075648e-22,1.53776549619033,0.885,0.355,4.75602544248749e-18,7,cyn-8
5.20067069302798e-22,1.53632240917693,0.557,0.112,7.8613338195811e-18,7,poml-2
6.97294798858848e-22,1.52268030099233,1,0.611,1.05403081795504e-17,7,W02A2.9
1.40398465065177e-19,1.4975138211722,0.902,0.433,2.12226319792521e-15,7,ncbp-2
4.51349643545818e-19,1.49718294064977,0.918,0.498,6.82260121183858e-15,7,gbh-1
1.95313713725116e-21,1.47425730751086,0.984,0.622,2.95236209666885e-17,7,zip-12
2.07791342340183e-17,1.45872878768967,0.902,0.447,3.1409739308142e-13,7,F56H9.2
1.40045176329389e-23,1.45827251379852,0.984,0.415,2.11692288539504e-19,7,F52A8.1
1.51882155118569e-06,1.44705622141084,0.328,0.122,0.0229585065677228,7,mom-5
2.61757297195088e-06,1.44354305912611,0.262,0.083,0.0395672330440095,7,pri-2
3.07032241675282e-08,1.43278404307175,0.328,0.097,0.000464109936516356,7,cbs-1
2.49372834309723e-23,1.42767704876147,1,0.457,3.76951976342577e-19,7,cpl-1
3.56107873938266e-07,1.37726836544516,0.295,0.091,0.00538292662245083,7,mcm-4
5.42279512588162e-19,1.34904560090141,0.918,0.422,8.19709711228266e-15,7,dhs-2
2.38124810129056e-14,1.28787427116637,0.492,0.125,3.59949462991082e-10,7,zen-4
8.53857904691049e-08,1.28309854155151,0.623,0.346,0.00129069160873099,7,mrps-6
2.74512115217207e-07,1.25438996750636,0.377,0.131,0.00414952513362331,7,cdk-1
1.35888406824203e-06,1.24623181560027,0.295,0.093,0.0205408915755466,7,rnr-1
1.56655571551092e-15,1.24568500552896,0.918,0.567,2.3680056195663e-11,7,pqm-1
1.21960640602066e-15,1.24162640761284,0.902,0.501,1.84355704334083e-11,7,serp-1.2
1.66436227399882e-13,1.16312263267438,0.754,0.36,2.51585001337661e-09,7,rpb-4
2.99363228969498e-29,1.15655815033672,0.967,0.294,4.52517456910293e-25,7,W04A8.4
1.42692509440097e-05,1.15260482084744,0.279,0.1,0.21569399726965,7,aspm-1
1.10384432696154e-17,1.13779177762861,0.918,0.46,1.66857108463507e-13,7,T10B5.3
3.59077174870781e-13,1.08916609481551,0.328,0.061,5.42781057534672e-09,7,asm-1
2.04452962716839e-14,1.07528146518507,0.885,0.475,3.09051098442774e-10,7,F30A10.9
7.80030676583353e-12,1.06361754498341,0.754,0.35,1.1790943707234e-07,7,plin-1
3.14421906153591e-14,1.04147550463402,0.934,0.559,4.75280153341768e-10,7,vwa-8
3.65506119646377e-10,1.01963537293612,0.656,0.335,5.52499050457464e-06,7,pdcd-2
8.09587443787224e-11,1.01700202523253,0.869,0.506,1.22377238002877e-06,7,prx-13
0.00662069448669953,-1.08914263845353,0.918,0.714,1,7,vha-17
0.000975369688640126,-1.19143762811052,0.279,0.124,1,7,tbc-12
0.00878201926414397,-1.40117462825861,0.754,0.646,1,7,prdx-2
0.00596006085354693,-1.4782698609154,0.787,0.634,1,7,Y54G2A.52
0.000227270256476817,-1.64485716894988,0.672,0.663,1,7,nrfl-1
1.74363165470744e-05,-2.03558454550162,0.492,0.599,0.263567360925577,7,gpa-17
0.00981493208901154,-2.03969426043532,0.721,0.634,1,7,nlt-1
2.11214202096824e-05,-2.32793623696074,0.23,0.475,0.319271387889559,7,cgt-1
3.33038906763713e-05,-2.38464247321766,0.656,0.646,0.503421611464028,7,gdh-1
3.20242264780266e-05,-2.62199978517342,0.246,0.464,0.48407820744185,7,mans-2
0.00256762710038231,-2.76190525073244,0.115,0.279,1,7,F49E12.10
3.17713594632748e-07,-2.81012221209703,0.902,0.75,0.00480255869646862,7,act-5
4.7546340296594e-06,-3.02496724958672,0.23,0.504,0.0718710479923314,7,his-35
1.77442562418027e-07,-3.03625515529819,0.262,0.539,0.00268222177351089,7,ile-1
0.00416958998491342,-3.10574427275972,0.311,0.429,1,7,ZC204.12
7.56713559602317e-05,-3.12037924405011,0.049,0.284,1,7,aex-5
1.23159816796534e-07,-3.18345129988017,0.23,0.521,0.0018616837906964,7,M01G12.9
5.26403739303487e-07,-3.25375389035247,0.082,0.405,0.00795711892331151,7,lmp-2
0.00157960482399192,-3.25848488903977,0.361,0.465,1,7,VF13D12L.3
2.27694429193869e-05,-3.30032934078219,0.246,0.482,0.344182899169453,7,gst-5
1.70530079810846e-06,-3.35079083598007,0.148,0.441,0.0257773268642075,7,itr-1
1.6373151523189e-05,-3.36437328040877,0.082,0.344,0.247496558424525,7,W02B12.1
0.00701978359835863,-3.50599675076079,0.18,0.323,1,7,hil-7
2.09618178670752e-05,-3.6785542844882,0.066,0.319,0.316858838878709,7,slc-17.6
5.11109680534703e-10,-3.74242545425617,0.115,0.519,7.72593393096257e-06,7,ampd-1
6.79604627796654e-06,-3.94417410008795,0.016,0.283,0.102729035537742,7,C01H6.4
0.000701675718557715,-3.988225913956,0.066,0.257,1,7,rig-4
2.87045944513222e-06,-4.56543780787198,0.016,0.297,0.0433898649726186,7,ptr-24
2.53632407086458e-07,-4.61408610308296,0.016,0.342,0.00383390746551891,7,T05C3.6
3.22205867126967e-05,-4.72111470220454,0.033,0.272,0.487046388749124,7,oac-14
1.02667108854055e-07,-4.96222753071387,0.033,0.373,0.0015519160174379,7,rfip-1
1.03181206669404e-05,-5.04805674638103,0.016,0.273,0.15596871200147,7,endu-2
6.96107575553591e-12,-5.11222355527569,0.148,0.573,1.05223621120681e-07,7,ifd-2
2.76501622396452e-08,-5.48116861982961,0.016,0.378,0.000417959852414476,7,M28.8
1.57310239488729e-15,-5.69468825226176,0.164,0.656,2.37790158011163e-11,7,ttr-41
6.43600517911447e-07,-5.82001824400624,0,0.302,0.00972866542874943,7,cbl-1
2.04278879873213e-09,-5.87579607378799,0.016,0.414,3.08787954816348e-05,7,C12D12.1
1.01604157969324e-07,-5.89643319560371,0.016,0.354,0.00153584845186431,7,T01D3.6
1.28856720517457e-06,-5.98244622749415,0.016,0.308,0.0194779818734189,7,C18A11.3
1.59133989117444e-09,-6.34898068826127,0.016,0.415,2.40546937949928e-05,7,gst-36
3.46868791830612e-06,-6.41424216027033,0.016,0.291,0.0524326865731153,7,cpr-9
2.50159662584024e-08,-6.64920809170775,0.016,0.373,0.00037814134596201,7,T16G12.1
6.02713984351545e-06,-6.77914150709967,0,0.261,0.0911062458745796,7,lys-4
6.21825831327035e-08,-6.84223819402795,0,0.343,0.000939951926633946,7,mct-4
1.21868274140926e-08,-6.86941524962008,0.049,0.415,0.000184216083191424,7,asp-6
8.7178902744857e-07,-6.91444160513001,0,0.297,0.0131779629389126,7,ctsa-4.2
8.19933428612587e-10,-6.95993118367021,0.016,0.426,1.23941137069079e-05,7,R09H10.5
5.69574963000256e-07,-7.00262623014389,0,0.304,0.00860969514071187,7,ttr-44
3.32106818826535e-11,-7.00669154572252,0.016,0.472,5.0201266733819e-07,7,gst-4
2.81097919362921e-08,-7.08958030004483,0,0.356,0.000424907614908991,7,clec-83
6.33411585504765e-11,-7.12728931347678,0.049,0.487,9.57464952649002e-07,7,irg-7
7.57473031935985e-14,-7.17603044952914,0.098,0.591,1.14499623507443e-09,7,Y119D3B.21
6.29560457882013e-11,-7.26740475873822,0,0.448,9.5164358813445e-07,7,Y16B4A.2
1.03156182684737e-10,-7.38334557355443,0.016,0.455,1.55930885746248e-06,7,Y39G8B.9
4.73780271361769e-07,-7.418011908998,0,0.308,0.0071616625819045,7,F28B4.3
5.8263871858225e-09,-7.51999810098862,0,0.381,8.80716687008929e-05,7,ZK1320.2
1.20991439222997e-09,-7.5683498135581,0,0.405,1.82890659529482e-05,7,Y51F10.7
2.53251342343785e-10,-7.65674672820768,0,0.428,3.82814729086866e-06,7,T19D12.1
7.56212914304937e-08,-7.79002315029572,0,0.34,0.00114309144126334,7,clec-63
3.3211408055046e-06,-7.8715186926769,0.016,0.291,0.0502023644160076,7,ctsa-1.2
2.70950374746159e-11,-8.01219992129871,0.016,0.472,4.09568586466294e-07,7,ctsa-2
4.29556264482042e-10,-8.12130252474137,0,0.421,6.49317249391055e-06,7,ctsa-3.1
8.84325965807991e-09,-8.16161560965656,0,0.375,0.000133674712991536,7,dod-19
6.29560346934689e-11,-8.31501619463857,0,0.448,9.51643420426477e-07,7,clec-17
3.80646588262523e-15,-8.56922079741465,0.016,0.578,5.75385382817629e-11,7,spp-5
6.8104552073385e-11,-8.60654829386326,0,0.447,1.02946840914129e-06,7,T25C12.3
2.47037957165665e-14,-8.85539498613203,0.016,0.558,3.73422576051619e-10,7,nep-17
7.0017627522162e-15,-8.88276132383352,0.033,0.581,1.058386457625e-10,7,asp-3
2.3872559247798e-15,-9.11944442290012,0.082,0.616,3.60857605589714e-11,7,asp-1
8.64217254587354e-18,-9.51906869432283,0.049,0.656,1.30635080203424e-13,7,lec-9
0.00158161730187591,1.83242993496725,0.207,0.532,1,8,hif-1
1.76882617677093e-07,1.72925162727786,0.069,0.468,0.00267375764880694,8,drap-1
0.000594247225765663,1.59897247054144,0.121,0.392,1,8,plin-1
6.86000342643606e-06,1.54386256879079,0.121,0.508,0.103695811794007,8,apm-1
0.00015569027534229,1.47318093014331,0.155,0.492,1,8,hpk-1
4.2248540249248e-05,1.46513259499655,0.655,0.48,0.638628934407633,8,cpl-1
1.20454754176652e-13,1.45660396568329,0.897,0.454,1.82079406413427e-09,8,ttr-50
3.66816707591718e-07,1.3548919822463,0.155,0.631,0.00554480135195642,8,C37C3.2
5.67592601398663e-07,1.35368367129164,0.103,0.523,0.00857972976274218,8,T23D8.3
0.000336929462610332,1.33261481553911,0.121,0.417,1,8,spat-3
0.000122923820153511,1.2424516427312,0.207,0.608,1,8,hel-1
5.56808526166088e-07,1.23919766903806,0.052,0.419,0.00841671768152658,8,C07A12.7
2.36244600198163e-06,1.19645483110238,0.121,0.528,0.0357107337659543,8,nduf-9
1.87317748693271e-06,1.1923152978725,0.086,0.452,0.0283149508924749,8,vps-2
0.00298775574540201,1.19117718151595,0.259,0.618,1,8,top-1
0.00131276614385853,1.11168194856457,0.19,0.492,1,8,utp-20
6.98370438256713e-07,1.0692293935295,0.086,0.479,0.0105565675446885,8,sod-2
3.39347264273084e-07,1.03523193987567,0.155,0.609,0.00512957324675194,8,nduf-11
4.73365501817148e-07,1.03214717432277,0.069,0.456,0.00715539292546801,8,gtbp-1
5.86629794927224e-08,-1.00361734110557,0.069,0.487,0.000886749598011991,8,ncbp-2
1.23137286918719e-07,-1.00429993728573,0.052,0.444,0.00186134322906336,8,rsp-8
3.20374327883867e-10,-1.00919127610511,0.086,0.593,4.84277834029253e-06,8,cyn-1
7.07790769084641e-08,-1.0123468083246,0.086,0.512,0.00106989652654834,8,his-35
4.09576607647176e-10,-1.02938476645684,0.069,0.564,6.19116000119472e-06,8,dlc-1
4.32384846350477e-08,-1.03085972243487,0.052,0.451,0.000653592933743381,8,xdh-1
7.69843634604398e-09,-1.03154266316205,0.069,0.514,0.000116369563806801,8,gcs-1
2.00825733760476e-10,-1.03737362657981,0.086,0.594,3.03568179152336e-06,8,eif-2beta
1.94810695254732e-10,-1.03823422704,0.034,0.499,2.94475846947053e-06,8,tin-9.1
7.54248923893359e-07,-1.04402055826557,0.086,0.466,0.011401226733572,8,ctsa-2
7.5802085580084e-09,-1.04448834189015,0.569,0.951,0.000114582432562855,8,ant-1.1
2.05161372408846e-09,-1.04570621981593,0.017,0.445,3.10121930533211e-05,8,cct-1
4.17349552177829e-13,-1.04766073227613,0.086,0.676,6.30865583072006e-09,8,nduf-7
3.05510312229008e-07,-1.05362566333592,0.052,0.427,0.00461809387965368,8,F09E5.3
3.79701575807275e-10,-1.05804230539683,0.069,0.55,5.73956901990276e-06,8,ile-1
1.66880988000931e-09,-1.05870084700275,0.052,0.51,2.52257301462207e-05,8,mak-2
1.23072568314108e-09,-1.06417859220568,0.034,0.487,1.86036494263605e-05,8,cgt-1
3.81786458520654e-10,-1.06670501580084,0.155,0.695,5.77108410699821e-06,8,nrfl-1
1.84899847316853e-10,-1.0667596578847,0.034,0.515,2.79494609204155e-06,8,mrpl-55
1.38284670079565e-09,-1.06836335482082,0.052,0.517,2.0903110729227e-05,8,iscu-1
3.27132139043186e-10,-1.07447344616528,0.069,0.553,4.94492941377681e-06,8,gbh-1
7.35737726733246e-12,-1.07521658260381,0.121,0.68,1.11214114772997e-07,8,gdh-1
4.59262255034361e-07,-1.08238474521737,0.052,0.42,0.0069422082470994,8,miz-1
8.20177049517015e-10,-1.08483769861261,0.052,0.51,1.23977962804992e-05,8,cgt-3
5.54151329567517e-09,-1.0885051998144,0.138,0.621,8.37655149774259e-05,8,gpa-17
1.11213898766582e-10,-1.09077228516178,0.034,0.523,1.68110929375566e-06,8,W07G4.5
1.01323973436876e-08,-1.09852693182209,0.034,0.441,0.000153161318247182,8,C17E7.13
1.29195588606949e-09,-1.09945508416951,0.069,0.536,1.95292051738264e-05,8,ucr-11
6.39732997437512e-09,-1.10159828823574,0.034,0.46,9.67020398926544e-05,8,ugt-26
3.00037174229068e-13,-1.10424130840285,0.086,0.677,4.5353619256466e-09,8,sel-9
2.79456045285363e-09,-1.10629563989971,0.069,0.535,4.22425758053355e-05,8,csnk-1
1.9500187043922e-08,-1.10893935070953,0.069,0.496,0.000294764827355925,8,dnpp-1
1.12592215699554e-07,-1.10955130415608,0.034,0.41,0.00170194393251445,8,tomm-40
3.70968944840084e-08,-1.11146031324185,0.086,0.52,0.000560756657020271,8,ampd-1
1.89262846707692e-11,-1.11411592879372,0.103,0.678,2.86089719083347e-07,8,Y54G2A.52
4.74497619259114e-12,-1.11591994171561,0.034,0.56,7.17250601272077e-08,8,prx-13
3.18848080925372e-07,-1.11954547650355,0.052,0.412,0.00481970759126792,8,gst-36
1.14781282583124e-07,-1.12236783584634,0.034,0.413,0.0017350338675265,8,F54H5.14
3.78314506907981e-11,-1.12800343519345,0.034,0.531,5.71860208642104e-07,8,nxt-1
8.07246008506457e-08,-1.13038529056907,0.017,0.385,0.00122023306645836,8,mrps-6
3.29003118633466e-14,-1.1340206296953,0.121,0.765,4.97321114126347e-10,8,F58F12.1
1.91797833865811e-11,-1.13470147571832,0.121,0.687,2.8992160567156e-07,8,prdx-2
2.08563247821498e-08,-1.13986826802148,0.069,0.502,0.000315264205406976,8,arx-1
1.15219230943776e-11,-1.1418729350029,0.466,0.932,1.74165389494611e-07,8,rps-19
1.1848620615596e-08,-1.15575824447706,0.052,0.476,0.000179103749225349,8,mans-2
9.88092964002449e-10,-1.15993348903605,0.034,0.487,1.4936013243861e-05,8,F17A9.4
2.63992186411179e-07,-1.16244246253695,0.224,0.651,0.00399050588979138,8,ttr-41
2.36133091542048e-08,-1.16803249746512,0.086,0.529,0.00035693878117496,8,M01G12.9
1.55496152944597e-08,-1.17369452227785,0.069,0.501,0.000235047984791053,8,F56H9.2
1.88155048503608e-08,-1.17834714663873,0.052,0.473,0.000284415171318054,8,eif-3.D
1.73667291071904e-11,-1.17930291350995,0.172,0.762,2.6251547718429e-07,8,vha-17
1.33500795703474e-06,-1.18866000001319,0.103,0.483,0.0201799802785371,8,irg-7
7.41864976259894e-08,-1.18984672799758,0.052,0.449,0.00112140309811446,8,F40E10.6
7.21214264314624e-08,-1.19126562228319,0.034,0.419,0.00109018748193799,8,erfa-1
1.9791605892006e-13,-1.19427150649529,0.086,0.697,2.99169914663563e-09,8,lron-7
0.0044544995606707,-1.26108276774856,0.086,0.267,1,8,cht-1
8.10528374327062e-07,-1.38116792161332,0.034,0.378,0.0122519469063279,8,ZK1320.2
3.09190617307113e-13,-1.38837949144268,0.172,0.821,4.67372537121432e-09,8,pdi-6
1.6565676196163e-05,-1.53712127596111,0.017,0.285,0.2504067613812,8,F49E12.10
1.01987170717686e-06,-1.54799016943687,0.034,0.371,0.0154163807256855,8,T16G12.1
4.9176760832217e-10,-1.73503277489897,0.121,0.588,7.43355916739793e-06,8,Y119D3B.21
7.17914187502632e-09,-1.76831409775791,0.052,0.485,0.000108519908582898,8,VF13D12L.3
4.15799578542126e-11,-1.7937840595995,0.069,0.59,6.28522642924278e-07,8,pmp-5
1.13059906071362e-08,-1.84798172275176,0.017,0.418,0.000170901354017471,8,scav-3
6.76497183848921e-10,-1.91047543971679,0.034,0.495,1.02259314310603e-05,8,let-607
4.61608861472635e-08,-1.96596454837383,0.034,0.418,0.000697767955002035,8,mrps-18B
9.62316780906785e-07,-2.02796432964289,0.017,0.341,0.014546380460187,8,T05C3.6
5.77940132474184e-06,-2.0434982042233,0.017,0.306,0.0873614304247976,8,F28B4.3
2.51430917320746e-07,-2.09961410131741,0.052,0.422,0.0038006297462204,8,R09H10.5
7.29016066232667e-10,-2.13344233412973,0.086,0.575,1.1019806857173e-05,8,ifd-2
7.58188495396173e-05,-2.17369795866745,0.017,0.252,1,8,F22B7.9
2.58492130760931e-06,-2.2449382364737,0.034,0.353,0.0390736704858223,8,clec-83
5.2153059128226e-10,-2.5019404599021,0.103,0.574,7.88345641782264e-06,8,asp-3
2.90417627547485e-07,-2.52381037613759,0.052,0.414,0.00438995285800778,8,asp-6
5.23273144979126e-05,-2.57368718480927,0.017,0.26,0.790979685950446,8,rig-4
3.85240254548503e-05,-2.78480527466458,0.034,0.294,0.582329168775517,8,ctsa-4.2
2.87305646491611e-05,-2.79820206018835,0.017,0.272,0.43429121523672,8,endu-2
3.15472962355339e-05,-2.86180243784685,0.034,0.295,0.476868929896331,8,ptr-24
1.98525769420193e-08,-2.88215889611553,0.017,0.408,0.000300091553055563,8,lmp-2
2.00324971492278e-08,-2.91242291894483,0.034,0.429,0.000302811226907728,8,lsm-7
3.49512814167881e-08,-2.9344922013286,0.052,0.442,0.000528323569896169,8,T25C12.3
0.00024285558005965,-3.05840931143848,0.069,0.287,1,8,ctsa-1.2
5.19932927157065e-08,-3.10234121995385,0.034,0.417,0.000785930612690619,8,ctsa-3.1
6.71446857725955e-05,-3.18498088761776,0.017,0.25,1,8,gly-19
1.57795295386326e-05,-3.26247541603546,0.052,0.331,0.23852336850597,8,hil-7
1.11776061570517e-09,-3.28521482032967,0.017,0.453,1.68960694669993e-05,8,Y39G8B.9
2.71394286803623e-12,-3.43045322309696,0.052,0.574,4.10239603932356e-08,8,spp-5
9.29241318888775e-12,-3.48182485260029,0.138,0.61,1.40464117763227e-07,8,asp-1
3.44346353230279e-13,-3.552096537832,0.138,0.648,5.2051394754289e-09,8,lec-9
1.4091541817158e-07,-3.55452650251374,0.017,0.372,0.0021300774610816,8,dod-19
1.5992819966306e-10,-3.57779466855516,0.086,0.551,2.41747466610681e-06,8,nep-17
7.79593568140035e-07,-3.80616420695269,0.017,0.341,0.0117843363760048,8,mct-4
1.85676754438101e-08,-3.9156257610546,0.052,0.445,0.000280668982008633,8,ZC204.12
9.81118586314048e-10,-3.94087897348079,0.052,0.493,1.48305885507231e-05,8,gst-5
1.16793307998297e-08,-4.14430429573063,0.017,0.413,0.000176544764370226,8,C12D12.1
3.7099501356613e-11,-4.58392347368873,0.017,0.491,5.60796062506562e-07,8,arl-8
3.32362554225358e-06,-4.67147228869603,0,0.283,0.0502399236967051,8,C01H6.4
2.80753717036068e-06,-4.95927671184539,0,0.286,0.042438731867172,8,aex-5
1.91345705998064e-10,-5.57290132066342,0.017,0.471,2.89238169186674e-06,8,gst-4
5.48334755138753e-06,-5.92602549450456,0,0.273,0.0828862815867739,8,oac-14
8.89482025234171e-07,-6.36852115992885,0,0.308,0.0134454102934397,8,C18A11.3
1.12324401667455e-06,-6.92513714959585,0,0.303,0.0169789565560525,8,ttr-44
2.11480259584431e-06,-7.07948261848131,0,0.291,0.0319673560387826,8,cpr-9
1.97432203534453e-10,-7.18991567819018,0,0.447,2.98438518862679e-06,8,Y16B4A.2
3.26217214339351e-09,-7.49086073301006,0,0.404,4.93109941195363e-05,8,Y51F10.7
1.65187739073513e-07,-7.71253406974769,0,0.338,0.00249697786383523,8,clec-63
1.97432170522414e-10,-8.23752711409053,0,0.447,2.98438468961681e-06,8,clec-17
2.18721987861176e-15,4.60993363345894,0.554,0.198,3.30620156850953e-11,9,ifc-1
2.96504912646743e-17,4.53623405932883,0.464,0.114,4.48196825956817e-13,9,F55G11.2
5.19756786967192e-15,4.36389232111418,0.411,0.1,7.85664359179608e-11,9,F01D5.5
4.89260786673479e-34,3.77822581633542,0.661,0.114,7.39566605135631e-30,9,C14C6.5
6.84897921614688e-19,3.27418132812768,0.768,0.424,1.03529169831276e-14,9,gst-4
0.000101981818486946,3.26805152605752,0.286,0.133,1,9,F01D5.1
0.000150396716358344,3.04355549170111,0.304,0.151,1,9,ctsa-4.1
0.000121051277880529,3.04079680956725,0.304,0.148,1,9,tag-10
3.45713668178298e-09,2.80720628683073,0.607,0.411,5.22580780818316e-05,9,ZC204.12
6.64023572856744e-27,2.77546808443188,0.929,0.538,1.00373803273025e-22,9,Y119D3B.21
0.00650070736354432,2.76725547896716,0.357,0.273,1,9,ctsa-4.2
1.25271075967652e-11,2.57119612371366,0.732,0.634,1.89359758432703e-07,9,nlt-1
0.00713929878732082,2.52629674505002,0.321,0.222,1,9,folt-2
2.1070781542208e-09,2.51370714145489,0.625,0.415,3.18505933792016e-05,9,Y39G8B.9
1.7927942422551e-11,2.4130459882235,0.679,0.404,2.70998777659281e-07,9,clec-17
5.28357054843339e-07,2.35628621721823,0.411,0.183,0.00798664524101192,9,Y32F6A.5
1.99758151174129e-15,2.21830631179387,0.679,0.249,3.01954421314814e-11,9,ctsa-1.2
0.00888812810284577,1.99002006554211,0.536,0.654,1,9,gdh-1
2.85365290171164e-20,1.82965028968442,0.946,0.598,4.31358172622731e-16,9,lec-9
2.74622839177849e-07,1.79999539228851,0.107,0.552,0.00415119883701237,9,C02D5.4
1.64251798443284e-07,1.79687412168667,0.036,0.418,0.00248283018526868,9,mrps-5
3.06788251599239e-14,1.75243509149632,0.839,0.528,4.6374112111741e-10,9,asp-3
4.62559419223045e-05,1.68241893593527,0.179,0.594,0.699204818097555,9,cisd-3.2
0.00362128565230576,1.6701167196465,0.071,0.268,1,9,endu-2
1.96966311851182e-06,1.65272221270374,0.071,0.442,0.0297734276994246,9,rsp-8
1.85254196857376e-07,1.62658272160946,0.607,0.379,0.0028003024396961,9,asp-6
3.73048707356516e-12,1.60910511587434,0.804,0.527,5.6390042604011e-08,9,spp-5
4.63302420160336e-12,1.58868233528407,0.839,0.755,7.00327938314363e-08,9,act-5
1.01960447126479e-07,1.46576099547801,0.107,0.57,0.00154123411876386,9,B0272.3
2.1437989261548e-08,1.46456806310854,0.018,0.418,0.00032405664567756,9,mrps-18B
6.30165858868079e-17,1.42592577174733,0.946,0.56,9.52558712264988e-13,9,asp-1
0.00440928734915617,1.40801158818916,0.089,0.295,1,9,cbl-1
0.00100614773059006,1.36250373572572,0.643,0.765,1,9,gst-7
1.03822257703787e-07,1.29414094019914,0.696,0.513,0.00156937724745044,9,nep-17
4.90810847192823e-05,1.25771734941111,0.161,0.544,0.741909676616671,9,ile-1
7.62304105045957e-09,1.24999078478793,0.054,0.507,0.000115229888518747,9,C16A3.5
1.15914898762006e-05,1.23106037751298,0.161,0.587,0.175216960968649,9,cyn-1
3.90596942656469e-07,1.22225348529149,0.089,0.509,0.00590426338519519,9,apm-1
5.57674567482423e-08,1.21932789290742,0.054,0.473,0.000842980876206431,9,sec-11
3.03501460178892e-07,1.21601239900168,0.089,0.514,0.00458772807206414,9,iscu-1
3.75369045427738e-07,1.20710792963561,0.125,0.583,0.00567407849068568,9,dlst-1
2.48254853088338e-06,1.19978386966799,0.107,0.505,0.0375262035928331,9,cgt-3
1.12605489156093e-06,1.18295935929321,0.071,0.453,0.017021445740835,9,R07E5.7
7.00313354067684e-08,1.14856461223745,0.107,0.576,0.00105859366600871,9,Y39A3CL.3
1.57145986381857e-08,1.12899340510205,0.054,0.495,0.000237541873014815,9,eif-2gamma
2.81807782354473e-07,1.09844402113779,0.071,0.479,0.00425980643807022,9,sod-2
3.60535100353022e-07,1.08941986100594,0.089,0.511,0.00544984857693627,9,dhrs-4
6.05714033992141e-11,1.02437915961254,0.946,0.915,9.15597333782521e-07,9,rpl-41.2
1.22258033860959e-07,1.00729660426579,0.071,0.495,0.00184805243984226,9,dnpp-1
3.80076879461396e-08,1.00634640832687,0.089,0.551,0.000574524210993846,9,C14A4.6
2.03487740002599e-08,-1.0013162337107,0.054,0.485,0.000307592067787928,9,hmp-1
1.70244435342072e-10,-1.00241184360896,0.036,0.528,2.57341488463077e-06,9,ZK418.5
2.27941040281581e-08,-1.00538936469435,0.018,0.417,0.000344555676489638,9,scav-3
7.80690746820868e-12,-1.01070572388046,0.018,0.538,1.18009213289442e-07,9,fubl-1
1.28866970290146e-07,-1.01106754282083,0.036,0.422,0.00194795312290585,9,sor-1
5.53621884247194e-08,-1.01180804933274,0.018,0.402,0.000836854840228059,9,rbd-1
1.35575333280591e-11,-1.01346789947505,0.018,0.531,2.04935673786941e-07,9,F30A10.9
2.99328204951202e-08,-1.01460393421393,0.464,0.927,0.000452464514604237,9,ctc-1
1.5577733044081e-11,-1.01857207102305,0.071,0.629,2.35473012694328e-07,9,egl-30
2.38843626748759e-12,-1.0189905446459,0.054,0.622,3.61036026193425e-08,9,pqm-1
5.33422925961664e-09,-1.02162919811931,0.321,0.905,8.06322094883651e-05,9,nduo-4
1.13136922508103e-10,-1.02361052839497,0.196,0.818,1.71017772063249e-06,9,pdi-6
2.85119523986978e-07,-1.02401558112059,0.018,0.373,0.00430986672458717,9,rfip-1
2.41249730083254e-07,-1.02868114576578,0.018,0.376,0.00364673091993846,9,pdcd-2
5.05886921595475e-07,-1.02875783706049,0.393,0.87,0.00764698670683721,9,hsp-90
2.27941009655499e-08,-1.02900850232865,0.018,0.417,0.000344555630195253,9,dhs-9
7.64119909297455e-11,-1.03261993272271,0.054,0.576,1.15504365489403e-06,9,B0416.5
3.4029004201722e-08,-1.03296268207392,0.036,0.443,0.00051438242751323,9,rpoa-1
3.56867181792506e-08,-1.04064692477567,0.018,0.41,0.000539440431997552,9,tlk-1
4.99101905613162e-13,-1.04581174031813,0.054,0.644,7.54442440524855e-09,9,cyn-3
4.72944215513772e-09,-1.0476053088889,0.036,0.478,7.14902476170617e-05,9,dhs-2
2.41249789167585e-07,-1.04850010552545,0.018,0.376,0.00364673181305721,9,C24D10.6
1.75462997217566e-05,-1.04920685276618,0.018,0.292,0.265229866594072,9,PDB1.1
5.46412265822218e-09,-1.05175332133373,0.036,0.476,8.25956781016864e-05,9,F52A8.1
7.06330887873617e-11,-1.05625805434456,0.036,0.542,1.06768977010976e-06,9,his-62
7.06477814588367e-08,-1.06907671864142,0.018,0.398,0.00106791186453178,9,plin-1
5.41092172702304e-11,-1.09562967956175,0.018,0.511,8.17914928256803e-07,9,mak-2
3.4364577897982e-14,-1.09596897690147,0.054,0.678,5.19454959505895e-10,9,sel-9
1.34919845326266e-07,-1.1337316178776,0.036,0.42,0.00203944838195184,9,miz-1
3.66156252509812e-13,-1.15404778140224,0.036,0.613,5.53481791293831e-09,9,yop-1
2.55522647806331e-13,-1.15821951939522,0.036,0.618,3.8624803442405e-09,9,H06I04.3
2.15482178895008e-10,-1.16666181339967,0.054,0.557,3.25722861617694e-06,9,emc-1
3.76540952647483e-12,-1.16811050417702,0.054,0.617,5.69179304021935e-08,9,apy-1
0.000205727705483951,-1.18816189018341,0.036,0.27,1,9,oac-14
1.78170593840693e-09,-1.19740326439735,0.018,0.459,2.69322669649592e-05,9,gtbp-1
1.21397571120113e-10,-1.22051944922086,0.036,0.533,1.83504568505163e-06,9,nduf-9
8.69566238437097e-13,-1.24189786907834,0.054,0.636,1.31443632602152e-08,9,C37C3.2
1.6762783045271e-11,-1.28892536974548,0.054,0.597,2.53386228512317e-07,9,chch-3
1.56785694120161e-05,-1.34635547105158,0.107,0.438,0.236997255232035,9,T25C12.3
2.2702213033872e-10,-1.45788861491726,0.036,0.524,3.4316665222001e-06,9,cdgs-1
6.13873010422951e-12,-1.49887595625201,0.018,0.541,9.27930442555333e-08,9,W10G11.19
4.94567307094594e-09,-1.66295513333019,0.036,0.476,7.47587941404189e-05,9,snrp-3
5.72439242714823e-12,-1.68456952094381,0.036,0.576,8.65299159287727e-08,9,C05A9.2
2.8628879888309e-12,-1.77876909138899,0.018,0.551,4.3275414839168e-08,9,sel-2
2.79324657111265e-14,-1.83936896500356,0.018,0.61,4.22227151689389e-10,9,cup-2
2.02103029112178e-17,-1.86567502367401,0.089,0.803,3.05498938805968e-13,9,his-72
1.1310415309919e-06,-2.10260547096428,0.071,0.42,0.0170968237824735,9,R09H10.5
6.08322436403122e-15,-2.1092065633541,0.054,0.69,9.1954019486696e-11,9,ech-1.2
2.29712850310556e-12,-2.19356165286835,0.018,0.554,3.47233944529437e-08,9,Y71F9B.9
1.92973325884942e-07,-2.21134732417226,0.018,0.379,0.00291698479407678,9,F26F12.3
5.11192400093555e-09,-2.37759793271843,0.018,0.441,7.72718431981418e-05,9,C17E7.13
2.27622395519403e-07,-2.84919976105975,0.018,0.376,0.00344074013067129,9,M28.8
1.77504302012819e-13,-2.85249470637127,0.036,0.618,2.68315502922578e-09,9,hel-1
8.4758299951499e-11,-2.96209756669401,0.018,0.503,1.28120646206686e-06,9,F56H9.2
9.03713586705122e-19,-3.13629249016667,0.018,0.722,1.36605345766346e-14,9,arf-1
2.57793996942846e-08,-3.21151923750629,0.018,0.413,0.000389681405778806,9,F54H5.14
2.90018213969013e-09,-3.47745232047697,0.054,0.492,4.3839153223556e-05,9,gst-5
5.17904597366794e-09,-3.49693434290957,0.018,0.439,7.82864589379645e-05,9,tres-1
2.11638966653365e-10,-3.94125910662497,0.018,0.487,3.19913461993227e-06,9,irg-7
2.87549578954774e-11,-3.98068554642909,0.018,0.516,4.34659943548037e-07,9,hrpr-1
2.31556186465042e-05,-4.04399676052402,0,0.251,0.350020331460557,9,gly-19
1.89808041300758e-07,-4.51647198069826,0.018,0.371,0.00286913835230226,9,T16G12.1
1.80470354985624e-08,-4.73646958825075,0,0.386,0.00027279898859627,9,mrps-6
1.43188159095655e-08,-4.84162253373387,0.036,0.434,0.000216443221288992,9,cpz-1
8.46563678908727e-06,-4.87266605620786,0.036,0.331,0.127966565703843,9,hil-7
4.26733826485466e-06,-4.90550408345856,0,0.285,0.064505085211543,9,aex-5
2.46381262523788e-06,-5.0722000843208,0,0.296,0.0372429916430957,9,ptr-24
4.26733776322186e-06,-5.20749642812912,0,0.285,0.0645050776288616,9,F49E12.10
3.67817622546493e-09,-5.29603391963069,0,0.412,5.5599311824128e-05,9,cyn-8
1.13943120598018e-09,-5.36871718980765,0,0.43,1.72236421095964e-05,9,lsm-7
3.29766926225278e-17,-5.41171585883602,0.018,0.673,4.98475685682131e-13,9,W02A2.9
7.31696680412828e-06,-5.46729182509407,0,0.275,0.110603270211203,9,C54D10.13
2.35955878721083e-10,-5.46975961170887,0,0.454,3.56670906274789e-06,9,C35D10.1
4.5053751114124e-09,-5.61612135240925,0,0.408,6.81032501841098e-05,9,C37A2.8
1.37949315642026e-05,-5.64056298281891,0,0.261,0.208524185524487,9,rsbp-1
4.21566643925965e-10,-5.66660959286918,0,0.446,6.37240138958488e-06,9,cct-1
2.08926845015146e-05,-5.6707246111045,0,0.253,0.315813818924895,9,F22B7.9
3.24665517175688e-06,-5.69596028098545,0,0.291,0.049076439576277,9,klo-1
2.31997917304405e-07,-5.71505198763359,0,0.341,0.00350688051797338,9,T05C3.6
1.73069384217782e-09,-5.75933238898967,0,0.424,2.616116811836e-05,9,spat-3
1.45344061178434e-05,-6.06628493131879,0,0.26,0.219702082877321,9,rig-4
7.59345568383443e-12,-6.1166093459592,0,0.503,1.14782676116841e-07,9,utp-20
2.45002331485011e-12,-6.13414369244978,0,0.519,3.70345524272743e-08,9,T10B5.3
1.00642445393263e-05,-6.31453846617219,0,0.268,0.152131120456457,9,fbxc-51
1.40790558895688e-06,-6.31474853154202,0,0.307,0.0212819008826722,9,C18A11.3
1.24233848629669e-05,-6.40802422244261,0,0.264,0.187791885588608,9,ttr-52
3.81857276425233e-10,-6.61202830075021,0.054,0.507,5.77215459044383e-06,9,ttr-50
6.57417138236442e-06,-6.69726297117684,0,0.277,0.0993751746158206,9,pbo-4
5.5947946323488e-06,-6.78669432873633,0,0.28,0.0845709156625845,9,rnst-2
3.43679162450323e-09,-6.8976164527974,0,0.413,5.19505421959908e-05,9,C12D12.1
2.46301829601746e-07,-7.21225559925607,0,0.34,0.00372309845625999,9,F44E5.5
2.46381232961391e-06,-7.21321638196384,0,0.296,0.0372429871744438,9,atz-1
8.14048977504266e-06,-7.37761036401606,0,0.272,0.123051643439545,9,cht-1
9.91937001944086e-08,-7.7389319214824,0,0.356,0.00149941197213868,9,W04A8.4
1.22091347661887e-08,-8.46853533937908,0,0.392,0.000184553281125709,9,ent-2
3.51834593142783e-07,-8.97427454349791,0,0.333,0.00531833170994631,9,R11A5.3
1.06008436524263e-06,-9.26723002009404,0,0.313,0.0160242352650076,9,clec-196
3.8264904378746e-06,-9.28906234405308,0,0.288,0.0578412294589125,9,dao-2
2.07924114968348e-12,-10.2077972347071,0,0.521,3.14298092186154e-08,9,cpl-1
2.78419991312635e-47,10.3209449047454,0.273,0.003,4.20859658868179e-43,10,nas-30
7.9779915822699e-66,9.83185658179389,0.364,0.003,1.20595320757592e-61,10,Y46H3A.4
5.4272369837725e-61,9.66837550180632,0.291,0,8.20381142467051e-57,10,T26C5.4
2.29017806839864e-58,9.56973009845381,0.327,0.003,3.46183316819138e-54,10,F14D2.19
6.23421963666899e-80,9.45644157835723,0.473,0.007,9.42364640278885e-76,10,gmeb-2
4.06362446485637e-35,9.18157442213906,0.291,0.012,6.14257474107689e-31,10,Y51H4A.8
2.89672749474346e-73,9.06446349749791,0.4,0.003,4.37869328105422e-69,10,C04C11.1
3.78643115516319e-106,8.90386604665974,0.636,0.01,5.72356933414467e-102,10,R10E11.9
8.59820249191106e-52,8.83403492880117,0.309,0.004,1.29970428867728e-47,10,col-118
9.47304135632315e-113,8.7294932675868,0.618,0.005,1.43194493142181e-108,10,Y18H1A.9
1.51284066032455e-67,8.69582547934736,0.4,0.005,2.28680994214659e-63,10,Y42A5A.3
1.02670617935162e-34,8.65430781722165,0.255,0.008,1.55196906070791e-30,10,Y65B4BL.6
1.58222178504517e-57,8.59754703958211,0.309,0.002,2.39168645027428e-53,10,C06G4.6
1.05444272604074e-25,8.57925592826475,0.382,0.044,1.59389562468318e-21,10,C29G2.3
5.35349838671745e-60,8.48072223893746,0.418,0.011,8.0923481613621e-56,10,nspb-5
7.74812089178671e-39,8.2559791332802,0.255,0.005,1.17120595400248e-34,10,pqn-84
6.40463802977467e-63,8.24101076987376,0.364,0.004,9.68125084580739e-59,10,F53A9.9
8.78499809575122e-50,8.20230922670079,0.255,0.001,1.32794031215376e-45,10,F28H7.8
3.34583332348087e-43,8.19615992473909,0.327,0.011,5.05756165177368e-39,10,vamp-8
9.00670433843755e-62,7.97027279087058,0.618,0.039,1.36145342779822e-57,10,hic-1
7.40586569642161e-48,7.94805695948513,0.418,0.02,1.11947065867109e-43,10,F13B6.3
8.1178228600332e-115,7.89545985040104,0.745,0.016,1.22709010352262e-110,10,nspg-1
3.01538699370215e-49,7.8534573748034,0.309,0.005,4.55805897968017e-45,10,F22F4.4
1.72463542136266e-41,7.84475693566098,0.291,0.008,2.60695890293179e-37,10,ptd-2
1.09499818771705e-28,7.84032682477493,0.4,0.042,1.6551992605531e-24,10,F01G10.6
1.83458917389031e-46,7.80849606871954,0.327,0.009,2.77316499525259e-42,10,F56C3.8
4.05441125698916e-71,7.7709799377535,0.655,0.036,6.12864805606482e-67,10,K08F8.7
3.5036106343726e-27,7.66718345042912,0.309,0.023,5.29605783491763e-23,10,ZK675.4
9.68384238403579e-40,7.64033859191136,0.291,0.009,1.46380961477085e-35,10,ZC53.22
9.28134670002893e-50,7.60276353333155,0.382,0.013,1.40296836717637e-45,10,F38B6.2
1.32301493361829e-36,7.58435510368696,0.309,0.013,1.9998693736574e-32,10,mam-1
4.27888392308563e-30,7.54154941888273,0.473,0.06,6.46796093813625e-26,10,C15H9.11
3.25259316017432e-97,7.5394225852484,0.618,0.012,4.9166198209195e-93,10,W04E12.9
1.53157877755662e-48,7.46204565140861,0.327,0.008,2.31513448015459e-44,10,srxa-8
1.12238975302114e-104,7.4461572339415,0.782,0.027,1.69660435066675e-100,10,F22F4.9
4.72136746356402e-80,7.43068487379628,0.418,0.002,7.13681905792338e-76,10,T08H10.3
1.98328550943167e-46,7.42304327597451,0.255,0.002,2.99793437605692e-42,10,Y46E12A.3
1.53497064498028e-65,7.36532533660684,0.527,0.021,2.32026162695219e-61,10,F53A9.7
2.23475731006634e-66,7.34839284299393,0.382,0.004,3.37805914989627e-62,10,pdf-2
1.59683695104193e-36,7.33761365815208,0.255,0.007,2.41377873519499e-32,10,amdh-1
8.75207622364686e-47,7.33607302117065,0.382,0.015,1.32296384196646e-42,10,F38B6.7
6.3989172876581e-33,7.30023990989466,0.255,0.009,9.67260337202399e-29,10,K08F9.3
6.02178957189594e-45,7.2365866169831,0.382,0.016,9.1025371168779e-41,10,D2092.8
8.49840513120092e-62,7.08692399425578,0.345,0.003,1.28461891963233e-57,10,ZC239.4
4.43952561086877e-44,7.06351687367483,0.509,0.04,6.71078691338923e-40,10,F53A9.8
3.28361334640637e-49,7.06119247129733,0.309,0.005,4.96350993442787e-45,10,C45G9.6
4.15231730163075e-35,7.02401269075202,0.291,0.012,6.27664283314504e-31,10,nas-5
3.76751334630155e-84,7.01263508448065,0.6,0.017,5.69497317426943e-80,10,ZK353.2
1.88636395073061e-66,6.99255633210965,0.509,0.017,2.85142774792439e-62,10,inx-20
4.20129154370357e-48,6.94306485131187,0.291,0.004,6.35067229746232e-44,10,col-125
6.47935537528943e-25,6.88729401525317,0.382,0.046,9.7941935852875e-21,10,C23H3.9
6.69701791750784e-70,6.8776839914088,0.4,0.004,1.01232122841048e-65,10,C17F4.11
9.23200566522099e-83,6.704687161715,0.491,0.007,1.3955099763548e-78,10,C14A4.12
4.22173274385192e-33,6.67219931959714,0.255,0.009,6.38157121560657e-29,10,lron-2
1.47870316192329e-24,6.61785209898634,0.255,0.016,2.23520769956325e-20,10,F14F9.8
8.33880764635993e-70,6.58571883175811,0.4,0.004,1.26049416382377e-65,10,osm-11
1.37401112625861e-31,6.57778654260708,0.255,0.01,2.07695521845252e-27,10,spe-10
8.59048479587783e-60,6.5549559770308,0.455,0.015,1.29853768174489e-55,10,ttr-2
1.00814912288456e-53,6.51116218938985,0.818,0.111,1.5239182141523e-49,10,lec-8
1.27718188065973e-45,6.50229809439289,0.291,0.005,1.93058813080524e-41,10,T21D12.12
3.20160640125466e-18,3.11193106091399,0.291,0.034,4.83954823613654e-14,10,F13B6.2
1.92128857992592e-25,2.94631801029597,0.491,0.072,2.90421981741603e-21,10,ric-3
6.68846940616946e-32,2.5908015268308,0.527,0.06,1.01102903543658e-27,10,lin-33
1.93540131420406e-31,2.5515619071484,0.909,0.279,2.92555262655086e-27,10,hil-7
1.3261032653076e-13,2.5042807359132,0.473,0.125,2.00453769583897e-09,10,C49A9.5
4.59622448108702e-08,2.2728920288462,0.691,0.526,0.000694765292561115,10,dlc-1
9.16210350735937e-22,2.24471783914246,0.727,0.218,1.38494356617244e-17,10,rsbp-1
0.000489495005017394,2.21247857381728,0.327,0.165,1,10,pct-1
5.51860462319269e-06,2.16307902154093,0.636,0.467,0.0834192274841807,10,arx-1
9.82197956816639e-06,2.01580256743105,0.273,0.096,0.148469043152403,10,C18H7.11
2.38288557110161e-11,1.9757972411672,0.782,0.469,3.60196982927719e-07,10,his-35
4.58595721448584e-09,1.9432411232053,0.8,0.655,6.9321329254168e-05,10,nrfl-1
7.46818152493431e-10,1.94216116565426,0.727,0.482,1.12889031930907e-05,10,cdgs-1
1.26490453245232e-16,1.88719915984051,0.4,0.07,1.91202969125493e-12,10,sax-7
1.28026383148961e-08,1.81645983159234,0.691,0.446,0.000193524680767969,10,hmp-1
1.17999729201512e-10,1.73084728276448,0.8,0.567,1.78368390661005e-06,10,yop-1
0.000327314668387815,1.69222868608166,0.309,0.148,1,10,F22H10.2
0.000104937198832844,1.63212110017458,0.273,0.109,1,10,nhr-208
2.64855968941564e-07,1.57268952593284,0.582,0.338,0.00400356282652068,10,rfip-1
3.01959604406361e-14,1.57241728074949,0.345,0.061,4.56442138020655e-10,10,F43G6.4
3.44577381074508e-09,1.53071212589765,0.8,0.652,5.20863169232226e-05,10,C18E9.2
5.5050911254697e-07,1.48168066034754,0.673,0.51,0.00832149574526,10,C50B8.4
1.89597198695231e-11,1.40519653479902,0.418,0.112,2.86595125547712e-07,10,F55D12.5
0.000702589571616326,1.40087368437291,0.891,0.776,1,10,pdi-6
0.000116733776716424,1.38360294593467,0.309,0.133,1,10,C08E3.1
1.90299875190694e-09,1.33603098452908,0.855,0.724,2.87657291338253e-05,10,skr-1
2.07855474985313e-06,1.31322407211454,0.764,0.616,0.0314194335987799,10,mlc-5
2.68642214890644e-06,1.28194438142014,0.4,0.166,0.0406079572028697,10,M01A8.1
6.60771999078728e-05,1.26348391795038,0.345,0.153,0.998822953807405,10,lir-1
6.86882910081759e-14,1.26192262692174,0.709,0.337,1.03829220687959e-09,10,F26F12.3
0.000459778285661862,1.20237004257711,0.564,0.415,1,10,itr-1
1.64859607720084e-09,1.19949263890635,0.782,0.585,2.49201783029678e-05,10,egl-30
0.000301007412790229,1.16616791997471,0.655,0.514,1,10,ile-1
0.00473696331967888,1.11938596706095,0.273,0.146,1,10,abt-4
3.39793351040054e-05,1.04371425078073,0.855,0.756,0.513631629432146,10,his-72
0.00114929097269779,1.04163827712766,0.545,0.418,1,10,F40E10.6
0.000930084582640675,-1.00248642500068,0.4,0.601,1,10,pqm-1
0.00938881665099149,-1.00924494412042,0.236,0.406,1,10,mrps-5
0.00662765778432991,-1.04465315125698,0.273,0.458,1,10,eif-3.D
0.00142821511218075,-1.08803359296856,0.327,0.54,1,10,emc-1
0.00627385731749265,-1.09425423534828,0.545,0.63,1,10,ttr-41
0.00122765165112174,-1.10047769854453,0.218,0.448,1,10,pmp-4
7.2919679039326e-10,-1.11319461377671,0.873,0.919,1.10225386835845e-05,10,rpl-41.2
0.00313284122033635,-1.14242555587803,0.2,0.406,1,10,dhs-9
0.00353225196308433,-1.14408336194969,0.291,0.51,1,10,T23D8.3
0.00100980166830022,-1.20740865617953,0.255,0.483,1,10,dnpp-1
0.0064134557986132,-1.20821008320877,0.455,0.548,1,10,spp-5
0.00270851025053689,-1.25284576556606,0.327,0.514,1,10,M01G12.9
0.000805363607785006,-1.28168988597839,0.164,0.393,1,10,rbd-1
0.00143992965494095,-1.2919459723813,0.255,0.468,1,10,sod-2
0.00561775957431573,-1.30609188623655,0.4,0.554,1,10,C05A9.2
0.00177156788186349,-1.31486896364873,0.291,0.514,1,10,F30A10.9
0.00296921645349892,-1.31639569246974,0.218,0.417,1,10,lsm-7
5.35419570998812e-12,-1.31690094203399,0.818,0.91,8.09340223521804e-08,10,rps-19
0.00277135960224938,-1.36132563348053,0.473,0.589,1,10,asp-1
0.00802884199574967,-1.36672256530498,0.2,0.365,1,10,C24D10.6
0.00683116275532151,-1.401358569091,0.291,0.47,1,10,eif-3.G
4.07981115329101e-05,-1.45674427257473,0.364,0.646,0.61670425393147,10,nra-4
0.000210831343005807,-1.46880092064594,0.327,0.584,1,10,cisd-3.2
0.00689537407947551,-1.4959276099274,0.255,0.43,1,10,rpoa-1
0.00971109969258958,-1.52141389073858,0.164,0.331,1,10,mct-4
4.79067969609106e-05,-1.56956917797512,0.291,0.543,0.724159142861124,10,prx-13
0.001828399839499,-1.57021847358667,0.218,0.44,1,10,xdh-1
1.49333963726905e-05,-1.60499523406704,0.309,0.598,0.22573321956959,10,vwa-8
1.45856642414362e-05,-1.66259979496804,0.327,0.6,0.220476900673549,10,H06I04.3
0.00295168041554585,-1.68166159327281,0.364,0.522,1,10,his-62
0.000235839634834042,-1.69999802331445,0.255,0.501,1,10,dhrs-4
0.00691810177368794,-1.71454934578292,0.255,0.409,1,10,R09H10.5
0.00453214860885203,-1.74778725475457,0.4,0.531,1,10,nep-17
0.00110856043483151,-1.76198972629821,0.273,0.473,1,10,ncbp-2
0.000808328766631456,-1.78255867134333,0.218,0.416,1,10,F09E5.3
0.00100524287421886,-1.81407854585396,0.145,0.368,1,10,pdcd-2
0.000539111361649327,-1.82296307535952,0.109,0.334,1,10,T05C3.6
0.00443530405902595,-1.85006692376195,0.273,0.429,1,10,Y16B4A.2
0.000507115854523429,-1.89323013069758,0.236,0.466,1,10,dhs-2
0.000268111015731011,-1.91950057542313,0.273,0.502,1,10,T10B5.3
1.47715649682628e-08,-1.9616769885289,0.382,0.705,0.00022328697606026,10,pyc-1
8.30789513904199e-06,-2.03860310189887,0.236,0.542,0.125582142921759,10,C14A4.6
1.80147429975739e-06,-2.07012675140931,0.273,0.576,0.0272310855151328,10,pmp-5
1.21385812143605e-06,-2.07292544810138,0.273,0.58,0.0183486793636274,10,cyn-1
1.920516909491e-06,-2.11678034628355,0.345,0.657,0.029030533603866,10,nlt-1
1.36583943903149e-06,-2.19167585312449,0.2,0.53,0.0206460289604001,10,W10G11.19
5.71314415926452e-06,-2.19662529328721,0.218,0.517,0.0863598871114425,10,ZK418.5
2.63250355259202e-05,-2.21661263944103,0.236,0.485,0.39792923700981,10,tin-9.1
3.06020806136617e-05,-2.30042998633197,0.127,0.411,0.462581050556111,10,mrps-18B
3.3600529646775e-07,-2.32157037521949,0.182,0.544,0.00507905606140652,10,Y71F9B.9
0.00012362568394814,-2.33784380682426,0.145,0.376,1,10,mrps-6
2.05687160768963e-06,-2.38989051790265,0.236,0.542,0.0310916712218365,10,gbh-1
0.000742344270360031,-2.40644995326852,0.164,0.369,1,10,ZK1320.2
2.76097845828239e-07,-2.42715436794876,0.382,0.669,0.00417349503753965,10,ech-1.2
3.11281584516564e-05,-2.43150509683225,0.236,0.489,0.470533243155238,10,utp-20
6.01641242450817e-05,-2.43817029805866,0.4,0.555,0.909440902088655,10,asp-3
0.00134905738600484,-2.75638844455175,0.091,0.276,1,10,C01H6.4
1.7592836447538e-07,-2.76367332952871,0.255,0.584,0.00265933315740984,10,maoc-1
2.15328480968657e-05,-2.81712395006479,0.109,0.392,0.325490531832222,10,plin-1
2.82427738226564e-05,-2.84337923442222,0.182,0.449,0.426917769103274,10,ugt-26
0.000232193950968854,-2.91172539756107,0.091,0.316,1,10,slc-17.6
0.000413194588215479,-2.93503865566741,0.073,0.286,1,10,klo-1
1.0281198071171e-08,-2.94459808787492,0.218,0.606,0.000155410590043822,10,apy-1
3.18903435749823e-05,-3.10006695057374,0.218,0.473,0.482054433479432,10,VF13D12L.3
5.42381380783283e-05,-3.1729375500474,0.145,0.394,0.81986369519201,10,Y51F10.7
6.56548590609586e-06,-3.18019181060219,0.164,0.46,0.099243884956545,10,gst-4
9.24270359008895e-07,-3.43099545656029,0.182,0.509,0.0139712707467785,10,cpl-1
1.64643060573013e-05,-3.5480770869509,0.091,0.367,0.248874450362166,10,T16G12.1
0.000387478446974642,-3.81178143763081,0.182,0.381,1,10,ent-2
0.00153020584999601,-3.87509562248649,0.091,0.262,1,10,fbxc-51
0.000840440250181236,-3.96619255253839,0.073,0.259,1,10,ttr-52
0.000316154428322485,-3.96623575508977,0.055,0.269,1,10,endu-2
0.00155656736331199,-4.05278570557379,0.073,0.255,1,10,lys-4
0.00305675388573821,-4.72052649360443,0.127,0.283,1,10,cpr-9
6.44710573871638e-05,-5.07153863524643,0.091,0.332,0.974544503464368,10,clec-63
4.03695474486915e-05,-5.26056789658413,0.182,0.424,0.61022607923442,10,cpz-1
0.000111964449204108,-5.34245043979947,0.073,0.301,1,10,F28B4.3
4.70603480257954e-06,-5.51341136743572,0.218,0.496,0.0711364220757923,10,ttr-50
2.65137507644749e-05,-5.64939974103923,0.036,0.294,0.400781856555803,10,atz-1
5.49894289275704e-05,-5.78982511795835,0.036,0.277,0.831220207669154,10,rnst-2
0.000213985288136946,-5.8040293359061,0.109,0.326,1,10,R11A5.3
1.40905879233694e-05,-8.21133233612765,0.018,0.286,0.212993327049651,10,dao-2
1.13195544214728e-05,-8.28976058401876,0.036,0.31,0.171106384634982,10,clec-196
2.50574798014471e-05,3.00407198666021,0.615,0.542,0.378768864678674,11,ifd-2
0.00849008473566498,1.39998334625071,0.135,0.364,1,11,rfip-1
2.5670933837958e-05,1.36336880778106,0.115,0.49,0.388041835894574,11,dnpp-1
4.44511662401261e-05,1.36239608464867,0.077,0.402,0.671923828885746,11,lmp-2
4.17226237763575e-05,1.35309679193015,0.096,0.438,0.63067918100342,11,cct-1
0.000824854018144978,1.24563486910063,0.135,0.436,1,11,rpoa-1
0.00127057243018105,1.24500369717262,0.058,0.281,1,11,F49E12.10
0.000281230320071787,1.20057409647123,0.231,0.667,1,11,Y54G2A.52
8.90136412778213e-08,1.17167855896032,0.038,0.453,0.00134553020155555,11,R07E5.7
0.00658614933566056,1.08540424738647,0.115,0.339,1,11,W02B12.1
1.52224207920417e-09,1.04631510372946,0.077,0.598,2.30102112692502e-05,11,cisd-3.2
0.0037772194811011,1.01314135791181,0.25,0.623,1,11,C37C3.2
0.000238847428238871,1.00270005780684,0.135,0.471,1,11,dhs-2
5.69188449263285e-08,-1.00036766769034,0.058,0.498,0.000860385259906381,11,utp-20
4.87181487756979e-10,-1.00226143963921,0.135,0.713,7.36423536893449e-06,11,arf-1
2.64349272676012e-08,-1.00297600366658,0.058,0.511,0.000399590360577059,11,pap-1
2.35669450440751e-08,-1.00414844983891,0.058,0.512,0.00035623794128624,11,hrpr-1
1.10718315799119e-09,-1.00946768981877,0.135,0.682,1.67361806161948e-05,11,ech-1.2
1.94938279477513e-09,-1.0182075594761,0.077,0.593,2.94668703258209e-05,11,chch-3
1.40548436510729e-10,-1.01985787810809,0.096,0.661,2.12453016629619e-06,11,nra-4
4.55328369639069e-09,-1.02148413462944,0.096,0.612,6.88274363546417e-05,11,H06I04.3
2.15318896126282e-09,-1.02234296175566,0.096,0.625,3.25476043384487e-05,11,top-1
2.07156823657489e-09,-1.02502260561808,0.115,0.653,3.1313825464066e-05,11,mlc-5
1.20039944354225e-07,-1.02878335152277,0.038,0.447,0.00181452379885847,11,F40E10.6
2.07811365618293e-07,-1.03620398360365,0.038,0.436,0.00314127660268611,11,tres-1
6.8357122949007e-10,-1.03832491097616,0.019,0.498,1.03328627049719e-05,11,hpk-1
1.0373298868619e-07,-1.04192552587886,0.038,0.45,0.00156802785698045,11,C35D10.1
1.81570011863826e-10,-1.04483836532655,0.038,0.552,2.7446122993336e-06,11,C14A4.6
4.3849748196996e-09,-1.05106256364342,0.077,0.576,6.62832793745792e-05,11,Y39A3CL.3
1.18538920764377e-09,-1.0517787348095,0.212,0.793,1.79183432627432e-05,11,his-72
1.90544584104064e-10,-1.052288289634,0.038,0.555,2.88027193331703e-06,11,emc-1
7.94783566235627e-13,-1.05529192658133,0.077,0.693,1.20139483872177e-08,11,C18E9.2
4.63038507935253e-08,-1.05549448586738,0.019,0.427,0.000699929008594929,11,lsm-7
2.7719118051412e-10,-1.06284744267229,0.038,0.548,4.19002188465144e-06,11,sel-2
5.08497796947029e-07,-1.08053570538449,0.038,0.42,0.00768645269865129,11,spat-3
8.23944389819704e-08,-1.08146684224907,0.288,0.784,0.00124547433965146,11,gst-7
7.60596927004354e-11,-1.08297394721569,0.019,0.531,1.14971831485978e-06,11,nduf-9
1.51461236478608e-07,-1.0842801007646,0.019,0.406,0.00228948805061064,11,rpb-4
5.63768269737569e-09,-1.08511490164247,0.058,0.537,8.52192116535309e-05,11,W10G11.19
1.20775525500416e-08,-1.08599031513848,0.308,0.833,0.000182564284346429,11,hsp-3
2.39912604453991e-11,-1.08721725793398,0.077,0.656,3.62651892892652e-07,11,unc-108
4.34164594550178e-08,-1.0875004878679,0.077,0.537,0.000656283201122049,11,hif-1
3.53084136086518e-10,-1.08922119437002,0.077,0.613,5.33721980108381e-06,11,hel-1
6.13336429379583e-10,-1.09236491901302,0.058,0.573,9.27119346650178e-06,11,C05A9.2
0.000146954228610921,-1.09463880946462,0.019,0.261,1,11,ttr-52
2.15168645942487e-10,-1.09834328610046,0.038,0.553,3.25248925206664e-06,11,serp-1.2
1.02478989593533e-08,-1.10308074078524,0.019,0.453,0.000154907240669585,11,vps-2
1.66133082172786e-08,-1.10426862917975,0.077,0.544,0.000251126767012384,11,C50B8.4
1.27041015637929e-07,-1.11155569138124,0.019,0.409,0.00192035199238294,11,cyn-8
9.4783514703628e-11,-1.11564211884514,0.096,0.676,1.43274760826004e-06,11,zip-12
4.37215960633637e-11,-1.11612849733597,0.058,0.61,6.60895646093805e-07,11,yop-1
5.42695627567836e-09,-1.11648750720189,0.019,0.464,8.20338710631541e-05,11,iars-1
2.02473913536506e-08,-1.11908639018876,0.038,0.478,0.000306059567701782,11,R10E4.1
2.11544090398743e-11,-1.12167408029894,0.077,0.661,3.1977004704674e-07,11,vps-20
1.25732865568223e-11,-1.13369567307705,0.038,0.595,1.90057799592925e-07,11,maoc-1
5.16250793660232e-07,-1.15110912821208,0.058,0.457,0.00780364699696807,11,pmp-4
1.50040847637479e-07,-1.15497980596136,0.019,0.406,0.00226801745288814,11,C37A2.8
2.94072026037071e-10,-1.15594908054621,0.077,0.613,4.44519274557636e-06,11,apy-1
2.1617278987925e-07,-1.16258777947956,0.212,0.659,0.00326766789181475,11,W02A2.9
1.36842166599732e-10,-1.16504159578698,0.019,0.523,2.06850619032155e-06,11,cdgs-1
5.09824149935195e-10,-1.16863097317312,0.077,0.611,7.70650185042041e-06,11,vwa-8
7.6408290644632e-11,-1.17747166634025,0.058,0.605,1.15498772138426e-06,11,cup-2
1.37027346286863e-10,-1.1815009342307,0.135,0.73,2.07130536647222e-06,11,gpc-2
2.69562725492214e-08,-1.19346414185879,0.038,0.474,0.00040747101585403,11,snrp-3
5.32006300560554e-07,-1.19408859789014,0.077,0.489,0.00804180723927333,11,let-607
4.46922961610071e-12,-1.19446578342079,0.096,0.72,6.75568748769783e-08,11,pyc-1
1.25605523058032e-08,-1.19781919288504,0.019,0.45,0.000189865308654521,11,iglr-2
1.26784751694146e-09,-1.19988207578964,0.019,0.488,1.91647830660872e-05,11,arl-8
2.2575073920609e-08,-1.20111663523387,0.058,0.513,0.000341244817383925,11,T10B5.3
1.49050121006587e-08,-1.20462178893801,0.038,0.484,0.000225304162913558,11,eif-3.G
2.63575493158254e-08,-1.2048098769265,0.115,0.608,0.000398420715458017,11,wrk-1
1.23883231896182e-10,-1.20603843405199,0.154,0.764,1.87261893334268e-06,11,skr-1
8.55248958227706e-05,-1.21159017534195,0.058,0.336,1,11,mct-4
4.93924630874614e-11,-1.33004810571089,0.077,0.64,7.46616472030067e-07,11,cyn-3
0.00112991195780977,-1.33734522158174,0.25,0.504,1,11,cpl-1
3.06333838435893e-10,-1.41486545604038,0.058,0.585,4.63054230179695e-06,11,dlst-1
9.51885426475166e-07,-1.41643029982944,0.038,0.408,0.0143887001065986,11,tomm-40
2.93514993395225e-08,-1.42774328263538,0.038,0.472,0.000443677264016222,11,sec-11
0.000210837578073036,-1.44827950469815,0.038,0.287,1,11,klo-1
3.61343894821446e-09,-1.4835663240595,0.058,0.539,5.46207431412098e-05,11,his-62
9.17901896929324e-05,-1.54926001958167,0.058,0.335,1,11,F44E5.5
1.9580316359934e-08,-1.65484657090732,0.038,0.479,0.000295976062096763,11,sod-2
0.00216815572509582,-1.76308143272636,0.058,0.255,1,11,lys-4
1.98816320706745e-07,-1.7679668291565,0.019,0.4,0.00300530750380315,11,rbd-1
6.29844188095885e-05,-1.83416229240707,0.154,0.485,0.95207247472574,11,gst-5
6.4674195475968e-07,-1.91740144532373,0.019,0.377,0.00977615138814732,11,F26F12.3
6.92753612044708e-10,-2.06381270241788,0.038,0.534,1.04716635996678e-05,11,csnk-1
7.70841253903511e-07,-2.08369347184926,0.019,0.374,0.0116520363940055,11,pdcd-2
3.4014713873954e-09,-2.12199607381958,0.019,0.472,5.14166414918688e-05,11,eif-3.D
8.68702749907491e-08,-2.34089539332116,0.019,0.415,0.00131313107676016,11,scav-3
1.4562357670016e-08,-2.47890525534169,0.038,0.474,0.000220124598539962,11,F52A8.1
5.69818634461252e-11,-2.54057299651443,0.038,0.572,8.61337847851629e-07,11,B0272.3
4.24492983110026e-06,-2.81793812862897,0.096,0.428,0.0641663593269115,11,cpz-1
0.000125108192443245,-2.97538222431896,0.038,0.292,1,11,ctsa-4.2
3.70991041691364e-10,-3.23898017204868,0.019,0.507,5.60790058620665e-06,11,C16A3.5
0.00128540616468655,-3.76637070080789,0.288,0.491,1,11,ttr-50
9.24303738575924e-05,-3.77350910312954,0.058,0.329,1,11,hil-7
2.63769204596415e-06,-4.00303742688837,0.058,0.387,0.0398713529667941,11,ent-2
3.61749817831605e-14,-4.49158667821941,0.019,0.629,5.46821024634253e-10,11,egl-30
4.56762047907031e-06,-4.56342626594023,0.019,0.331,0.0690441511616268,11,R11A5.3
9.97104125337314e-08,-4.57504047888323,0,0.375,0.00150722259585988,11,C24D10.6
1.37549541413528e-06,-4.9107355137787,0.019,0.354,0.0207919886800689,11,W04A8.4
8.54800221410402e-09,-5.04406581910466,0,0.419,0.000129211601468396,11,erfa-1
1.76344206494183e-06,-5.28607691524674,0,0.32,0.0266561902536607,11,slc-17.6
2.91701570692594e-05,-5.52737518188686,0,0.26,0.440936094258925,11,rsbp-1
4.28743029360794e-05,-5.55753681017246,0,0.252,0.648087963181777,11,F22B7.9
1.51036667226067e-08,-5.65121147067858,0,0.409,0.000228307026178922,11,tlk-1
3.738621990712e-12,-5.82401945731521,0,0.537,5.65130100116026e-08,11,ucr-11
2.17721357349613e-05,-6.20135066524015,0,0.267,0.329107603769675,11,fbxc-51
1.28128808572679e-10,-6.23244137221861,0,0.486,1.93679507038461e-06,11,F17A9.4
1.26289925526636e-05,-6.67350652780429,0,0.279,0.190899851426063,11,rnst-2
1.83508432208637e-13,-6.90521695068669,0,0.577,2.77391346126576e-09,11,B0416.5
5.90255662160329e-06,-7.10002858103179,0,0.295,0.0892230458921554,11,atz-1
1.78828836057142e-05,-7.26442256308402,0,0.271,0.270317668583976,11,cht-1
2.70031853059544e-06,-9.154042219162,0,0.311,0.0408180149084807,11,clec-196
8.87871947020403e-06,-9.17587454312104,0,0.286,0.134210723511604,11,dao-2
1.03320335981169e-139,7.79982083989831,0.886,0.015,1.56179019869135e-135,12,C10C5.5
1.3597223335032e-42,6.02006011660133,0.273,0.004,2.05535627932344e-38,12,F23F12.12
2.2586028652476e-44,5.77874488385265,0.25,0.002,3.41410409110828e-40,12,sdz-5
3.72622143987098e-108,5.7193675301836,0.818,0.023,5.63255632850897e-104,12,lact-5
8.84873594279302e-110,5.64001558608296,0.727,0.013,1.33757492511259e-105,12,F54E7.6
1.02951795810482e-35,5.53204409400987,0.25,0.005,1.55621934547125e-31,12,Y106G6D.1
1.2455759238504e-89,5.48662100728989,0.636,0.014,1.88281256649227e-85,12,fbxb-102
8.83544542111544e-102,5.47022863317542,1,0.054,1.33556592985581e-97,12,C10C5.3
1.66976888467953e-42,5.44608172993621,0.273,0.004,2.52402264608158e-38,12,K09C8.2
1.10053321742153e-39,5.30730012398378,0.273,0.005,1.66356601145438e-35,12,btb-10
3.89891769905137e-109,5.27572544912658,0.773,0.017,5.89360399388605e-105,12,end-1
1.0467962135826e-109,5.13847390319603,0.864,0.026,1.58233715645146e-105,12,btb-6
3.2751848937379e-50,5.10548962529064,0.341,0.006,4.95076948537421e-46,12,set-13
2.68858819033675e-68,5.04509232379231,0.545,0.016,4.06406990851303e-64,12,txt-2
1.55930728828248e-42,4.97672320220372,0.273,0.004,2.35704889696779e-38,12,fbxc-29
9.8850539518939e-75,4.91553519911265,0.591,0.017,1.49422475536828e-70,12,C52E2.3
2.20433163648615e-81,4.90029821386113,0.75,0.032,3.33206770171247e-77,12,C10C5.4
1.30264552632029e-49,4.89735371161703,0.409,0.013,1.96907897758575e-45,12,T05A7.1
9.91148565426561e-87,4.88726774312068,0.659,0.017,1.49822017149879e-82,12,C45E5.1
1.69654123477481e-49,4.88542683352668,0.386,0.011,2.56449173048561e-45,12,Y11D7A.3
7.10551223861914e-33,4.86891824092582,0.409,0.029,1.07406922998967e-28,12,pax-3
3.09032166272649e-104,4.83914298891904,0.841,0.027,4.67133022537736e-100,12,K07B1.4
9.24184894506886e-57,4.83239545688549,1,0.157,1.39699788653661e-52,12,nlp-31
2.73100571326971e-47,4.82406265637667,0.432,0.017,4.1281882361785e-43,12,nlp-2
6.66806053669091e-71,4.7384046912281,0.818,0.054,1.0079440307262e-66,12,swt-3
3.81927468477e-43,4.71565003833252,0.341,0.01,5.77321561349834e-39,12,cest-24
1.85899770853428e-39,4.71485117352057,0.318,0.01,2.81006093622042e-35,12,F18E9.3
8.97654846037119e-38,4.68401350626328,0.318,0.011,1.35689506526971e-33,12,Y45F10B.59
4.34968466204419e-77,4.67555016654119,0.75,0.037,6.574983335146e-73,12,ugt-14
7.66965671364621e-62,4.64934176665274,0.545,0.02,1.15934530883476e-57,12,Y71F9AL.6
3.51056326344777e-33,4.6293816447234,0.273,0.009,5.30656742902765e-29,12,fbxb-3
7.10931719764072e-73,4.56930980569649,0.977,0.092,1.07464438759537e-68,12,Y82E9BR.17
3.04145922062531e-88,4.56208745591234,0.773,0.029,4.59746975789722e-84,12,pqn-62
2.87980230607492e-43,4.55278527063449,0.523,0.035,4.35310916586285e-39,12,Y113G7B.11
3.23564492077508e-54,4.50340507229802,0.545,0.026,4.89100086224361e-50,12,upb-1
4.90531873521806e-63,4.45363646101,0.523,0.017,7.41487980015561e-59,12,zip-7
5.14443200640502e-116,4.44239302965897,0.705,0.009,7.77632342088183e-112,12,acp-2
2.77732214374461e-36,4.44024075939368,0.364,0.017,4.19820015248436e-32,12,Y9C12A.1
1.14470244526142e-69,4.394601208154,1,0.109,1.73033221625716e-65,12,F36A2.3
1.36031384175995e-34,4.39018399957827,0.318,0.013,2.05625040320434e-30,12,C46C11.4
8.21367281552175e-54,4.37057117455584,0.386,0.009,1.24157878279427e-49,12,srw-14
1.56106944413119e-37,4.36018089741799,0.318,0.011,2.35971257174871e-33,12,EEED8.3
9.17538946526677e-100,4.33755124125302,0.864,0.031,1.38695187156973e-95,12,jmjd-3.2
2.6913173267971e-74,4.2600137149238,0.75,0.037,4.0681952711865e-70,12,C08F1.6
2.70083284766042e-31,4.2588077442515,0.409,0.03,4.08257893252349e-27,12,T01D1.8
7.31891779152709e-62,4.19986661739558,0.955,0.11,1.10632761336723e-57,12,C31H2.4
3.11816188320966e-58,4.1868366396029,0.568,0.026,4.71341350265972e-54,12,F17A2.13
4.77041336090402e-104,4.13649545458277,0.932,0.038,7.21095683634252e-100,12,asm-1
1.94432265964246e-43,4.12380625090086,1,0.222,2.93903813231554e-39,12,cht-1
4.06246330560837e-72,4.11730776258953,1,0.097,6.14081953275761e-68,12,C50F2.4
1.89133669972468e-29,4.06269786630109,0.318,0.017,2.85894455530382e-25,12,F15A4.2
8.93486672807641e-34,4.05796170254857,0.364,0.019,1.35059445461603e-29,12,Y37E3.30
1.82207430156463e-88,4.05150656362744,0.909,0.047,2.7542475142451e-84,12,F36H5.4
1.82654770043488e-44,4.02073116503513,0.545,0.037,2.76100950397737e-40,12,prk-2
3.35669660839648e-45,4.01655689614804,0.341,0.009,5.07398259325211e-41,12,R11.4
6.54783312717275e-47,4.01079901160117,1,0.202,9.89770455503433e-43,12,F22B7.9
1.1627500590421e-85,3.9994830543777,0.886,0.047,1.75761298924804e-81,12,tba-9
4.94631241054567e-71,3.93523082391373,0.864,0.058,7.47684583978083e-67,12,dml-1
3.01117537870057e-39,3.92952164962698,0.341,0.012,4.55169270244378e-35,12,C33F10.8
1.55598119637869e-26,3.92053017577859,0.25,0.011,2.35202117644603e-22,12,R04A9.9
1.25943025642782e-62,3.85247017568841,0.955,0.104,1.90375477561629e-58,12,T28C6.10
1.48420741336818e-20,3.75835749586688,0.273,0.02,2.24352792604734e-16,12,nhr-2
3.41278192118698e-40,3.71958741511509,1,0.261,5.15876115206624e-36,12,clec-196
3.72386647516953e-53,3.5916224934769,0.864,0.091,5.62899656386626e-49,12,his-67
9.86401251961604e-42,3.47145484685133,0.568,0.043,1.49104413246516e-37,12,Y71F9AL.25
2.44058542462323e-42,3.43254345692027,0.75,0.088,3.68918892786048e-38,12,F17A9.5
1.25629781236981e-66,3.31443422620765,1,0.096,1.89901977317821e-62,12,fbxb-8
5.76781896188651e-33,3.27244158562753,0.591,0.066,8.71863514278765e-29,12,cdr-7
2.95875187576246e-27,3.2667021494208,0.545,0.069,4.47244933540254e-23,12,Y51H4A.1
1.27851739873515e-50,3.2397679615728,0.727,0.061,1.93260689992805e-46,12,fbxb-66
1.99701960974682e-49,3.21074588659615,0.659,0.047,3.01869484209329e-45,12,zeel-1
3.81766294096569e-46,3.12487607110819,0.545,0.032,5.77077930156374e-42,12,cutl-25
1.21426696618106e-33,3.09960166236499,0.591,0.061,1.83548594607929e-29,12,csc-1
2.73781818032267e-49,3.09684043586597,0.977,0.144,4.13848596137574e-45,12,his-63
2.93105844675706e-56,3.03941710619201,0.818,0.067,4.43058794811797e-52,12,mis-12
3.67560388019556e-28,3.02602388746724,0.523,0.06,5.55604282530361e-24,12,ttbk-6
7.00456133188864e-35,2.9664502000877,0.591,0.06,1.05880949092829e-30,12,Y53F4B.9
1.78005512928925e-24,2.94648612650981,0.409,0.04,2.69073133343364e-20,12,Y71F9AL.7
2.47358480908131e-45,2.90077028553218,0.682,0.058,3.7390707974073e-41,12,T02C1.1
8.11305251915236e-52,2.84807748361886,0.727,0.057,1.22636901879507e-47,12,fbxb-41
6.24370352376861e-48,2.8363945241576,0.932,0.125,9.43798224652864e-44,12,flh-1
1.86874517469069e-39,2.82994576588155,0.932,0.149,2.82479520606245e-35,12,nhr-205
1.33837533334941e-37,2.82291228099331,0.75,0.095,2.02308815389097e-33,12,twk-46
2.48193721637118e-40,2.81394316421748,0.636,0.057,3.75169629626668e-36,12,Y41D4A.3
1.36297541264826e-38,2.79915022105457,0.886,0.139,2.0602736337591e-34,12,F59D6.1
4.52327538529654e-34,2.7884540216946,0.818,0.131,6.83738307241425e-30,12,chaf-1
1.8096369404366e-18,2.72411364921482,0.318,0.032,2.73544719916396e-14,12,sdz-33
2.2223787845879e-42,2.70843168210778,1,0.191,3.35934777078307e-38,12,gba-3
2.45002733564015e-29,2.7072907179488,0.773,0.143,3.70346132055365e-25,12,Y55F3BR.11
3.32929533254282e-41,2.69520134975027,1,0.195,5.03256282467173e-37,12,C07D10.5
1.7186824705525e-22,2.66544080271457,0.455,0.055,2.59796042248716e-18,12,pig-1
6.59463372969042e-45,2.64213462314528,0.818,0.091,9.96844834580005e-41,12,his-8
3.58734757191373e-28,2.60929520661132,0.523,0.057,5.42263458970479e-24,12,capg-2
7.51237178041311e-42,2.57439451632143,0.773,0.083,1.13557011832725e-37,12,pole-4
1.9882463934719e-28,2.55817072497457,0.523,0.057,3.00543324837213e-24,12,hasp-1
2.62104188801897e-43,2.55675973665643,0.795,0.083,3.96196691792947e-39,12,knl-1
3.02781961332417e-34,2.53983800177116,0.818,0.125,4.57685212750082e-30,12,fbxa-14
1.33455610702233e-15,2.51898099000991,0.545,0.123,2.01731501137495e-11,12,nhr-178
7.21142295173068e-35,2.51373152171909,0.614,0.061,1.09007869338361e-30,12,lipl-7
1.07598384744933e-44,2.51302301930105,0.75,0.071,1.62645718380441e-40,12,Y47G6A.31
1.71853107662713e-33,2.49475572386776,1,0.245,2.59773157542956e-29,12,atz-1
3.10439466727482e-29,2.49438483367367,0.614,0.08,4.69260297905261e-25,12,div-1
5.40604230984369e-37,2.48431561563836,1,0.229,8.17177355555972e-33,12,rnst-2
9.53980982910088e-39,2.48141491319943,0.955,0.169,1.44203765376689e-34,12,his-7
5.70389174584347e-33,2.47266301966897,1,0.237,8.62200276301698e-29,12,dao-2
1.45614518963985e-36,2.42177530227153,0.75,0.09,2.20110906865959e-32,12,spdl-1
7.92390060961362e-22,2.40763756731916,0.568,0.09,1.1977768161492e-17,12,T13A10.1
2.16714059130778e-21,2.39021077020615,0.523,0.078,3.27584971782084e-17,12,Y37A1A.3
6.97569080125313e-38,2.37951795999479,1,0.184,1.05444542151742e-33,12,his-18
3.34902134177226e-40,2.37556058861716,0.955,0.163,5.06238066022294e-36,12,ugt-53
1.53076642880945e-45,2.36860398551559,0.932,0.11,2.31390653378836e-41,12,cdk-1
1.21159621745419e-32,2.36755875624821,0.727,0.1,1.83144884230375e-28,12,ztf-29
3.56311234522685e-33,2.33300199248168,0.682,0.085,5.38600062104491e-29,12,cbs-1
2.99093824652459e-46,2.31425329782224,0.886,0.101,4.52110225344658e-42,12,ceh-83
9.94435050871924e-16,2.31418233316608,0.364,0.052,1.503188022898e-11,12,kbp-5
8.84745109308981e-25,2.30632441877648,1,0.545,1.33738070723146e-20,12,maoc-1
4.48163523121609e-23,2.25060039672596,0.636,0.11,6.77443981550624e-19,12,ZK742.3
1.51290562398406e-36,2.24176773327802,0.977,0.18,2.28690814121431e-32,12,his-1
2.64396980910571e-22,2.24158753258048,0.545,0.08,3.99662476344418e-18,12,C09G4.4
4.18431477943476e-34,2.23594218815198,1,0.213,6.32501022059358e-30,12,ttr-52
1.38261828507757e-20,2.22224513190418,0.455,0.061,2.08996579972326e-16,12,him-10
7.71084422875792e-43,2.21876549193665,0.864,0.111,1.16557121361905e-38,12,bath-10
4.47685512225707e-24,2.21046498352076,1,0.618,6.76721420280379e-20,12,W02A2.9
3.53624076125957e-36,2.20400343385406,0.955,0.161,5.34538153471996e-32,12,cnc-10
6.32565283330588e-18,2.16217755272418,0.432,0.062,9.56185682282517e-14,12,fbxb-24
9.13662168667805e-22,2.13087687092015,0.591,0.097,1.38109173415825e-17,12,ttr-35
1.03514439300042e-22,2.12634247305009,1,0.49,1.56472426445944e-18,12,his-62
9.80794859573578e-28,2.12461092731692,0.705,0.111,1.48256950973142e-23,12,cyp-13A1
1.0075951023207e-30,2.10444294317401,0.682,0.088,1.52308075666797e-26,12,tost-1
3.05504076108966e-30,2.0902321776214,0.636,0.078,4.61799961446313e-26,12,mcm-4
5.87514001176076e-33,2.08364847408749,0.977,0.199,8.88086164177757e-29,12,his-5
1.89525837062199e-30,2.06764020089621,1,0.217,2.86487255303221e-26,12,fbxc-51
3.15424350199742e-23,2.06019130546722,1,0.525,4.7679544776193e-19,12,B0416.5
1.22117489280531e-23,2.05904873568402,0.477,0.057,1.84592796796451e-19,12,comt-2
9.35889836774236e-25,2.04582705872345,0.614,0.09,1.41469107726794e-20,12,mes-4
8.66448158746992e-48,2.02470861704247,0.977,0.125,1.30972303676195e-43,12,hcp-6
9.8892176052567e-34,1.98586044109502,0.886,0.148,1.4948541332106e-29,12,M79.2
5.38396271505183e-21,1.98172657563419,0.5,0.072,8.13839804007235e-17,12,spd-1
1.33420125212025e-21,1.97110455601394,0.659,0.131,2.01677861270497e-17,12,comt-4
1.20105411028998e-29,1.96873117115834,0.659,0.085,1.81551339311433e-25,12,aspm-1
1.39745532723549e-05,1.9525568855648,0.25,0.07,0.211239347264917,12,gip-2
1.30035429824513e-13,1.94742590578837,0.432,0.086,1.96561555722734e-09,12,pole-2
6.19868533427393e-11,1.94633804912257,0.295,0.049,9.36993275128847e-07,12,tofu-6
1.60680386227077e-33,1.93664297615553,0.795,0.117,2.4288447182085e-29,12,zen-4
8.5413607309445e-23,1.91223710870728,1,0.366,1.29111208808957e-18,12,dhs-9
3.30605872538162e-25,1.90928326601043,0.705,0.116,4.99743836928686e-21,12,R09F10.8
1.04718855019541e-14,1.90279786072715,0.432,0.076,1.58293021247539e-10,12,lin-54
4.97893747871732e-16,1.8834420812104,0.545,0.114,7.52616189282911e-12,12,R10E9.3
1.3207917857496e-06,1.84864175134904,0.25,0.061,0.019965088633391,12,erh-2
2.2038839041782e-29,1.77351865406765,0.682,0.089,3.33139090955576e-25,12,mdf-2
2.37857744388005e-23,1.76007599745033,0.818,0.171,3.59545766416908e-19,12,unc-129
1.64059117435267e-22,1.75018012154608,0.568,0.084,2.47991761915149e-18,12,rnr-1
1.80544697375754e-16,1.7047015426614,0.455,0.073,2.7291136455319e-12,12,srh-25
1.561594977125e-19,1.68068127232863,0.977,0.566,2.36050696742216e-15,12,apy-1
2.70597264982146e-20,1.67684598340213,1,0.637,4.09034825747011e-16,12,ech-1.2
1.16736123210214e-20,1.62224750326547,1,0.425,1.7645832384456e-16,12,F52A8.1
1.59083514249759e-21,1.6050287019078,0.977,0.36,2.40470640139935e-17,12,cyn-8
2.93188365935955e-19,1.58340346484602,0.705,0.152,4.43183533948789e-15,12,cyp-13B1
3.08786392107388e-19,1.56655238833827,0.977,0.378,4.66761510309528e-15,12,lsm-7
7.05172391252827e-18,1.56529564211399,1,0.383,1.06593858661777e-13,12,cpz-1
2.24025363669183e-09,1.53203904085303,0.273,0.047,3.38636739722337e-05,12,orc-3
5.26835487453506e-24,1.52524219385356,0.886,0.188,7.9636452283472e-20,12,F42F12.3
1.20665396088243e-14,1.49181960341763,0.614,0.156,1.82397812726988e-10,12,smc-4
1.06278880907464e-18,1.47355173155255,0.977,0.428,1.60651156379723e-14,12,dhs-2
2.35225252944181e-11,1.44719665986009,0.341,0.062,3.55566492350424e-07,12,aat-4
4.55822871268391e-20,1.44346598967989,0.886,0.229,6.890218522093e-16,12,C54D10.13
3.7954819423777e-17,1.41825812419281,0.955,0.439,5.73725050409814e-13,12,ncbp-2
4.39907167085995e-18,1.40870210536757,0.955,0.358,6.6496367376719e-14,12,rpb-4
1.03380631466929e-10,1.36448444279786,1,0.746,1.5627016252541e-06,12,gst-7
6.4035306648395e-19,1.35493748693859,0.977,0.525,9.67957695297139e-15,12,C05A9.2
3.02378040766359e-16,1.34889251724668,1,0.562,4.57074646422428e-12,12,vwa-8
6.03080129850011e-12,1.33867028108951,0.318,0.051,9.11615924281276e-08,12,T01G1.2
5.40816416871236e-16,1.3107753119859,1,0.503,8.1749809574256e-12,12,serp-1.2
5.63180083868922e-24,1.29519533148673,0.682,0.114,8.51303014776263e-20,12,poml-2
5.67376321896563e-20,1.27130525136703,0.932,0.243,8.57646048178844e-16,12,klo-1
3.01059975157888e-17,1.26984494830807,1,0.56,4.55082258448664e-13,12,yop-1
1.98559287902854e-16,1.26695602021637,1,0.502,3.00142219593954e-12,12,gbh-1
1.04055678973774e-14,1.24354099687682,1,0.456,1.57290564336757e-10,12,ttr-50
2.25132923806896e-15,1.23591529317482,0.455,0.077,3.40310927626504e-11,12,pri-2
4.22161961293413e-11,1.19458121813158,0.318,0.054,6.38140020691123e-07,12,T21E8.4
2.16790856119058e-17,1.18594301221361,0.955,0.389,3.27701058109567e-13,12,tres-1
4.48781787866684e-16,1.15799245498257,1,0.577,6.78378550539279e-12,12,top-1
6.13714968755242e-12,1.14022118232771,0.386,0.071,9.27691546770424e-08,12,ctf-8
1.39309321914665e-11,1.13622761016577,0.841,0.341,2.10579971006208e-07,12,mrps-6
1.56002785290116e-15,1.07197487108641,1,0.434,2.3581381024454e-11,12,F17A9.4
2.86587035281398e-08,1.07042497772926,0.432,0.12,0.000433204962531361,12,mom-5
6.31883109176849e-12,1.05529864805407,0.909,0.429,9.55154507831724e-08,12,snrp-3
3.31889506472482e-15,1.04858946301003,0.955,0.466,5.01684177983804e-11,12,hrpr-1
1.599472526584e-17,1.04171289103195,0.932,0.349,2.41776267118437e-13,12,plin-1
1.54896984927489e-14,1.03888168930127,0.977,0.466,2.34142282416393e-10,12,T10B5.3
2.50207505676427e-13,1.02053062542144,0.932,0.448,3.78213665580487e-09,12,dnpp-1
5.87830346515755e-12,1.01242596360974,0.864,0.357,8.88564351793216e-08,12,rbd-1
0.000335750675215083,-1.47736184127986,1,0.896,1,12,ctc-1
0.0016302849707857,-1.72981991943563,0.568,0.246,1,12,pbo-4
0.00572686838214254,-1.89733565414219,0.364,0.49,1,12,apm-1
6.73398034362047e-06,-2.51865074465469,0.636,0.665,0.101790846874167,12,nrfl-1
0.00015792182961933,-2.52805913925471,0.227,0.471,1,12,cgt-1
0.00697268767385189,-2.63045959895294,0.136,0.311,1,12,slc-17.6
0.00180768317412875,-2.70561629653835,0.75,0.634,1,12,nlt-1
1.38440586874179e-05,-2.90217706405171,0.591,0.649,0.20926679111901,12,gdh-1
0.000330767421631265,-3.0432192373039,0.295,0.496,1,12,his-35
1.39478554574849e-06,-3.19140013443717,0.932,0.752,0.0210835783095342,12,act-5
5.08624586916874e-06,-3.37854260703483,0.136,0.466,0.0768836925583546,12,mans-2
0.00031348143241852,-3.44859731313124,0.227,0.432,1,12,itr-1
1.57100698325716e-07,-3.57030624561896,0.341,0.604,0.00237473415589152,12,gpa-17
7.31024022898766e-06,-3.73222617460179,0.068,0.405,0.110501591301377,12,gst-36
0.000180559720610351,-3.75093554613331,0.023,0.277,1,12,C01H6.4
9.35513452149387e-06,-3.88848871318111,0.273,0.514,0.141412213426901,12,M01G12.9
3.17175120411642e-06,-3.94309013727562,0.045,0.401,0.0479441912014237,12,lmp-2
1.21156454661411e-06,-4.04222996401827,0.205,0.508,0.0183140096866188,12,ampd-1
0.000158329734001129,-4.06409674400395,0.023,0.281,1,12,aex-5
0.000104537942069616,-4.19024809008411,0.023,0.291,1,12,ptr-24
3.58993600771713e-05,-4.30696353950635,0.068,0.366,0.542654726926521,12,rfip-1
4.48695266020483e-05,-4.35401417757311,0.045,0.334,0.678247764116562,12,T05C3.6
1.34559006127445e-05,-4.73263318945904,0.023,0.342,0.203399393662245,12,W02B12.1
2.80667998149591e-05,-5.32209666906948,0,0.297,0.424257746002922,12,cbl-1
0.000881682330434,-5.41563453755082,0.068,0.284,1,12,cpr-9
6.25375811768762e-07,-5.46205284794267,0.091,0.46,0.0094531807706966,12,gst-4
6.17327001205822e-05,-5.4740529931484,0.023,0.302,0.933151495022721,12,C18A11.3
8.53054462082279e-05,-5.50559300011583,0,0.269,1,12,oac-14
1.02394273423816e-05,-5.54418193401019,0.045,0.366,0.154779183707441,12,T16G12.1
1.35038946011362e-09,-5.94460641758636,0.114,0.567,2.04124870790775e-05,12,ifd-2
2.12991577929206e-06,-5.98687132367701,0.068,0.416,0.0321958069197788,12,R09H10.5
0.00017581708206212,-6.04723781525313,0.045,0.3,1,12,F28B4.3
1.06524345144923e-06,-6.16627653946461,0,0.372,0.0161022200121066,12,M28.8
1.00963206674902e-07,-6.27247519115202,0.023,0.439,0.00152615983209781,12,Y16B4A.2
0.000140059668076586,-6.28121993216291,0,0.256,1,12,lys-4
3.11968640179634e-06,-6.29657057823747,0,0.348,0.0471571796495535,12,T01D3.6
5.25197071290111e-06,-6.34431661909119,0,0.337,0.0793887892962131,12,mct-4
3.4898841345532e-05,-6.41652003019325,0,0.291,0.527530885779061,12,ctsa-4.2
2.5710076533058e-05,-6.50470465520713,0,0.299,0.388633516873705,12,ttr-44
1.95027381045399e-07,-6.5309565867955,0,0.408,0.00294803389188226,12,C12D12.1
2.97381942407029e-06,-6.59165872510807,0,0.349,0.0449522544142466,12,clec-83
8.50762457163496e-07,-6.62434667052336,0.023,0.397,0.0128601253024834,12,Y51F10.7
9.63959943612336e-07,-7.02207652605186,0,0.374,0.0145712185076441,12,ZK1320.2
3.1667641749725e-06,-7.11445124600974,0.068,0.408,0.0478688072688843,12,asp-6
4.02672477616791e-07,-7.14964042805653,0.023,0.412,0.00608679717165542,12,ctsa-3.1
1.02403398730488e-07,-7.15882515327092,0,0.42,0.00154792977521006,12,T19D12.1
6.04247029135264e-06,-7.29210157535896,0,0.333,0.0913379809240865,12,clec-63
2.35545321961299e-13,-7.42162274251523,0.045,0.653,3.560503086767e-09,12,ttr-41
1.05432394493525e-07,-7.59316091751728,0.023,0.438,0.00159371607516412,12,T25C12.3
1.29938923291896e-06,-7.6636940347198,0,0.368,0.019641567644803,12,dod-19
2.54977049590529e-08,-7.67130138819621,0,0.447,0.000385423308161044,12,Y39G8B.9
2.63617002188152e-08,-7.69575254836128,0.023,0.463,0.000398483460507611,12,ctsa-2
3.78859366521448e-08,-7.81709461970181,0,0.44,0.000572683818433821,12,clec-17
0.000119858411537551,-8.0176458411785,0.023,0.286,1,12,ctsa-1.2
4.32426496441635e-10,-8.08031907994389,0.045,0.546,6.53655892021176e-06,12,nep-17
7.55847391666525e-11,-8.2782006201601,0.068,0.584,1.14253891724312e-06,12,Y119D3B.21
3.89415841992103e-09,-8.3964024371772,0,0.482,5.88640986755262e-05,12,irg-7
8.94509768003149e-11,-8.73372001981742,0.045,0.57,1.35214096531356e-06,12,asp-3
4.07706435187888e-12,-8.90240124887113,0.114,0.642,6.16289047430011e-08,12,lec-9
1.94178916213934e-11,-8.98865481303152,0,0.569,2.93520849748982e-07,12,spp-5
1.55500139429845e-11,-9.2295731389486,0.068,0.606,2.35054010762154e-07,12,asp-1
